"id","term","slug","url","status","categories","synonyms","keywords","author","updated_at","image","image_alt","related_terms","internal_links","source_file"
"80s-luxury","80s Luxury","80s-luxury","https://eskyna.com/glossar/80s-luxury/","published","Stil & Wirkung","","80s luxury; 80er luxus; power suit stil","Natalia Kleemann","2026-07-09","https://eskyna.com/images/glossar/80s-luxury.png","Glossar-Illustration zu 80s Luxury","Schulterpolster (https://eskyna.com/glossar/schulterpolster/); Glamoratti (https://eskyna.com/glossar/glamoratti/); Gold (https://eskyna.com/glossar/gold/); Blazer (https://eskyna.com/glossar/blazer/); Executive Presence (https://eskyna.com/glossar/executive-presence/)","https://eskyna.com/glossar/blazer/; https://eskyna.com/glossar/executive-presence/; https://eskyna.com/glossar/glamoratti/; https://eskyna.com/glossar/gold/; https://eskyna.com/glossar/kategorie/stil-wirkung/; https://eskyna.com/glossar/schulterpolster/; https://eskyna.com/praesenz/","content/de/glossar/80s-luxury.md"
"a-linie","A-Linie","a-linie","https://eskyna.com/glossar/a-linie/","published","Schnitt, Proportion & Passform","","a-linie; was bedeutet a-linie; a-linien kleid; a-linien rock","Natalia Kleemann","2026-07-09","https://eskyna.com/images/glossar/a-linie.png","Editoriale Grafik mit stilisierter A-Linie als Kleidform und feinen Proportionslinien","Silhouette (https://eskyna.com/glossar/silhouette/); Proportion (https://eskyna.com/glossar/proportion/); Passform (https://eskyna.com/glossar/passform/); Rocklänge (https://eskyna.com/glossar/rocklange/); Culotte (https://eskyna.com/glossar/culotte/)","https://eskyna.com/glossar/kategorie/schnitt-proportion-passform/; https://eskyna.com/stilfrage/","content/de/glossar/a-linie.md"
"a-linien-kleid","A-Linien-Kleid","a-linien-kleid","https://eskyna.com/glossar/a-linien-kleid/","published","Garderobe & Alltag","","a-linien-kleid; was bedeutet a-linien-kleid; a-linien-kleid stilberatung","Natalia Kleemann","2026-07-09","https://eskyna.com/images/glossar/a-linien-kleid.png","Editoriale Glossar-Grafik zu A-Linien-Kleid mit ruhigen Farbfeldern und feiner Linienführung","Capsule Wardrobe (https://eskyna.com/glossar/capsule-wardrobe/); Garderobenlogik (https://eskyna.com/glossar/garderobenlogik/); Outfit-Formel (https://eskyna.com/glossar/outfit-formel/); Key-Piece (https://eskyna.com/glossar/key-piece/); Fehlkauf (https://eskyna.com/glossar/fehlkauf/)","https://eskyna.com/glossar/capsule-wardrobe/; https://eskyna.com/glossar/fehlkauf/; https://eskyna.com/glossar/garderobenlogik/; https://eskyna.com/glossar/kategorie/garderobe-alltag/; https://eskyna.com/glossar/key-piece/; https://eskyna.com/glossar/outfit-formel/; https://eskyna.com/stilgarderobe/","content/de/glossar/a-linien-kleid.md"
"a-linien-rock","A-Linien-Rock","a-linien-rock","https://eskyna.com/glossar/a-linien-rock/","published","Garderobe & Alltag","","a-linien-rock; was bedeutet a-linien-rock; a-linien-rock stilberatung","Natalia Kleemann","2026-07-09","https://eskyna.com/images/glossar/a-linien-rock.png","Editoriale Glossar-Grafik zu A-Linien-Rock mit ruhigen Farbfeldern und feiner Linienführung","Capsule Wardrobe (https://eskyna.com/glossar/capsule-wardrobe/); Garderobenlogik (https://eskyna.com/glossar/garderobenlogik/); Outfit-Formel (https://eskyna.com/glossar/outfit-formel/); Key-Piece (https://eskyna.com/glossar/key-piece/); Fehlkauf (https://eskyna.com/glossar/fehlkauf/)","https://eskyna.com/glossar/capsule-wardrobe/; https://eskyna.com/glossar/fehlkauf/; https://eskyna.com/glossar/garderobenlogik/; https://eskyna.com/glossar/kategorie/garderobe-alltag/; https://eskyna.com/glossar/key-piece/; https://eskyna.com/glossar/outfit-formel/; https://eskyna.com/stilgarderobe/","content/de/glossar/a-linien-rock.md"
"abendgarderobe","Abendgarderobe","abendgarderobe","https://eskyna.com/glossar/abendgarderobe/","published","Garderobe & Alltag","","abendgarderobe; was bedeutet abendgarderobe; abendgarderobe stilberatung","Natalia Kleemann","2026-07-09","https://eskyna.com/images/glossar/abendgarderobe.png","Editoriale Glossar-Grafik zu Abendgarderobe mit ruhigen Farbfeldern und feiner Linienführung","Capsule Wardrobe (https://eskyna.com/glossar/capsule-wardrobe/); Garderobenlogik (https://eskyna.com/glossar/garderobenlogik/); Outfit-Formel (https://eskyna.com/glossar/outfit-formel/); Key-Piece (https://eskyna.com/glossar/key-piece/); Fehlkauf (https://eskyna.com/glossar/fehlkauf/)","https://eskyna.com/glossar/capsule-wardrobe/; https://eskyna.com/glossar/fehlkauf/; https://eskyna.com/glossar/garderobenlogik/; https://eskyna.com/glossar/kategorie/garderobe-alltag/; https://eskyna.com/glossar/key-piece/; https://eskyna.com/glossar/outfit-formel/; https://eskyna.com/stilgarderobe/","content/de/glossar/abendgarderobe.md"
"abendkleid","Abendkleid","abendkleid","https://eskyna.com/glossar/abendkleid/","published","Dresscodes & Anlässe","","abendkleid; was ist ein abendkleid; festliches kleid","Natalia Kleemann","2026-07-09","https://eskyna.com/images/glossar/abendkleid.png","Editoriale ESKYNA Grafik zum Glossarbegriff Abendkleid mit ruhigen Formen und feinen Farbfeldern","Dresscode (https://eskyna.com/glossar/dresscode/); Cocktailkleid (https://eskyna.com/glossar/cocktailkleid/); Glanzgrad (https://eskyna.com/glossar/glanzgrad/); Seide (https://eskyna.com/glossar/seide/)","https://eskyna.com/glossar/kategorie/dresscodes-anlaesse/; https://eskyna.com/praesenz/","content/de/glossar/abendkleid.md"
"abnaeher","Abnäher","abnaeher","https://eskyna.com/glossar/abnaeher/","published","Schnitt, Proportion & Passform","","abnäher; was bedeutet abnäher; abnäher stilberatung","Natalia Kleemann","2026-07-09","https://eskyna.com/images/glossar/abnaeher.png","Editoriale Glossar-Grafik zu Abnäher mit ruhigen Farbfeldern und feiner Linienführung","Passform (https://eskyna.com/glossar/passform/); Silhouette (https://eskyna.com/glossar/silhouette/); Proportion (https://eskyna.com/glossar/proportion/); Saumlänge (https://eskyna.com/glossar/saumlange/); Taillierung (https://eskyna.com/glossar/taillierung/)","https://eskyna.com/glossar/kategorie/schnitt-proportion-passform/; https://eskyna.com/glossar/passform/; https://eskyna.com/glossar/proportion/; https://eskyna.com/glossar/saumlange/; https://eskyna.com/glossar/silhouette/; https://eskyna.com/glossar/taillierung/; https://eskyna.com/stilfrage/","content/de/glossar/abnaeher.md"
"accessoire","Accessoire","accessoire","https://eskyna.com/glossar/accessoire/","published","Materialien & Details","","accessoire; was ist ein accessoire; accessoires kombinieren; outfit accessoires","Natalia Kleemann","2026-07-09","https://eskyna.com/images/glossar/accessoire.png","Editoriale Grafik mit Tasche, Schmuckkreis, Gürtel und ruhigen Akzentflächen","Feinschmuck (https://eskyna.com/glossar/feinschmuck/); Brille (https://eskyna.com/glossar/brille/); Schal (https://eskyna.com/glossar/schal/); Tote Bag (https://eskyna.com/glossar/tote-bag/); Gürtel (https://eskyna.com/glossar/guertel/); Statement-Piece (https://eskyna.com/glossar/statement-piece/); Outfit-Formel (https://eskyna.com/glossar/outfit-formel/); Kontrast (https://eskyna.com/glossar/kontrast/); Farbtyp (https://eskyna.com/glossar/farbtyp/); Quiet Luxury (https://eskyna.com/glossar/quiet-luxury/); Metallic (https://eskyna.com/glossar/metallic/); Gold (https://eskyna.com/glossar/gold/); Silber (https://eskyna.com/glossar/silber/)","https://eskyna.com/glossar/kategorie/materialien-details/; https://eskyna.com/stilfrage/","content/de/glossar/accessoire.md"
"acetat","Acetat","acetat","https://eskyna.com/glossar/acetat/","published","Materialien & Details","","acetat; was ist acetat; acetat","Natalia Kleemann","2026-07-18","https://eskyna.com/images/glossar/acetat.png","Glossar-Illustration zu Acetat","","","content/de/glossar/acetat.md"
"adaptive-fashion","Adaptive Fashion","adaptive-fashion","https://eskyna.com/glossar/adaptive-fashion/","published","Stil & Wirkung","","adaptive fashion; was ist adaptive fashion; adaptive fashion","Natalia Kleemann","2026-07-18","https://eskyna.com/images/glossar/adaptive-fashion.png","Glossar-Illustration zu Adaptive Fashion","","","content/de/glossar/adaptive-fashion.md"
"adventure-streetwear","Adventure Streetwear","adventure-streetwear","https://eskyna.com/glossar/adventure-streetwear/","published","Stil & Wirkung","","adventure streetwear; utility streetwear; outdoor street style","Natalia Kleemann","2026-07-09","https://eskyna.com/images/glossar/adventure-streetwear.png","Glossar-Illustration zu Adventure Streetwear","Gorpcore (https://eskyna.com/glossar/gorpcore/); Utility Jacket (https://eskyna.com/glossar/utility-jacket/); Khaki (https://eskyna.com/glossar/khaki/); Sneaker (https://eskyna.com/glossar/sneaker/); Pocket Vest (https://eskyna.com/glossar/pocket-vest/)","https://eskyna.com/glossar/gorpcore/; https://eskyna.com/glossar/kategorie/stil-wirkung/; https://eskyna.com/glossar/khaki/; https://eskyna.com/glossar/pocket-vest/; https://eskyna.com/glossar/sneaker/; https://eskyna.com/glossar/utility-jacket/; https://eskyna.com/praesenz/","content/de/glossar/adventure-streetwear.md"
"aktivierung","Aktivierung","aktivierung","https://eskyna.com/glossar/aktivierung/","published","Stil & Wirkung","","aktivierung; was bedeutet aktivierung; aktivierung stilberatung","Natalia Kleemann","2026-07-09","https://eskyna.com/images/glossar/aktivierung.png","Editoriale Glossar-Grafik zu Aktivierung mit ruhigen Farbfeldern und feiner Linienführung","Signature Look (https://eskyna.com/glossar/signature-look/); Wirkung (https://eskyna.com/glossar/wirkung/); Stilberatung (https://eskyna.com/glossar/stilberatung/); Personal Style (https://eskyna.com/glossar/personal-style/); Garderobenlogik (https://eskyna.com/glossar/garderobenlogik/)","https://eskyna.com/glossar/garderobenlogik/; https://eskyna.com/glossar/kategorie/stil-wirkung/; https://eskyna.com/glossar/personal-style/; https://eskyna.com/glossar/signature-look/; https://eskyna.com/glossar/stilberatung/; https://eskyna.com/glossar/wirkung/; https://eskyna.com/praesenz/","content/de/glossar/aktivierung.md"
"akzentfarbe","Akzentfarbe","akzentfarbe","https://eskyna.com/glossar/akzentfarbe/","published","Farbberatung & Farbe","","akzentfarbe; farben kombinieren; farbe als akzent; stilberatung","Natalia Kleemann","2026-07-09","https://eskyna.com/images/glossar/akzentfarbe.png","Editoriale Grafik zum Glossarbegriff Akzentfarbe mit ruhigen Farbfeldern und klarer Linienführung","Farbpalette (https://eskyna.com/glossar/farbpalette/); Statement-Piece (https://eskyna.com/glossar/statement-piece/); Accessoire (https://eskyna.com/glossar/accessoire/); Pink (https://eskyna.com/glossar/pink/); Orange (https://eskyna.com/glossar/orange/); Gelb (https://eskyna.com/glossar/gelb/); Fuchsia (https://eskyna.com/glossar/fuchsia/); Metallic (https://eskyna.com/glossar/metallic/)","https://eskyna.com/glossar/kategorie/farbberatung-farbe/; https://eskyna.com/stilgefuehl/","content/de/glossar/akzentfarbe.md"
"allover-print","Allover-Print","allover-print","https://eskyna.com/glossar/allover-print/","published","Materialien & Details","","allover-print; was bedeutet allover-print; allover-print stilberatung","Natalia Kleemann","2026-07-09","https://eskyna.com/images/glossar/allover-print.png","Editoriale Glossar-Grafik zu Allover-Print mit ruhigen Farbfeldern und feiner Linienführung","Materialfall (https://eskyna.com/glossar/materialfall/); Struktur (https://eskyna.com/glossar/struktur/); Glanzgrad (https://eskyna.com/glossar/glanzgrad/); Accessoire (https://eskyna.com/glossar/accessoire/)","https://eskyna.com/glossar/accessoire/; https://eskyna.com/glossar/glanzgrad/; https://eskyna.com/glossar/kategorie/materialien-details/; https://eskyna.com/glossar/materialfall/; https://eskyna.com/glossar/struktur/; https://eskyna.com/stilfrage/","content/de/glossar/allover-print.md"
"alltagsuniform","Alltagsuniform","alltagsuniform","https://eskyna.com/glossar/alltagsuniform/","published","Garderobe & Alltag","","alltagsuniform; was bedeutet alltagsuniform; alltagsuniform stilberatung","Natalia Kleemann","2026-07-09","https://eskyna.com/images/glossar/alltagsuniform.png","Editoriale Glossar-Grafik zu Alltagsuniform mit ruhigen Farbfeldern und feiner Linienführung","Capsule Wardrobe (https://eskyna.com/glossar/capsule-wardrobe/); Garderobenlogik (https://eskyna.com/glossar/garderobenlogik/); Outfit-Formel (https://eskyna.com/glossar/outfit-formel/); Key-Piece (https://eskyna.com/glossar/key-piece/); Fehlkauf (https://eskyna.com/glossar/fehlkauf/)","https://eskyna.com/glossar/capsule-wardrobe/; https://eskyna.com/glossar/fehlkauf/; https://eskyna.com/glossar/garderobenlogik/; https://eskyna.com/glossar/kategorie/garderobe-alltag/; https://eskyna.com/glossar/key-piece/; https://eskyna.com/glossar/outfit-formel/; https://eskyna.com/stilgarderobe/","content/de/glossar/alltagsuniform.md"
"alpaka","Alpaka","alpaka","https://eskyna.com/glossar/alpaka/","published","Materialien & Details","","alpaka; was ist alpaka; alpaka","Natalia Kleemann","2026-07-18","https://eskyna.com/images/glossar/alpaka.png","Glossar-Illustration zu Alpaka","","","content/de/glossar/alpaka.md"
"analogfarben","Analogfarben","analogfarben","https://eskyna.com/glossar/analogfarben/","published","Farbberatung & Farbe","","analogfarben; was bedeutet analogfarben; analogfarben stilberatung","Natalia Kleemann","2026-07-09","https://eskyna.com/images/glossar/analogfarben.png","Editoriale Glossar-Grafik zu Analogfarben mit ruhigen Farbfeldern und feiner Linienführung","Farbtyp (https://eskyna.com/glossar/farbtyp/); Unterton (https://eskyna.com/glossar/unterton/); Kontrast (https://eskyna.com/glossar/kontrast/); Farbpalette (https://eskyna.com/glossar/farbpalette/); Akzentfarbe (https://eskyna.com/glossar/akzentfarbe/)","https://eskyna.com/glossar/akzentfarbe/; https://eskyna.com/glossar/farbpalette/; https://eskyna.com/glossar/farbtyp/; https://eskyna.com/glossar/kategorie/farbberatung-farbe/; https://eskyna.com/glossar/kontrast/; https://eskyna.com/glossar/unterton/; https://eskyna.com/stilgefuehl/","content/de/glossar/analogfarben.md"
"androgyne-figur","Androgyne Figur","androgyne-figur","https://eskyna.com/glossar/androgyne-figur/","published","Schnitt, Proportion & Passform","","androgyne figur; androgyner körperbau; androgyne frauen merkmale; was bedeutet androgyne figur","Natalia Kleemann","2026-07-09","https://eskyna.com/images/glossar/androgyne-figur.png","Glossar-Illustration zu Androgyne Figur","Körperform (https://eskyna.com/glossar/koerperform/); Silhouette (https://eskyna.com/glossar/silhouette/); Proportion (https://eskyna.com/glossar/proportion/); Androgyner Stil (https://eskyna.com/glossar/androgyner-stil/); Balance (https://eskyna.com/glossar/balance/)","https://eskyna.com/glossar/androgyner-stil/; https://eskyna.com/glossar/balance/; https://eskyna.com/glossar/koerperform/; https://eskyna.com/glossar/proportion/; https://eskyna.com/glossar/silhouette/","content/de/glossar/androgyne-figur.md"
"androgyner-stil","Androgyner Stil","androgyner-stil","https://eskyna.com/glossar/androgyner-stil/","published","Stil & Wirkung","","androgyner stil; was bedeutet androgyner stil; androgyner stil stilberatung","Natalia Kleemann","2026-07-09","https://eskyna.com/images/glossar/androgyner-stil.png","Editoriale Glossar-Grafik zu Androgyner Stil mit ruhigen Farbfeldern und feiner Linienführung","Signature Look (https://eskyna.com/glossar/signature-look/); Wirkung (https://eskyna.com/glossar/wirkung/); Personal Style (https://eskyna.com/glossar/personal-style/); Garderobenlogik (https://eskyna.com/glossar/garderobenlogik/)","https://eskyna.com/glossar/garderobenlogik/; https://eskyna.com/glossar/kategorie/stil-wirkung/; https://eskyna.com/glossar/personal-style/; https://eskyna.com/glossar/signature-look/; https://eskyna.com/glossar/wirkung/; https://eskyna.com/praesenz/","content/de/glossar/androgyner-stil.md"
"animal-print","Animal Print","animal-print","https://eskyna.com/glossar/animal-print/","published","Materialien & Details","","animal print; was bedeutet animal print; animal print stilberatung","Natalia Kleemann","2026-07-09","https://eskyna.com/images/glossar/animal-print.png","Editoriale Glossar-Grafik zu Animal Print mit ruhigen Farbfeldern und feiner Linienführung","Materialfall (https://eskyna.com/glossar/materialfall/); Struktur (https://eskyna.com/glossar/struktur/); Glanzgrad (https://eskyna.com/glossar/glanzgrad/); Accessoire (https://eskyna.com/glossar/accessoire/)","https://eskyna.com/glossar/accessoire/; https://eskyna.com/glossar/glanzgrad/; https://eskyna.com/glossar/kategorie/materialien-details/; https://eskyna.com/glossar/materialfall/; https://eskyna.com/glossar/struktur/; https://eskyna.com/stilfrage/","content/de/glossar/animal-print.md"
"ankle-boots","Ankle Boots","ankle-boots","https://eskyna.com/glossar/ankle-boots/","published","Garderobe & Alltag","","ankle boots; was bedeutet ankle boots; ankle boots stilberatung","Natalia Kleemann","2026-07-09","https://eskyna.com/images/glossar/ankle-boots.png","Editoriale Glossar-Grafik zu Ankle Boots mit ruhigen Farbfeldern und feiner Linienführung","Capsule Wardrobe (https://eskyna.com/glossar/capsule-wardrobe/); Garderobenlogik (https://eskyna.com/glossar/garderobenlogik/); Outfit-Formel (https://eskyna.com/glossar/outfit-formel/); Key-Piece (https://eskyna.com/glossar/key-piece/); Fehlkauf (https://eskyna.com/glossar/fehlkauf/)","https://eskyna.com/glossar/capsule-wardrobe/; https://eskyna.com/glossar/fehlkauf/; https://eskyna.com/glossar/garderobenlogik/; https://eskyna.com/glossar/kategorie/garderobe-alltag/; https://eskyna.com/glossar/key-piece/; https://eskyna.com/glossar/outfit-formel/; https://eskyna.com/stilgarderobe/","content/de/glossar/ankle-boots.md"
"anlassgarderobe","Anlassgarderobe","anlassgarderobe","https://eskyna.com/glossar/anlassgarderobe/","published","Garderobe & Alltag","","anlassgarderobe; garderobe für anlässe; outfits für anlässe; kleiderschrank planen","Natalia Kleemann","2026-07-09","https://eskyna.com/images/glossar/anlassgarderobe.png","Editoriale Grafik mit drei Outfit-Kapseln für Alltag, Business und Event","Dresscode (https://eskyna.com/glossar/dresscode/); Smart Casual (https://eskyna.com/glossar/smart-casual/); Capsule Wardrobe (https://eskyna.com/glossar/capsule-wardrobe/); Outfit-Formel (https://eskyna.com/glossar/outfit-formel/); Key-Piece (https://eskyna.com/glossar/key-piece/)","https://eskyna.com/glossar/kategorie/garderobe-alltag/; https://eskyna.com/stilgarderobe/","content/de/glossar/anlassgarderobe.md"
"anthrazit","Anthrazit","anthrazit","https://eskyna.com/glossar/anthrazit/","published","Farb-Lexikon","","anthrazit kleidung; anthrazit kombinieren; dunkelgrau; neutrale farben","Natalia Kleemann","2026-07-09","https://eskyna.com/images/glossar/anthrazit.png","Editoriale Grafik zu Anthrazit mit Farbfeldern, Materialflächen und ruhigen Kombinationsakzenten","Grau (https://eskyna.com/glossar/grau/); Schwarz (https://eskyna.com/glossar/schwarz/); Navy (https://eskyna.com/glossar/navy/); Neutrale Farben (https://eskyna.com/glossar/neutrale-farben/); Kontrast (https://eskyna.com/glossar/kontrast/)","https://eskyna.com/glossar/kategorie/farb-lexikon/; https://eskyna.com/stilgefuehl/","content/de/glossar/anthrazit.md"
"anzughose","Anzughose","anzughose","https://eskyna.com/glossar/anzughose/","published","Garderobe & Alltag","","anzughose; was ist eine anzughose; anzughose kombinieren","Natalia Kleemann","2026-07-09","https://eskyna.com/images/glossar/anzughose.png","Editoriale Grafik zu Anzughose mit ruhigen Formen, Stofflinien und ESKYNA Farbwelt","Stoffhose (https://eskyna.com/glossar/stoffhose/); Bundfaltenhose (https://eskyna.com/glossar/bundfaltenhose/); Business Casual (https://eskyna.com/glossar/business-casual/); Blazer (https://eskyna.com/glossar/blazer/); Loafer (https://eskyna.com/glossar/loafer/)","https://eskyna.com/glossar/kategorie/garderobe-alltag/; https://eskyna.com/stilgarderobe/","content/de/glossar/anzughose.md"
"anzugjacke","Anzugjacke","anzugjacke","https://eskyna.com/glossar/anzugjacke/","published","Garderobe & Alltag","","anzugjacke; was bedeutet anzugjacke; anzugjacke stilberatung","Natalia Kleemann","2026-07-09","https://eskyna.com/images/glossar/anzugjacke.png","Editoriale Glossar-Grafik zu Anzugjacke mit ruhigen Farbfeldern und feiner Linienführung","Capsule Wardrobe (https://eskyna.com/glossar/capsule-wardrobe/); Garderobenlogik (https://eskyna.com/glossar/garderobenlogik/); Outfit-Formel (https://eskyna.com/glossar/outfit-formel/); Key-Piece (https://eskyna.com/glossar/key-piece/); Fehlkauf (https://eskyna.com/glossar/fehlkauf/)","https://eskyna.com/glossar/capsule-wardrobe/; https://eskyna.com/glossar/fehlkauf/; https://eskyna.com/glossar/garderobenlogik/; https://eskyna.com/glossar/kategorie/garderobe-alltag/; https://eskyna.com/glossar/key-piece/; https://eskyna.com/glossar/outfit-formel/; https://eskyna.com/stilgarderobe/","content/de/glossar/anzugjacke.md"
"apricot-und-pfirsich","Apricot und Pfirsich","apricot-und-pfirsich","https://eskyna.com/glossar/apricot-und-pfirsich/","published","Farb-Lexikon","","apricot bedeutung; pfirsich farbe; apricot pfirsich unterschied","Natalia Kleemann","2026-07-18","https://eskyna.com/images/glossar/apricot-und-pfirsich.png","Glossar-Illustration zu Apricot und Pfirsich","Koralle (https://eskyna.com/glossar/koralle/); Puderrosa und Altrosa (https://eskyna.com/glossar/puderrosa-und-altrosa/); Creme (https://eskyna.com/glossar/creme/); Salbeigrün (https://eskyna.com/glossar/salbeigruen/)","https://eskyna.com/glossar/cognac/; https://eskyna.com/glossar/hellblau/","content/de/glossar/apricot-und-pfirsich.md"
"argyle-rautenmuster","Argyle/Rautenmuster","argyle-rautenmuster","https://eskyna.com/glossar/argyle-rautenmuster/","published","Farbberatung & Farbe","","argyle rautenmuster; was ist argyle/rautenmuster; argyle/rautenmuster","Natalia Kleemann","2026-07-18","https://eskyna.com/images/glossar/argyle-rautenmuster.png","Glossar-Illustration zu Argyle/Rautenmuster","","","content/de/glossar/argyle-rautenmuster.md"
"aermellaenge","Ärmellänge","aermellaenge","https://eskyna.com/glossar/aermellaenge/","published","Schnitt, Proportion & Passform","","ärmellänge; was bedeutet ärmellänge; ärmellänge stilberatung","Natalia Kleemann","2026-07-09","https://eskyna.com/images/glossar/aermellaenge.png","Editoriale Glossar-Grafik zu Ärmellänge mit ruhigen Farbfeldern und feiner Linienführung","Passform (https://eskyna.com/glossar/passform/); Silhouette (https://eskyna.com/glossar/silhouette/); Proportion (https://eskyna.com/glossar/proportion/); Saumlänge (https://eskyna.com/glossar/saumlange/); Taillierung (https://eskyna.com/glossar/taillierung/)","https://eskyna.com/glossar/kategorie/schnitt-proportion-passform/; https://eskyna.com/glossar/passform/; https://eskyna.com/glossar/proportion/; https://eskyna.com/glossar/saumlange/; https://eskyna.com/glossar/silhouette/; https://eskyna.com/glossar/taillierung/; https://eskyna.com/stilfrage/","content/de/glossar/aermellaenge.md"
"armreif","Armreif","armreif","https://eskyna.com/glossar/armreif/","published","Materialien & Details","","armreif; was bedeutet armreif; armreif stilberatung","Natalia Kleemann","2026-07-09","https://eskyna.com/images/glossar/armreif.png","Editoriale Glossar-Grafik zu Armreif mit ruhigen Farbfeldern und feiner Linienführung","Materialfall (https://eskyna.com/glossar/materialfall/); Struktur (https://eskyna.com/glossar/struktur/); Glanzgrad (https://eskyna.com/glossar/glanzgrad/); Accessoire (https://eskyna.com/glossar/accessoire/)","https://eskyna.com/glossar/accessoire/; https://eskyna.com/glossar/glanzgrad/; https://eskyna.com/glossar/kategorie/materialien-details/; https://eskyna.com/glossar/materialfall/; https://eskyna.com/glossar/struktur/; https://eskyna.com/stilfrage/","content/de/glossar/armreif.md"
"art-deco-evening-neo-deco","Art Deco Evening","art-deco-evening-neo-deco","https://eskyna.com/glossar/art-deco-evening-neo-deco/","published","Anlass & Dresscodes","","art deco evening bedeutung; neo deco styling; geometrischer glamour","Natalia Kleemann","2026-07-17","https://eskyna.com/images/glossar/art-deco-evening-neo-deco.png","Glossar-Illustration zu Art Deco Evening","Abendgarderobe (https://eskyna.com/glossar/abendgarderobe/); Samt (https://eskyna.com/glossar/samt/); Satin (https://eskyna.com/glossar/satin/); Metallic (https://eskyna.com/glossar/metallic/); Statement Schmuck (https://eskyna.com/glossar/statement-schmuck/)","https://eskyna.com/glossar/abendgarderobe/; https://eskyna.com/glossar/metallic/; https://eskyna.com/glossar/samt/; https://eskyna.com/glossar/satin/; https://eskyna.com/glossar/statement-schmuck/","content/de/glossar/art-deco-evening-neo-deco.md"
"athleisure","Athleisure","athleisure","https://eskyna.com/glossar/athleisure/","published","Stil & Wirkung","","athleisure; was ist athleisure; athleisure","Natalia Kleemann","2026-07-18","https://eskyna.com/images/glossar/athleisure.png","Glossar-Illustration zu Athleisure","","","content/de/glossar/athleisure.md"
"atmungsaktivitaet","Atmungsaktivität","atmungsaktivitaet","https://eskyna.com/glossar/atmungsaktivitaet/","published","Materialien & Details","","atmungsaktivität; was bedeutet atmungsaktivität; atmungsaktivität stilberatung","Natalia Kleemann","2026-07-09","https://eskyna.com/images/glossar/atmungsaktivitaet.png","Editoriale Glossar-Grafik zu Atmungsaktivität mit ruhigen Farbfeldern und feiner Linienführung","Materialfall (https://eskyna.com/glossar/materialfall/); Struktur (https://eskyna.com/glossar/struktur/); Glanzgrad (https://eskyna.com/glossar/glanzgrad/); Accessoire (https://eskyna.com/glossar/accessoire/); Qualität (https://eskyna.com/glossar/qualitaet/)","https://eskyna.com/glossar/accessoire/; https://eskyna.com/glossar/glanzgrad/; https://eskyna.com/glossar/kategorie/materialien-details/; https://eskyna.com/glossar/materialfall/; https://eskyna.com/glossar/qualitaet/; https://eskyna.com/glossar/struktur/; https://eskyna.com/stilfrage/","content/de/glossar/atmungsaktivitaet.md"
"aubergine","Aubergine","aubergine","https://eskyna.com/glossar/aubergine/","published","Farb-Lexikon","","aubergine farbe bedeutung; aubergine kombinieren; dunkles violett styling","Natalia Kleemann","2026-07-18","https://eskyna.com/images/glossar/aubergine.png","Glossar-Illustration zu Aubergine","Violett (https://eskyna.com/glossar/violett/); Bordeaux (https://eskyna.com/glossar/bordeaux/); Mauve (https://eskyna.com/glossar/mauve/); Tannengrün (https://eskyna.com/glossar/tannengruen/)","https://eskyna.com/glossar/blazer/; https://eskyna.com/glossar/ecru/; https://eskyna.com/glossar/mantel/; https://eskyna.com/glossar/petrol/","content/de/glossar/aubergine.md"
"auftreten","Auftreten","auftreten","https://eskyna.com/glossar/auftreten/","published","Stil & Wirkung","","auftreten; auftreten wirkung; professionelles auftreten","Natalia Kleemann","2026-07-09","https://eskyna.com/images/glossar/auftreten.png","Glossar-Illustration zu Auftreten","Präsenz (https://eskyna.com/glossar/praesenz/); Wirkung (https://eskyna.com/glossar/wirkung/); Image (https://eskyna.com/glossar/image/); First Impression (https://eskyna.com/glossar/first-impression/); Executive Presence (https://eskyna.com/glossar/executive-presence/)","https://eskyna.com/glossar/executive-presence/; https://eskyna.com/glossar/first-impression/; https://eskyna.com/glossar/image/; https://eskyna.com/glossar/kategorie/stil-wirkung/; https://eskyna.com/glossar/praesenz/; https://eskyna.com/glossar/wirkung/; https://eskyna.com/praesenz/","content/de/glossar/auftreten.md"
"ausschnittwirkung","Ausschnittwirkung","ausschnittwirkung","https://eskyna.com/glossar/ausschnittwirkung/","published","Schnitt, Proportion & Passform","","ausschnittwirkung; ausschnitt gesicht hals wirkung; v ausschnitt rundhals wirkung","Natalia Kleemann","2026-07-09","https://eskyna.com/images/glossar/ausschnittwirkung.png","Glossar-Illustration zu Ausschnittwirkung","Gesichtsrahmung (https://eskyna.com/glossar/gesichtsrahmung/); V-Ausschnitt (https://eskyna.com/glossar/v-ausschnitt/); Rundhalsausschnitt (https://eskyna.com/glossar/rundhalsausschnitt/); U-Boot-Ausschnitt (https://eskyna.com/glossar/u-boot-ausschnitt/); Stehkragen (https://eskyna.com/glossar/stehkragen/)","https://eskyna.com/glossar/gesichtsrahmung/; https://eskyna.com/glossar/kategorie/schnitt-proportion-passform/; https://eskyna.com/glossar/rundhalsausschnitt/; https://eskyna.com/glossar/stehkragen/; https://eskyna.com/glossar/u-boot-ausschnitt/; https://eskyna.com/glossar/v-ausschnitt/; https://eskyna.com/stilfrage/","content/de/glossar/ausschnittwirkung.md"
"ausstrahlung","Ausstrahlung","ausstrahlung","https://eskyna.com/glossar/ausstrahlung/","published","Stil & Wirkung","","ausstrahlung; was bedeutet ausstrahlung; ausstrahlung stilberatung","Natalia Kleemann","2026-07-09","https://eskyna.com/images/glossar/ausstrahlung.png","Editoriale Glossar-Grafik zu Ausstrahlung mit ruhigen Farbfeldern und feiner Linienführung","Signature Look (https://eskyna.com/glossar/signature-look/); Wirkung (https://eskyna.com/glossar/wirkung/); Stilberatung (https://eskyna.com/glossar/stilberatung/); Personal Style (https://eskyna.com/glossar/personal-style/); Garderobenlogik (https://eskyna.com/glossar/garderobenlogik/)","https://eskyna.com/glossar/garderobenlogik/; https://eskyna.com/glossar/kategorie/stil-wirkung/; https://eskyna.com/glossar/personal-style/; https://eskyna.com/glossar/signature-look/; https://eskyna.com/glossar/stilberatung/; https://eskyna.com/glossar/wirkung/; https://eskyna.com/praesenz/","content/de/glossar/ausstrahlung.md"
"avantgarde","Avantgarde","avantgarde","https://eskyna.com/glossar/avantgarde/","published","Stil & Wirkung","","avantgarde; was ist avantgarde; avantgarde","Natalia Kleemann","2026-07-18","https://eskyna.com/images/glossar/avantgarde.png","Glossar-Illustration zu Avantgarde","","","content/de/glossar/avantgarde.md"
"balance","Balance","balance","https://eskyna.com/glossar/balance/","published","Stil & Wirkung","","balance; was bedeutet balance; balance stilberatung","Natalia Kleemann","2026-07-09","https://eskyna.com/images/glossar/balance.png","Editoriale Glossar-Grafik zu Balance mit ruhigen Farbfeldern und feiner Linienführung","Signature Look (https://eskyna.com/glossar/signature-look/); Wirkung (https://eskyna.com/glossar/wirkung/); Stilberatung (https://eskyna.com/glossar/stilberatung/); Personal Style (https://eskyna.com/glossar/personal-style/); Garderobenlogik (https://eskyna.com/glossar/garderobenlogik/)","https://eskyna.com/glossar/garderobenlogik/; https://eskyna.com/glossar/kategorie/stil-wirkung/; https://eskyna.com/glossar/personal-style/; https://eskyna.com/glossar/signature-look/; https://eskyna.com/glossar/stilberatung/; https://eskyna.com/glossar/wirkung/; https://eskyna.com/praesenz/","content/de/glossar/balance.md"
"ballerina","Ballerina","ballerina","https://eskyna.com/glossar/ballerina/","published","Garderobe & Alltag","","ballerina; was ist eine ballerina; ballerinas kombinieren","Natalia Kleemann","2026-07-09","https://eskyna.com/images/glossar/ballerina.png","Editoriale Grafik mit stilisiertem Ballerina-Schuh, flacher Form und feiner Schleife","Slingback (https://eskyna.com/glossar/slingback/); Loafer (https://eskyna.com/glossar/loafer/); Smart Casual (https://eskyna.com/glossar/smart-casual/); Jeans (https://eskyna.com/glossar/jeans/); Kleid (https://eskyna.com/glossar/wickelkleid/)","https://eskyna.com/glossar/kategorie/garderobe-alltag/; https://eskyna.com/stilgarderobe/","content/de/glossar/ballerina.md"
"balletcore","Balletcore","balletcore","https://eskyna.com/glossar/balletcore/","published","Stil & Wirkung","","balletcore; balletcore style; ballett ästhetik","Natalia Kleemann","2026-07-09","https://eskyna.com/images/glossar/balletcore.png","Glossar-Illustration zu Balletcore","Ballerina (https://eskyna.com/glossar/ballerina/); Wickeloberteil (https://eskyna.com/glossar/wickeloberteil/); Rosa (https://eskyna.com/glossar/rosa/); Romantisch (https://eskyna.com/glossar/romantisch/); Femininer Stil (https://eskyna.com/glossar/femininer-stil/)","https://eskyna.com/glossar/ballerina/; https://eskyna.com/glossar/femininer-stil/; https://eskyna.com/glossar/kategorie/stil-wirkung/; https://eskyna.com/glossar/romantisch/; https://eskyna.com/glossar/rosa/; https://eskyna.com/glossar/wickeloberteil/; https://eskyna.com/praesenz/","content/de/glossar/balletcore.md"
"ballonaermel","Ballonärmel","ballonaermel","https://eskyna.com/glossar/ballonaermel/","published","Schnitt, Proportion & Passform","","ballonärmel; was bedeutet ballonärmel; ballonärmel stilberatung","Natalia Kleemann","2026-07-09","https://eskyna.com/images/glossar/ballonaermel.png","Editoriale Glossar-Grafik zu Ballonärmel mit ruhigen Farbfeldern und feiner Linienführung","Passform (https://eskyna.com/glossar/passform/); Silhouette (https://eskyna.com/glossar/silhouette/); Proportion (https://eskyna.com/glossar/proportion/); Saumlänge (https://eskyna.com/glossar/saumlange/); Taillierung (https://eskyna.com/glossar/taillierung/)","https://eskyna.com/glossar/kategorie/schnitt-proportion-passform/; https://eskyna.com/glossar/passform/; https://eskyna.com/glossar/proportion/; https://eskyna.com/glossar/saumlange/; https://eskyna.com/glossar/silhouette/; https://eskyna.com/glossar/taillierung/; https://eskyna.com/stilfrage/","content/de/glossar/ballonaermel.md"
"ballonhose-balloon-trousers","Ballonhose","ballonhose-balloon-trousers","https://eskyna.com/glossar/ballonhose-balloon-trousers/","published","Hosen","","ballonhose bedeutung; balloon trousers styling; voluminöse hose kombinieren","Natalia Kleemann","2026-07-17","https://eskyna.com/images/glossar/ballonhose-balloon-trousers.png","Glossar-Illustration zu Ballonhose","Barrel Leg (https://eskyna.com/glossar/barrel-leg/); Wide Leg (https://eskyna.com/glossar/wide-leg/); Stoffhose (https://eskyna.com/glossar/stoffhose/); Proportion (https://eskyna.com/glossar/proportion/); Silhouette (https://eskyna.com/glossar/silhouette/)","https://eskyna.com/glossar/barrel-leg/; https://eskyna.com/glossar/cropped/; https://eskyna.com/glossar/proportion/; https://eskyna.com/glossar/silhouette/; https://eskyna.com/glossar/stoffhose/; https://eskyna.com/glossar/tanktop/; https://eskyna.com/glossar/wide-leg/","content/de/glossar/ballonhose-balloon-trousers.md"
"ballonsaum","Ballonsaum","ballonsaum","https://eskyna.com/glossar/ballonsaum/","published","Kleider & Röcke","","ballonsaum; was ist ein ballonsaum; ballonsaum styling","Natalia Kleemann","2026-07-12","https://eskyna.com/images/glossar/ballonsaum.png","Glossar-Illustration zu Ballonsaum","Rock (https://eskyna.com/glossar/rock/); Kleid (https://eskyna.com/glossar/kleid/); Minirock (https://eskyna.com/glossar/minirock/); Volumen (https://eskyna.com/glossar/volumen/); Silhouette (https://eskyna.com/glossar/silhouette/)","https://eskyna.com/glossar/kleid/; https://eskyna.com/glossar/minirock/; https://eskyna.com/glossar/rock/; https://eskyna.com/glossar/silhouette/; https://eskyna.com/glossar/volumen/","content/de/glossar/ballonsaum.md"
"barrel-leg","Barrel Leg","barrel-leg","https://eskyna.com/glossar/barrel-leg/","published","Garderobe & Alltag","","barrel leg; was bedeutet barrel leg; barrel leg jeans","Natalia Kleemann","2026-07-09","https://eskyna.com/images/glossar/barrel-leg.png","Editoriale Grafik zu Barrel Leg mit ruhigen Formen, Stofflinien und ESKYNA Farbwelt","Silhouette (https://eskyna.com/glossar/silhouette/); Tapered Fit (https://eskyna.com/glossar/tapered-fit/); Jeans (https://eskyna.com/glossar/jeans/); Chinos (https://eskyna.com/glossar/chinos/); Basic (https://eskyna.com/glossar/basic/)","https://eskyna.com/glossar/kategorie/garderobe-alltag/; https://eskyna.com/stilgarderobe/","content/de/glossar/barrel-leg.md"
"basic","Basic","basic","https://eskyna.com/glossar/basic/","published","Garderobe & Alltag","","basic kleidung; was ist ein basic; garderobe basics; basics kombinieren","Natalia Kleemann","2026-07-09","https://eskyna.com/images/glossar/basic.png","Editoriale Grafik mit schlichtem Shirt, ruhigem Farbfeld und klaren Garderobenlinien","Capsule Wardrobe (https://eskyna.com/glossar/capsule-wardrobe/); Key-Piece (https://eskyna.com/glossar/key-piece/); Garderobenlogik (https://eskyna.com/glossar/garderobenlogik/); Outfit-Formel (https://eskyna.com/glossar/outfit-formel/); Fehlkauf (https://eskyna.com/glossar/fehlkauf/)","https://eskyna.com/glossar/kategorie/garderobe-alltag/; https://eskyna.com/stilgarderobe/","content/de/glossar/basic.md"
"batik","Batik","batik","https://eskyna.com/glossar/batik/","published","Materialien & Details","","batik; was bedeutet batik; batik stilberatung","Natalia Kleemann","2026-07-09","https://eskyna.com/images/glossar/batik.png","Editoriale Glossar-Grafik zu Batik mit ruhigen Farbfeldern und feiner Linienführung","Materialfall (https://eskyna.com/glossar/materialfall/); Struktur (https://eskyna.com/glossar/struktur/); Glanzgrad (https://eskyna.com/glossar/glanzgrad/); Accessoire (https://eskyna.com/glossar/accessoire/)","https://eskyna.com/glossar/accessoire/; https://eskyna.com/glossar/glanzgrad/; https://eskyna.com/glossar/kategorie/materialien-details/; https://eskyna.com/glossar/materialfall/; https://eskyna.com/glossar/struktur/; https://eskyna.com/stilfrage/","content/de/glossar/batik.md"
"baumwolle","Baumwolle","baumwolle","https://eskyna.com/glossar/baumwolle/","published","Materialien & Details","","baumwolle; was ist baumwolle; baumwolle kleidung; baumwollstoff","Natalia Kleemann","2026-07-09","https://eskyna.com/images/glossar/baumwolle.png","Editoriale Grafik mit Baumwollblüte, gewebtem Stoff und neutralen Farbfeldern","Leinen (https://eskyna.com/glossar/leinen/); Viskose (https://eskyna.com/glossar/viskose/); Denim (https://eskyna.com/glossar/denim/); Struktur (https://eskyna.com/glossar/struktur/); Materialfall (https://eskyna.com/glossar/materialfall/)","https://eskyna.com/glossar/kategorie/materialien-details/; https://eskyna.com/stilfrage/","content/de/glossar/baumwolle.md"
"beach-formal","Beach Formal","beach-formal","https://eskyna.com/glossar/beach-formal/","published","Garderobe & Alltag","","beach formal; strandhochzeit dresscode; formal am strand","Natalia Kleemann","2026-07-09","https://eskyna.com/images/glossar/beach-formal.png","Glossar-Illustration zu Beach Formal","Garden Party Attire (https://eskyna.com/glossar/garden-party-attire/); Resort Casual (https://eskyna.com/glossar/resort-casual/); Festliche Kleidung (https://eskyna.com/glossar/festliche-kleidung/); Dresscode (https://eskyna.com/glossar/dresscode/); Hochzeit als Gast (https://eskyna.com/glossar/hochzeit-als-gast/)","https://eskyna.com/glossar/dresscode/; https://eskyna.com/glossar/festliche-kleidung/; https://eskyna.com/glossar/garden-party-attire/; https://eskyna.com/glossar/hochzeit-als-gast/; https://eskyna.com/glossar/kategorie/garderobe-alltag/; https://eskyna.com/glossar/resort-casual/; https://eskyna.com/stilgarderobe/","content/de/glossar/beach-formal.md"
"beaded-bag","Beaded Bag","beaded-bag","https://eskyna.com/glossar/beaded-bag/","published","Materialien & Details","","beaded bag; perlentasche; tasche mit perlen","Natalia Kleemann","2026-07-09","https://eskyna.com/images/glossar/beaded-bag.png","Glossar-Illustration zu Beaded Bag","Clutch (https://eskyna.com/glossar/clutch/); Summer Clutch (https://eskyna.com/glossar/summer-clutch/); Statement-Schmuck (https://eskyna.com/glossar/statement-schmuck/); Festliche Kleidung (https://eskyna.com/glossar/festliche-kleidung/); Cocktail Attire (https://eskyna.com/glossar/cocktail-attire/)","https://eskyna.com/glossar/clutch/; https://eskyna.com/glossar/cocktail-attire/; https://eskyna.com/glossar/festliche-kleidung/; https://eskyna.com/glossar/kategorie/materialien-details/; https://eskyna.com/glossar/statement-schmuck/; https://eskyna.com/glossar/summer-clutch/; https://eskyna.com/stilfrage/","content/de/glossar/beaded-bag.md"
"beerentoene","Beerentöne","beerentoene","https://eskyna.com/glossar/beerentoene/","published","Farb-Lexikon","","beerentöne bedeutung; berry tones styling; beerentöne kombinieren","Natalia Kleemann","2026-07-18","https://eskyna.com/images/glossar/beerentoene.png","Glossar-Illustration zu Beerentöne","Mauve (https://eskyna.com/glossar/mauve/); Aubergine (https://eskyna.com/glossar/aubergine/); Bordeaux (https://eskyna.com/glossar/bordeaux/); Violett (https://eskyna.com/glossar/violett/)","https://eskyna.com/glossar/grau/; https://eskyna.com/glossar/navy/; https://eskyna.com/glossar/tannengruen/","content/de/glossar/beerentoene.md"
"beige","Beige","beige","https://eskyna.com/glossar/beige/","published","Farb-Lexikon","","beige kleidung; beige kombinieren; neutrale farben; stilberatung","Natalia Kleemann","2026-07-09","https://eskyna.com/images/glossar/beige.png","Editoriale Grafik mit Beige-Nuancen, Naturtönen und feinen Stoffflächen","Weiß (https://eskyna.com/glossar/weiss/); Braun (https://eskyna.com/glossar/braun/); Unterton (https://eskyna.com/glossar/unterton/); Farbtyp (https://eskyna.com/glossar/farbtyp/); Capsule Wardrobe (https://eskyna.com/glossar/capsule-wardrobe/); Creme (https://eskyna.com/glossar/creme/); Camel (https://eskyna.com/glossar/camel/); Grau (https://eskyna.com/glossar/grau/)","https://eskyna.com/glossar/unterton/","content/de/glossar/beige.md"
"beinlaenge","Beinlänge","beinlaenge","https://eskyna.com/glossar/beinlaenge/","published","Schnitt, Proportion & Passform","","beinlänge; optisch lange beine; schuh saum beziehung; taillenposition","Natalia Kleemann","2026-07-09","https://eskyna.com/images/glossar/beinlaenge.png","Glossar-Illustration zu Beinlänge","Saumlänge (https://eskyna.com/glossar/saumlange/); High Waist (https://eskyna.com/glossar/high-waist/); Schuh-Saum-Beziehung (https://eskyna.com/glossar/schuh-saum-beziehung/); Taillenposition (https://eskyna.com/glossar/taillenposition/); Vertikale Linie (https://eskyna.com/glossar/vertikale-linie/)","https://eskyna.com/glossar/high-waist/; https://eskyna.com/glossar/kategorie/schnitt-proportion-passform/; https://eskyna.com/glossar/saumlange/; https://eskyna.com/glossar/schuh-saum-beziehung/; https://eskyna.com/glossar/taillenposition/; https://eskyna.com/glossar/vertikale-linie/; https://eskyna.com/stilfrage/","content/de/glossar/beinlaenge.md"
"bermuda","Bermuda","bermuda","https://eskyna.com/glossar/bermuda/","published","Garderobe & Alltag","","bermuda; was ist eine bermuda; bermuda shorts kombinieren","Natalia Kleemann","2026-07-09","https://eskyna.com/images/glossar/bermuda.png","Editoriale Grafik zu Bermuda mit ruhigen Formen, Stofflinien und ESKYNA Farbwelt","Shorts (https://eskyna.com/glossar/shorts/); Leinen (https://eskyna.com/glossar/leinen/); Baumwolle (https://eskyna.com/glossar/baumwolle/); Saumlänge (https://eskyna.com/glossar/saumlange/); Loafer (https://eskyna.com/glossar/loafer/)","https://eskyna.com/glossar/kategorie/garderobe-alltag/; https://eskyna.com/stilgarderobe/","content/de/glossar/bermuda.md"
"bewegungszugabe","Bewegungszugabe","bewegungszugabe","https://eskyna.com/glossar/bewegungszugabe/","published","Schnitt, Proportion & Passform","","bewegungszugabe; was ist bewegungszugabe; bewegungszugabe","Natalia Kleemann","2026-07-18","https://eskyna.com/images/glossar/bewegungszugabe.png","Glossar-Illustration zu Bewegungszugabe","","","content/de/glossar/bewegungszugabe.md"
"bewerbungsgespraech","Bewerbungsgespräch","bewerbungsgespraech","https://eskyna.com/glossar/bewerbungsgespraech/","published","Garderobe & Alltag","","bewerbungsgespräch; was bedeutet bewerbungsgespräch; bewerbungsgespräch stilberatung","Natalia Kleemann","2026-07-09","https://eskyna.com/images/glossar/bewerbungsgespraech.png","Editoriale Glossar-Grafik zu Bewerbungsgespräch mit ruhigen Farbfeldern und feiner Linienführung","Capsule Wardrobe (https://eskyna.com/glossar/capsule-wardrobe/); Garderobenlogik (https://eskyna.com/glossar/garderobenlogik/); Outfit-Formel (https://eskyna.com/glossar/outfit-formel/); Key-Piece (https://eskyna.com/glossar/key-piece/); Fehlkauf (https://eskyna.com/glossar/fehlkauf/)","https://eskyna.com/glossar/capsule-wardrobe/; https://eskyna.com/glossar/fehlkauf/; https://eskyna.com/glossar/garderobenlogik/; https://eskyna.com/glossar/kategorie/garderobe-alltag/; https://eskyna.com/glossar/key-piece/; https://eskyna.com/glossar/outfit-formel/; https://eskyna.com/stilgarderobe/","content/de/glossar/bewerbungsgespraech.md"
"bikerjacke","Bikerjacke","bikerjacke","https://eskyna.com/glossar/bikerjacke/","published","Garderobe & Alltag","","bikerjacke; was bedeutet bikerjacke; bikerjacke stilberatung","Natalia Kleemann","2026-07-09","https://eskyna.com/images/glossar/bikerjacke.png","Editoriale Glossar-Grafik zu Bikerjacke mit ruhigen Farbfeldern und feiner Linienführung","Capsule Wardrobe (https://eskyna.com/glossar/capsule-wardrobe/); Garderobenlogik (https://eskyna.com/glossar/garderobenlogik/); Outfit-Formel (https://eskyna.com/glossar/outfit-formel/); Key-Piece (https://eskyna.com/glossar/key-piece/); Fehlkauf (https://eskyna.com/glossar/fehlkauf/)","https://eskyna.com/glossar/capsule-wardrobe/; https://eskyna.com/glossar/fehlkauf/; https://eskyna.com/glossar/garderobenlogik/; https://eskyna.com/glossar/kategorie/garderobe-alltag/; https://eskyna.com/glossar/key-piece/; https://eskyna.com/glossar/outfit-formel/; https://eskyna.com/stilgarderobe/","content/de/glossar/bikerjacke.md"
"black-tie","Black Tie","black-tie","https://eskyna.com/glossar/black-tie/","published","Garderobe & Alltag","","black tie; was bedeutet black tie; black tie stilberatung","Natalia Kleemann","2026-07-09","https://eskyna.com/images/glossar/black-tie.png","Editoriale Glossar-Grafik zu Black Tie mit ruhigen Farbfeldern und feiner Linienführung","Capsule Wardrobe (https://eskyna.com/glossar/capsule-wardrobe/); Garderobenlogik (https://eskyna.com/glossar/garderobenlogik/); Outfit-Formel (https://eskyna.com/glossar/outfit-formel/); Key-Piece (https://eskyna.com/glossar/key-piece/); Fehlkauf (https://eskyna.com/glossar/fehlkauf/)","https://eskyna.com/glossar/capsule-wardrobe/; https://eskyna.com/glossar/fehlkauf/; https://eskyna.com/glossar/garderobenlogik/; https://eskyna.com/glossar/kategorie/garderobe-alltag/; https://eskyna.com/glossar/key-piece/; https://eskyna.com/glossar/outfit-formel/; https://eskyna.com/stilgarderobe/","content/de/glossar/black-tie.md"
"black-tie-optional","Black Tie Optional","black-tie-optional","https://eskyna.com/glossar/black-tie-optional/","published","Garderobe & Alltag","","black tie optional; black tie optional dresscode; black tie optional damen","Natalia Kleemann","2026-07-09","https://eskyna.com/images/glossar/black-tie-optional.png","Glossar-Illustration zu Black Tie Optional","Black Tie (https://eskyna.com/glossar/black-tie/); Creative Black Tie (https://eskyna.com/glossar/creative-black-tie/); Semi Formal (https://eskyna.com/glossar/semi-formal/); Dresscode (https://eskyna.com/glossar/dresscode/); Festliche Kleidung (https://eskyna.com/glossar/festliche-kleidung/)","https://eskyna.com/glossar/black-tie/; https://eskyna.com/glossar/creative-black-tie/; https://eskyna.com/glossar/dresscode/; https://eskyna.com/glossar/festliche-kleidung/; https://eskyna.com/glossar/kategorie/garderobe-alltag/; https://eskyna.com/glossar/semi-formal/; https://eskyna.com/stilgarderobe/","content/de/glossar/black-tie-optional.md"
"blau","Blau","blau","https://eskyna.com/glossar/blau/","published","Farb-Lexikon","","blau kleidung; blau kombinieren; hellblau navy; stilberatung","Natalia Kleemann","2026-07-09","https://eskyna.com/images/glossar/blau.png","Editoriale Grafik mit Blau-Nuancen, Denimflächen und klaren Farbkombinationen","Navy (https://eskyna.com/glossar/navy/); Weiß (https://eskyna.com/glossar/weiss/); Kontrast (https://eskyna.com/glossar/kontrast/); Unterton (https://eskyna.com/glossar/unterton/); Farbtyp (https://eskyna.com/glossar/farbtyp/); Hellblau (https://eskyna.com/glossar/hellblau/); Türkis (https://eskyna.com/glossar/tuerkis/); Petrol (https://eskyna.com/glossar/petrol/)","https://eskyna.com/glossar/kontrast/","content/de/glossar/blau.md"
"blazer","Blazer","blazer","https://eskyna.com/glossar/blazer/","published","Garderobe & Alltag","","blazer; was ist ein blazer; blazer kombinieren; blazer stilberatung","Natalia Kleemann","2026-07-09","https://eskyna.com/images/glossar/blazer.png","Editoriale Grafik mit stilisiertem Blazer, Revers und ruhigen neutralen Farbfeldern","Business Casual (https://eskyna.com/glossar/business-casual/); Smart Casual (https://eskyna.com/glossar/smart-casual/); Dresscode (https://eskyna.com/glossar/dresscode/); Passform (https://eskyna.com/glossar/passform/); Taillierung (https://eskyna.com/glossar/taillierung/); Weste (https://eskyna.com/glossar/weste/)","","content/de/glossar/blazer.md"
"blazerkleid","Blazerkleid","blazerkleid","https://eskyna.com/glossar/blazerkleid/","published","Garderobe & Alltag","","blazerkleid; was ist blazerkleid; blazerkleid","Natalia Kleemann","2026-07-18","https://eskyna.com/images/glossar/blazerkleid.png","Glossar-Illustration zu Blazerkleid","","","content/de/glossar/blazerkleid.md"
"bleistiftrock","Bleistiftrock","bleistiftrock","https://eskyna.com/glossar/bleistiftrock/","published","Garderobe & Alltag","","bleistiftrock; was ist ein bleistiftrock; bleistiftrock kombinieren","Natalia Kleemann","2026-07-09","https://eskyna.com/images/glossar/bleistiftrock.png","Editoriale Grafik mit stilisiertem Bleistiftrock, gerader Linie und dezentem Schlitz","Business Casual (https://eskyna.com/glossar/business-casual/); Passform (https://eskyna.com/glossar/passform/); Saumlänge (https://eskyna.com/glossar/saumlange/); Blazer (https://eskyna.com/glossar/blazer/); Pumps (https://eskyna.com/glossar/pumps/)","https://eskyna.com/glossar/kategorie/garderobe-alltag/; https://eskyna.com/stilgarderobe/","content/de/glossar/bleistiftrock.md"
"blickfuehrung","Blickführung","blickfuehrung","https://eskyna.com/glossar/blickfuehrung/","published","Stil & Wirkung","","blickführung; was bedeutet blickführung; blickführung stilberatung","Natalia Kleemann","2026-07-09","https://eskyna.com/images/glossar/blickfuehrung.png","Editoriale Glossar-Grafik zu Blickführung mit ruhigen Farbfeldern und feiner Linienführung","Signature Look (https://eskyna.com/glossar/signature-look/); Wirkung (https://eskyna.com/glossar/wirkung/); Stilberatung (https://eskyna.com/glossar/stilberatung/); Personal Style (https://eskyna.com/glossar/personal-style/); Garderobenlogik (https://eskyna.com/glossar/garderobenlogik/)","https://eskyna.com/glossar/garderobenlogik/; https://eskyna.com/glossar/kategorie/stil-wirkung/; https://eskyna.com/glossar/personal-style/; https://eskyna.com/glossar/signature-look/; https://eskyna.com/glossar/stilberatung/; https://eskyna.com/glossar/wirkung/; https://eskyna.com/praesenz/","content/de/glossar/blickfuehrung.md"
"blindsaum","Blindsaum","blindsaum","https://eskyna.com/glossar/blindsaum/","published","Schnitt, Proportion & Passform","","blindsaum; was ist blindsaum; blindsaum","Natalia Kleemann","2026-07-18","https://eskyna.com/images/glossar/blindsaum.png","Glossar-Illustration zu Blindsaum","","","content/de/glossar/blindsaum.md"
"blockabsatz","Blockabsatz","blockabsatz","https://eskyna.com/glossar/blockabsatz/","published","Schuhe","","blockabsatz; was ist ein blockabsatz; breiter absatz","Natalia Kleemann","2026-07-09","https://eskyna.com/images/glossar/blockabsatz.png","Editoriale ESKYNA Grafik zum Glossarbegriff Blockabsatz mit ruhigen Formen und feinen Farbfeldern","Pumps (https://eskyna.com/glossar/pumps/); Mary Jane (https://eskyna.com/glossar/mary-jane/); Stiefelette (https://eskyna.com/glossar/stiefelette/); Saumlänge (https://eskyna.com/glossar/saumlange/)","https://eskyna.com/glossar/kategorie/schuhe/; https://eskyna.com/stilfrage/","content/de/glossar/blockabsatz.md"
"blumenmuster","Blumenmuster","blumenmuster","https://eskyna.com/glossar/blumenmuster/","published","Materialien & Details","","blumenmuster; was bedeutet blumenmuster; blumenmuster stilberatung","Natalia Kleemann","2026-07-09","https://eskyna.com/images/glossar/blumenmuster.png","Editoriale Glossar-Grafik zu Blumenmuster mit ruhigen Farbfeldern und feiner Linienführung","Materialfall (https://eskyna.com/glossar/materialfall/); Struktur (https://eskyna.com/glossar/struktur/); Glanzgrad (https://eskyna.com/glossar/glanzgrad/); Accessoire (https://eskyna.com/glossar/accessoire/)","https://eskyna.com/glossar/accessoire/; https://eskyna.com/glossar/glanzgrad/; https://eskyna.com/glossar/kategorie/materialien-details/; https://eskyna.com/glossar/materialfall/; https://eskyna.com/glossar/struktur/; https://eskyna.com/stilfrage/","content/de/glossar/blumenmuster.md"
"bluse","Bluse","bluse","https://eskyna.com/glossar/bluse/","published","Garderobe & Alltag","","bluse; was ist eine bluse; bluse kombinieren; bluse material","Natalia Kleemann","2026-07-09","https://eskyna.com/images/glossar/bluse.png","Editoriale Grafik mit weich fallender Bluse, Kragenlinie und feinen Materialflächen","Hemd (https://eskyna.com/glossar/hemd/); Seide (https://eskyna.com/glossar/seide/); Viskose (https://eskyna.com/glossar/viskose/); Business Casual (https://eskyna.com/glossar/business-casual/); Passform (https://eskyna.com/glossar/passform/); Camisole (https://eskyna.com/glossar/camisole/)","https://eskyna.com/glossar/kategorie/garderobe-alltag/; https://eskyna.com/stilgarderobe/","content/de/glossar/bluse.md"
"body","Body","body","https://eskyna.com/glossar/body/","published","Materialien & Details","","body; was bedeutet body; body stilberatung","Natalia Kleemann","2026-07-09","https://eskyna.com/images/glossar/body.png","Editoriale Glossar-Grafik zu Body mit ruhigen Farbfeldern und feiner Linienführung","Materialfall (https://eskyna.com/glossar/materialfall/); Struktur (https://eskyna.com/glossar/struktur/); Glanzgrad (https://eskyna.com/glossar/glanzgrad/); Accessoire (https://eskyna.com/glossar/accessoire/)","https://eskyna.com/glossar/accessoire/; https://eskyna.com/glossar/glanzgrad/; https://eskyna.com/glossar/kategorie/materialien-details/; https://eskyna.com/glossar/materialfall/; https://eskyna.com/glossar/struktur/; https://eskyna.com/stilfrage/","content/de/glossar/body.md"
"bodycon","Bodycon","bodycon","https://eskyna.com/glossar/bodycon/","published","Schnitt, Proportion & Passform","","bodycon; was bedeutet bodycon; bodycon stilberatung","Natalia Kleemann","2026-07-09","https://eskyna.com/images/glossar/bodycon.png","Editoriale Glossar-Grafik zu Bodycon mit ruhigen Farbfeldern und feiner Linienführung","Passform (https://eskyna.com/glossar/passform/); Silhouette (https://eskyna.com/glossar/silhouette/); Proportion (https://eskyna.com/glossar/proportion/); Saumlänge (https://eskyna.com/glossar/saumlange/); Taillierung (https://eskyna.com/glossar/taillierung/)","https://eskyna.com/glossar/kategorie/schnitt-proportion-passform/; https://eskyna.com/glossar/passform/; https://eskyna.com/glossar/proportion/; https://eskyna.com/glossar/saumlange/; https://eskyna.com/glossar/silhouette/; https://eskyna.com/glossar/taillierung/; https://eskyna.com/stilfrage/","content/de/glossar/bodycon.md"
"bodycon-dress","Bodycon Dress","bodycon-dress","https://eskyna.com/glossar/bodycon-dress/","published","Garderobe & Alltag","","bodycon dress; was bedeutet bodycon dress; bodycon dress stilberatung","Natalia Kleemann","2026-07-09","https://eskyna.com/images/glossar/bodycon-dress.png","Editoriale Glossar-Grafik zu Bodycon Dress mit ruhigen Farbfeldern und feiner Linienführung","Capsule Wardrobe (https://eskyna.com/glossar/capsule-wardrobe/); Garderobenlogik (https://eskyna.com/glossar/garderobenlogik/); Outfit-Formel (https://eskyna.com/glossar/outfit-formel/); Key-Piece (https://eskyna.com/glossar/key-piece/); Fehlkauf (https://eskyna.com/glossar/fehlkauf/)","https://eskyna.com/glossar/capsule-wardrobe/; https://eskyna.com/glossar/fehlkauf/; https://eskyna.com/glossar/garderobenlogik/; https://eskyna.com/glossar/kategorie/garderobe-alltag/; https://eskyna.com/glossar/key-piece/; https://eskyna.com/glossar/outfit-formel/; https://eskyna.com/stilgarderobe/","content/de/glossar/bodycon-dress.md"
"boho","Boho","boho","https://eskyna.com/glossar/boho/","published","Stil & Wirkung","","boho; was bedeutet boho; boho stilberatung","Natalia Kleemann","2026-07-09","https://eskyna.com/images/glossar/boho.png","Editoriale Glossar-Grafik zu Boho mit ruhigen Farbfeldern und feiner Linienführung","Signature Look (https://eskyna.com/glossar/signature-look/); Wirkung (https://eskyna.com/glossar/wirkung/); Personal Style (https://eskyna.com/glossar/personal-style/); Garderobenlogik (https://eskyna.com/glossar/garderobenlogik/)","https://eskyna.com/glossar/garderobenlogik/; https://eskyna.com/glossar/kategorie/stil-wirkung/; https://eskyna.com/glossar/personal-style/; https://eskyna.com/glossar/signature-look/; https://eskyna.com/glossar/wirkung/; https://eskyna.com/praesenz/","content/de/glossar/boho.md"
"bolero","Bolero","bolero","https://eskyna.com/glossar/bolero/","published","Garderobe & Alltag","","bolero; was ist bolero; bolero","Natalia Kleemann","2026-07-18","https://eskyna.com/images/glossar/bolero.png","Glossar-Illustration zu Bolero","","","content/de/glossar/bolero.md"
"bomberjacke","Bomberjacke","bomberjacke","https://eskyna.com/glossar/bomberjacke/","published","Garderobe & Alltag","","bomberjacke; was ist eine bomberjacke; bomberjacke kombinieren","Natalia Kleemann","2026-07-09","https://eskyna.com/images/glossar/bomberjacke.png","Editoriale Grafik mit stilisierter Bomberjacke, Rundbündchen und kompakter Silhouette","Silhouette (https://eskyna.com/glossar/silhouette/); Sneaker (https://eskyna.com/glossar/sneaker/); Jeans (https://eskyna.com/glossar/jeans/); Casual (https://eskyna.com/glossar/smart-casual/); Statement-Piece (https://eskyna.com/glossar/statement-piece/)","https://eskyna.com/glossar/kategorie/garderobe-alltag/; https://eskyna.com/stilgarderobe/","content/de/glossar/bomberjacke.md"
"bootcut","Bootcut","bootcut","https://eskyna.com/glossar/bootcut/","published","Garderobe & Alltag","","bootcut; was bedeutet bootcut; bootcut jeans kombinieren","Natalia Kleemann","2026-07-09","https://eskyna.com/images/glossar/bootcut.png","Editoriale Grafik zu Bootcut mit ruhigen Formen, Stofflinien und ESKYNA Farbwelt","Jeans (https://eskyna.com/glossar/jeans/); Denim (https://eskyna.com/glossar/denim/); Flared Pants (https://eskyna.com/glossar/flared-pants/); Passform (https://eskyna.com/glossar/passform/); Saumlänge (https://eskyna.com/glossar/saumlange/)","https://eskyna.com/glossar/kategorie/garderobe-alltag/; https://eskyna.com/stilgarderobe/","content/de/glossar/bootcut.md"
"bordeaux","Bordeaux","bordeaux","https://eskyna.com/glossar/bordeaux/","published","Farb-Lexikon","","bordeaux kleidung; weinrot kombinieren; bordeaux farbe; stilberatung","Natalia Kleemann","2026-07-09","https://eskyna.com/images/glossar/bordeaux.png","Editoriale Grafik mit Bordeaux-Nuancen, dunklen Stoffflächen und eleganten Kombinationsfarben","Rot (https://eskyna.com/glossar/rot/); Rosa (https://eskyna.com/glossar/rosa/); Braun (https://eskyna.com/glossar/braun/); Navy (https://eskyna.com/glossar/navy/); Unterton (https://eskyna.com/glossar/unterton/)","","content/de/glossar/bordeaux.md"
"boucle","Bouclé","boucle","https://eskyna.com/glossar/boucle/","published","Materialien & Details","","bouclé; was bedeutet bouclé; bouclé stilberatung","Natalia Kleemann","2026-07-09","https://eskyna.com/images/glossar/boucle.png","Editoriale Glossar-Grafik zu Bouclé mit ruhigen Farbfeldern und feiner Linienführung","Materialfall (https://eskyna.com/glossar/materialfall/); Struktur (https://eskyna.com/glossar/struktur/); Glanzgrad (https://eskyna.com/glossar/glanzgrad/); Accessoire (https://eskyna.com/glossar/accessoire/)","https://eskyna.com/glossar/accessoire/; https://eskyna.com/glossar/glanzgrad/; https://eskyna.com/glossar/kategorie/materialien-details/; https://eskyna.com/glossar/materialfall/; https://eskyna.com/glossar/struktur/; https://eskyna.com/stilfrage/","content/de/glossar/boucle.md"
"boyfriend-jeans","Boyfriend Jeans","boyfriend-jeans","https://eskyna.com/glossar/boyfriend-jeans/","published","Garderobe & Alltag","","boyfriend jeans; was sind boyfriend jeans; boyfriend jeans kombinieren","Natalia Kleemann","2026-07-09","https://eskyna.com/images/glossar/boyfriend-jeans.png","Editoriale Grafik zu Boyfriend Jeans mit ruhigen Formen, Stofflinien und ESKYNA Farbwelt","Jeans (https://eskyna.com/glossar/jeans/); Denim (https://eskyna.com/glossar/denim/); Stilbruch (https://eskyna.com/glossar/stilbruch/); Blazer (https://eskyna.com/glossar/blazer/); Slingback (https://eskyna.com/glossar/slingback/)","https://eskyna.com/glossar/kategorie/garderobe-alltag/; https://eskyna.com/stilgarderobe/","content/de/glossar/boyfriend-jeans.md"
"brand-wardrobe","Brand Wardrobe","brand-wardrobe","https://eskyna.com/glossar/brand-wardrobe/","published","Garderobe & Alltag","","brand wardrobe; markengarderobe; garderobe personal branding","Natalia Kleemann","2026-07-09","https://eskyna.com/images/glossar/brand-wardrobe.png","Glossar-Illustration zu Brand Wardrobe","Personal Branding (https://eskyna.com/glossar/personal-branding/); Signature Look (https://eskyna.com/glossar/signature-look/); Garderobenlogik (https://eskyna.com/glossar/garderobenlogik/); Image-Strategie (https://eskyna.com/glossar/image-strategie/); Personal Uniform (https://eskyna.com/glossar/personal-uniform/)","https://eskyna.com/glossar/garderobenlogik/; https://eskyna.com/glossar/image-strategie/; https://eskyna.com/glossar/kategorie/garderobe-alltag/; https://eskyna.com/glossar/personal-branding/; https://eskyna.com/glossar/personal-uniform/; https://eskyna.com/glossar/signature-look/; https://eskyna.com/stilgarderobe/","content/de/glossar/brand-wardrobe.md"
"braun","Braun","braun","https://eskyna.com/glossar/braun/","published","Farb-Lexikon","","braun kleidung; braun kombinieren; espresso farbe; stilberatung","Natalia Kleemann","2026-07-09","https://eskyna.com/images/glossar/braun.png","Editoriale Grafik mit Braun-Nuancen, Lederakzenten und warmen Kombinationsfarben","Beige (https://eskyna.com/glossar/beige/); Schwarz (https://eskyna.com/glossar/schwarz/); Navy (https://eskyna.com/glossar/navy/); Unterton (https://eskyna.com/glossar/unterton/); Farbtyp (https://eskyna.com/glossar/farbtyp/); Camel (https://eskyna.com/glossar/camel/); Terracotta (https://eskyna.com/glossar/terracotta/)","https://eskyna.com/glossar/farbtyp/","content/de/glossar/braun.md"
"bretonstreifen","Bretonstreifen","bretonstreifen","https://eskyna.com/glossar/bretonstreifen/","published","Materialien & Details","","bretonstreifen; was bedeutet bretonstreifen; bretonstreifen stilberatung","Natalia Kleemann","2026-07-09","https://eskyna.com/images/glossar/bretonstreifen.png","Editoriale Glossar-Grafik zu Bretonstreifen mit ruhigen Farbfeldern und feiner Linienführung","Materialfall (https://eskyna.com/glossar/materialfall/); Struktur (https://eskyna.com/glossar/struktur/); Glanzgrad (https://eskyna.com/glossar/glanzgrad/); Accessoire (https://eskyna.com/glossar/accessoire/)","https://eskyna.com/glossar/accessoire/; https://eskyna.com/glossar/glanzgrad/; https://eskyna.com/glossar/kategorie/materialien-details/; https://eskyna.com/glossar/materialfall/; https://eskyna.com/glossar/struktur/; https://eskyna.com/stilfrage/","content/de/glossar/bretonstreifen.md"
"brille","Brille","brille","https://eskyna.com/glossar/brille/","published","Materialien & Details","","brille styling; brille als accessoire; brillenform","Natalia Kleemann","2026-07-09","https://eskyna.com/images/glossar/brille.png","Editoriale Grafik zu Brille mit abstrahierten Formen, ruhigen Farbfeldern und hochwertiger Anmutung","Sonnenbrille (https://eskyna.com/glossar/sonnenbrille/); Accessoire (https://eskyna.com/glossar/accessoire/); Gesichtsrahmung (https://eskyna.com/glossar/gesichtsrahmung/); Farbtyp (https://eskyna.com/glossar/farbtyp/); Proportion (https://eskyna.com/glossar/proportion/)","https://eskyna.com/glossar/kategorie/materialien-details/; https://eskyna.com/stilfrage/","content/de/glossar/brille.md"
"brogue","Brogue","brogue","https://eskyna.com/glossar/brogue/","published","Schuhe","","brogue; was ist brogue; brogue","Natalia Kleemann","2026-07-18","https://eskyna.com/images/glossar/brogue.png","Glossar-Illustration zu Brogue","","","content/de/glossar/brogue.md"
"brokat","Brokat","brokat","https://eskyna.com/glossar/brokat/","published","Materialien & Details","","brokat; was ist brokat; brokat","Natalia Kleemann","2026-07-18","https://eskyna.com/images/glossar/brokat.png","Glossar-Illustration zu Brokat","","","content/de/glossar/brokat.md"
"bronze","Bronze","bronze","https://eskyna.com/glossar/bronze/","published","Farb-Lexikon","","bronze farbe bedeutung; bronze kombinieren; metallic styling","Natalia Kleemann","2026-07-18","https://eskyna.com/images/glossar/bronze.png","Glossar-Illustration zu Bronze","Gold (https://eskyna.com/glossar/gold/); Kupfer (https://eskyna.com/glossar/kupfer/); Champagner (https://eskyna.com/glossar/champagner/); Roségold (https://eskyna.com/glossar/rosegold/)","https://eskyna.com/glossar/bordeaux/; https://eskyna.com/glossar/tannengruen/","content/de/glossar/bronze.md"
"brooched","Brooched","brooched","https://eskyna.com/glossar/brooched/","published","Materialien & Details","","brooched; broschen styling; brosche am blazer; lapel pin","Natalia Kleemann","2026-07-09","https://eskyna.com/images/glossar/brooched.png","Glossar-Illustration zu Brooched","Accessoire (https://eskyna.com/glossar/accessoire/); Blazer (https://eskyna.com/glossar/blazer/); Mantel (https://eskyna.com/glossar/mantel/); Statement-Schmuck (https://eskyna.com/glossar/statement-schmuck/); Armreif (https://eskyna.com/glossar/armreif/)","https://eskyna.com/glossar/accessoire/; https://eskyna.com/glossar/armreif/; https://eskyna.com/glossar/blazer/; https://eskyna.com/glossar/kategorie/materialien-details/; https://eskyna.com/glossar/mantel/; https://eskyna.com/glossar/statement-schmuck/; https://eskyna.com/stilfrage/","content/de/glossar/brooched.md"
"bubikragen","Bubikragen","bubikragen","https://eskyna.com/glossar/bubikragen/","published","Materialien & Details","","bubikragen; was bedeutet bubikragen; bubikragen stilberatung","Natalia Kleemann","2026-07-09","https://eskyna.com/images/glossar/bubikragen.png","Editoriale Glossar-Grafik zu Bubikragen mit ruhigen Farbfeldern und feiner Linienführung","Materialfall (https://eskyna.com/glossar/materialfall/); Struktur (https://eskyna.com/glossar/struktur/); Glanzgrad (https://eskyna.com/glossar/glanzgrad/); Accessoire (https://eskyna.com/glossar/accessoire/)","https://eskyna.com/glossar/accessoire/; https://eskyna.com/glossar/glanzgrad/; https://eskyna.com/glossar/kategorie/materialien-details/; https://eskyna.com/glossar/materialfall/; https://eskyna.com/glossar/struktur/; https://eskyna.com/stilfrage/","content/de/glossar/bubikragen.md"
"bucket-bag","Bucket Bag","bucket-bag","https://eskyna.com/glossar/bucket-bag/","published","Materialien & Details","","bucket bag; was ist eine bucket bag; beuteltasche","Natalia Kleemann","2026-07-09","https://eskyna.com/images/glossar/bucket-bag.png","Editoriale Grafik zu Bucket Bag mit abstrahierten Formen, ruhigen Farbfeldern und hochwertiger Anmutung","Accessoire (https://eskyna.com/glossar/accessoire/); Tote Bag (https://eskyna.com/glossar/tote-bag/); Shopper (https://eskyna.com/glossar/shopper/); Crossbody Bag (https://eskyna.com/glossar/crossbody-bag/); Materialfall (https://eskyna.com/glossar/materialfall/)","https://eskyna.com/glossar/kategorie/materialien-details/; https://eskyna.com/stilfrage/","content/de/glossar/bucket-bag.md"
"buegeln","Bügeln","buegeln","https://eskyna.com/glossar/buegeln/","published","Materialien & Details","","bügeln; was bedeutet bügeln; bügeln stilberatung","Natalia Kleemann","2026-07-09","https://eskyna.com/images/glossar/buegeln.png","Editoriale Glossar-Grafik zu Bügeln mit ruhigen Farbfeldern und feiner Linienführung","Materialfall (https://eskyna.com/glossar/materialfall/); Struktur (https://eskyna.com/glossar/struktur/); Glanzgrad (https://eskyna.com/glossar/glanzgrad/); Accessoire (https://eskyna.com/glossar/accessoire/); Qualität (https://eskyna.com/glossar/qualitaet/)","https://eskyna.com/glossar/accessoire/; https://eskyna.com/glossar/glanzgrad/; https://eskyna.com/glossar/kategorie/materialien-details/; https://eskyna.com/glossar/materialfall/; https://eskyna.com/glossar/qualitaet/; https://eskyna.com/glossar/struktur/; https://eskyna.com/stilfrage/","content/de/glossar/buegeln.md"
"buehnenoutfit","Bühnenoutfit","buehnenoutfit","https://eskyna.com/glossar/buehnenoutfit/","published","Garderobe & Alltag","","bühnenoutfit; vortrag outfit; auftritt kleidung","Natalia Kleemann","2026-07-09","https://eskyna.com/images/glossar/buehnenoutfit.png","Glossar-Illustration zu Bühnenoutfit","Speaker-Outfit (https://eskyna.com/glossar/speaker-outfit/); Präsenz (https://eskyna.com/glossar/praesenz/); Auftreten (https://eskyna.com/glossar/auftreten/); Sichtbarkeitslook (https://eskyna.com/glossar/sichtbarkeitslook/); Executive Presence (https://eskyna.com/glossar/executive-presence/)","https://eskyna.com/glossar/auftreten/; https://eskyna.com/glossar/executive-presence/; https://eskyna.com/glossar/kategorie/garderobe-alltag/; https://eskyna.com/glossar/praesenz/; https://eskyna.com/glossar/sichtbarkeitslook/; https://eskyna.com/glossar/speaker-outfit/; https://eskyna.com/stilgarderobe/","content/de/glossar/buehnenoutfit.md"
"bund","Bund","bund","https://eskyna.com/glossar/bund/","published","Schnitt, Proportion & Passform","","bund; was bedeutet bund; bund stilberatung","Natalia Kleemann","2026-07-09","https://eskyna.com/images/glossar/bund.png","Editoriale Glossar-Grafik zu Bund mit ruhigen Farbfeldern und feiner Linienführung","Passform (https://eskyna.com/glossar/passform/); Silhouette (https://eskyna.com/glossar/silhouette/); Proportion (https://eskyna.com/glossar/proportion/); Saumlänge (https://eskyna.com/glossar/saumlange/); Taillierung (https://eskyna.com/glossar/taillierung/)","https://eskyna.com/glossar/kategorie/schnitt-proportion-passform/; https://eskyna.com/glossar/passform/; https://eskyna.com/glossar/proportion/; https://eskyna.com/glossar/saumlange/; https://eskyna.com/glossar/silhouette/; https://eskyna.com/glossar/taillierung/; https://eskyna.com/stilfrage/","content/de/glossar/bund.md"
"bundfaltenhose","Bundfaltenhose","bundfaltenhose","https://eskyna.com/glossar/bundfaltenhose/","published","Garderobe & Alltag","","bundfaltenhose; was ist eine bundfaltenhose; bundfaltenhose kombinieren","Natalia Kleemann","2026-07-09","https://eskyna.com/images/glossar/bundfaltenhose.png","Editoriale Grafik zu Bundfaltenhose mit ruhigen Formen, Stofflinien und ESKYNA Farbwelt","Anzughose (https://eskyna.com/glossar/anzughose/); Business Casual (https://eskyna.com/glossar/business-casual/); Smart Casual (https://eskyna.com/glossar/smart-casual/); Materialfall (https://eskyna.com/glossar/materialfall/); T-Shirt (https://eskyna.com/glossar/t-shirt/)","https://eskyna.com/glossar/kategorie/garderobe-alltag/; https://eskyna.com/stilgarderobe/","content/de/glossar/bundfaltenhose.md"
"business","Business","business","https://eskyna.com/glossar/business/","published","Stil & Wirkung","","business; was bedeutet business; business stilberatung","Natalia Kleemann","2026-07-09","https://eskyna.com/images/glossar/business.png","Editoriale Glossar-Grafik zu Business mit ruhigen Farbfeldern und feiner Linienführung","Signature Look (https://eskyna.com/glossar/signature-look/); Wirkung (https://eskyna.com/glossar/wirkung/); Personal Style (https://eskyna.com/glossar/personal-style/); Garderobenlogik (https://eskyna.com/glossar/garderobenlogik/)","https://eskyna.com/glossar/garderobenlogik/; https://eskyna.com/glossar/kategorie/stil-wirkung/; https://eskyna.com/glossar/personal-style/; https://eskyna.com/glossar/signature-look/; https://eskyna.com/glossar/wirkung/; https://eskyna.com/praesenz/","content/de/glossar/business.md"
"business-casual","Business Casual","business-casual","https://eskyna.com/glossar/business-casual/","published","Garderobe & Alltag","","business casual; business casual damen; office outfit; dresscode","Natalia Kleemann","2026-07-09","https://eskyna.com/images/glossar/business-casual.png","Editoriale Grafik mit Blazer, Chino-Form und ruhigen Business-Elementen für Business Casual","Smart Casual (https://eskyna.com/glossar/smart-casual/); Dresscode (https://eskyna.com/glossar/dresscode/); Chinos (https://eskyna.com/glossar/chinos/); Blazer (https://eskyna.com/glossar/blazer/); Loafer (https://eskyna.com/glossar/loafer/); Pumps (https://eskyna.com/glossar/pumps/)","https://eskyna.com/glossar/kategorie/garderobe-alltag/; https://eskyna.com/stilgarderobe/","content/de/glossar/business-casual.md"
"business-cocktail","Business Cocktail","business-cocktail","https://eskyna.com/glossar/business-cocktail/","published","Garderobe & Alltag","","business cocktail; business cocktail dresscode; empfang outfit","Natalia Kleemann","2026-07-09","https://eskyna.com/images/glossar/business-cocktail.png","Glossar-Illustration zu Business Cocktail","Cocktail Attire (https://eskyna.com/glossar/cocktail-attire/); Business Professional (https://eskyna.com/glossar/business-professional/); Event-Look (https://eskyna.com/glossar/event-look/); Meeting-Look (https://eskyna.com/glossar/meeting-look/); Dresscode (https://eskyna.com/glossar/dresscode/)","https://eskyna.com/glossar/business-professional/; https://eskyna.com/glossar/cocktail-attire/; https://eskyna.com/glossar/dresscode/; https://eskyna.com/glossar/event-look/; https://eskyna.com/glossar/kategorie/garderobe-alltag/; https://eskyna.com/glossar/meeting-look/; https://eskyna.com/stilgarderobe/","content/de/glossar/business-cocktail.md"
"business-formal","Business Formal","business-formal","https://eskyna.com/glossar/business-formal/","published","Garderobe & Alltag","","business formal; was bedeutet business formal; business formal stilberatung","Natalia Kleemann","2026-07-09","https://eskyna.com/images/glossar/business-formal.png","Editoriale Glossar-Grafik zu Business Formal mit ruhigen Farbfeldern und feiner Linienführung","Capsule Wardrobe (https://eskyna.com/glossar/capsule-wardrobe/); Garderobenlogik (https://eskyna.com/glossar/garderobenlogik/); Outfit-Formel (https://eskyna.com/glossar/outfit-formel/); Key-Piece (https://eskyna.com/glossar/key-piece/); Fehlkauf (https://eskyna.com/glossar/fehlkauf/)","https://eskyna.com/glossar/capsule-wardrobe/; https://eskyna.com/glossar/fehlkauf/; https://eskyna.com/glossar/garderobenlogik/; https://eskyna.com/glossar/kategorie/garderobe-alltag/; https://eskyna.com/glossar/key-piece/; https://eskyna.com/glossar/outfit-formel/; https://eskyna.com/praesenz/; https://eskyna.com/stilgarderobe/","content/de/glossar/business-formal.md"
"business-professional","Business Professional","business-professional","https://eskyna.com/glossar/business-professional/","published","Garderobe & Alltag","","business professional; business professional dresscode; formeller business look","Natalia Kleemann","2026-07-09","https://eskyna.com/images/glossar/business-professional.png","Glossar-Illustration zu Business Professional","Business Formal (https://eskyna.com/glossar/business-formal/); Business Casual (https://eskyna.com/glossar/business-casual/); Meeting-Look (https://eskyna.com/glossar/meeting-look/); Executive Presence (https://eskyna.com/glossar/executive-presence/); Dresscode (https://eskyna.com/glossar/dresscode/)","https://eskyna.com/glossar/business-casual/; https://eskyna.com/glossar/business-formal/; https://eskyna.com/glossar/dresscode/; https://eskyna.com/glossar/executive-presence/; https://eskyna.com/glossar/kategorie/garderobe-alltag/; https://eskyna.com/glossar/meeting-look/; https://eskyna.com/stilgarderobe/","content/de/glossar/business-professional.md"
"bustier","Bustier","bustier","https://eskyna.com/glossar/bustier/","published","Materialien & Details","","bustier; was bedeutet bustier; bustier stilberatung","Natalia Kleemann","2026-07-09","https://eskyna.com/images/glossar/bustier.png","Editoriale Glossar-Grafik zu Bustier mit ruhigen Farbfeldern und feiner Linienführung","Materialfall (https://eskyna.com/glossar/materialfall/); Struktur (https://eskyna.com/glossar/struktur/); Glanzgrad (https://eskyna.com/glossar/glanzgrad/); Accessoire (https://eskyna.com/glossar/accessoire/)","https://eskyna.com/glossar/accessoire/; https://eskyna.com/glossar/glanzgrad/; https://eskyna.com/glossar/kategorie/materialien-details/; https://eskyna.com/glossar/materialfall/; https://eskyna.com/glossar/struktur/; https://eskyna.com/stilfrage/","content/de/glossar/bustier.md"
"buttergelb-und-vanillegelb","Buttergelb und Vanillegelb","buttergelb-und-vanillegelb","https://eskyna.com/glossar/buttergelb-und-vanillegelb/","published","Farb-Lexikon","","buttergelb bedeutung; vanillegelb kombinieren; helles gelb styling","Natalia Kleemann","2026-07-18","https://eskyna.com/images/glossar/buttergelb-und-vanillegelb.png","Glossar-Illustration zu Buttergelb und Vanillegelb","Ocker (https://eskyna.com/glossar/ocker/); Flieder (https://eskyna.com/glossar/flieder/); Schokoladenbraun (https://eskyna.com/glossar/schokoladenbraun/); Denim (https://eskyna.com/glossar/denim/)","https://eskyna.com/glossar/denim/; https://eskyna.com/glossar/schokoladenbraun/","content/de/glossar/buttergelb-und-vanillegelb.md"
"cabanjacke","Cabanjacke","cabanjacke","https://eskyna.com/glossar/cabanjacke/","published","Garderobe & Alltag","","cabanjacke; was bedeutet cabanjacke; cabanjacke stilberatung","Natalia Kleemann","2026-07-09","https://eskyna.com/images/glossar/cabanjacke.png","Editoriale Glossar-Grafik zu Cabanjacke mit ruhigen Farbfeldern und feiner Linienführung","Capsule Wardrobe (https://eskyna.com/glossar/capsule-wardrobe/); Garderobenlogik (https://eskyna.com/glossar/garderobenlogik/); Outfit-Formel (https://eskyna.com/glossar/outfit-formel/); Key-Piece (https://eskyna.com/glossar/key-piece/); Fehlkauf (https://eskyna.com/glossar/fehlkauf/)","https://eskyna.com/glossar/capsule-wardrobe/; https://eskyna.com/glossar/fehlkauf/; https://eskyna.com/glossar/garderobenlogik/; https://eskyna.com/glossar/kategorie/garderobe-alltag/; https://eskyna.com/glossar/key-piece/; https://eskyna.com/glossar/outfit-formel/; https://eskyna.com/stilgarderobe/","content/de/glossar/cabanjacke.md"
"camel","Camel","camel","https://eskyna.com/glossar/camel/","published","Farb-Lexikon","","camel kleidung; camel kombinieren; camel mantel; farbberatung camel","Natalia Kleemann","2026-07-09","https://eskyna.com/images/glossar/camel.png","Editoriale Grafik mit Camel-Nuancen, ruhigen Farbfeldern und feiner Stoffstruktur","Beige (https://eskyna.com/glossar/beige/); Braun (https://eskyna.com/glossar/braun/); Creme (https://eskyna.com/glossar/creme/); Unterton (https://eskyna.com/glossar/unterton/); Neutrale Farben (https://eskyna.com/glossar/neutrale-farben/)","https://eskyna.com/glossar/kategorie/farb-lexikon/; https://eskyna.com/stilgefuehl/","content/de/glossar/camel.md"
"camisole","Camisole","camisole","https://eskyna.com/glossar/camisole/","published","Garderobe & Alltag","","camisole; was ist ein camisole; seidentop kombinieren","Natalia Kleemann","2026-07-09","https://eskyna.com/images/glossar/camisole.png","Editoriale Grafik mit stilisiertem Camisole, feinen Trägern und leicht glänzender Fläche","Seide (https://eskyna.com/glossar/seide/); Viskose (https://eskyna.com/glossar/viskose/); Glanzgrad (https://eskyna.com/glossar/glanzgrad/); Blazer (https://eskyna.com/glossar/blazer/); Accessoire (https://eskyna.com/glossar/accessoire/)","https://eskyna.com/glossar/kategorie/garderobe-alltag/; https://eskyna.com/stilgarderobe/","content/de/glossar/camisole.md"
"camouflage","Camouflage","camouflage","https://eskyna.com/glossar/camouflage/","published","Materialien & Details","","camouflage; was bedeutet camouflage; camouflage stilberatung","Natalia Kleemann","2026-07-09","https://eskyna.com/images/glossar/camouflage.png","Editoriale Glossar-Grafik zu Camouflage mit ruhigen Farbfeldern und feiner Linienführung","Materialfall (https://eskyna.com/glossar/materialfall/); Struktur (https://eskyna.com/glossar/struktur/); Glanzgrad (https://eskyna.com/glossar/glanzgrad/); Accessoire (https://eskyna.com/glossar/accessoire/)","https://eskyna.com/glossar/accessoire/; https://eskyna.com/glossar/glanzgrad/; https://eskyna.com/glossar/kategorie/materialien-details/; https://eskyna.com/glossar/materialfall/; https://eskyna.com/glossar/struktur/; https://eskyna.com/stilfrage/","content/de/glossar/camouflage.md"
"cap","Cap","cap","https://eskyna.com/glossar/cap/","published","Materialien & Details","","cap styling; was ist eine cap; cap kombinieren","Natalia Kleemann","2026-07-09","https://eskyna.com/images/glossar/cap.png","Editoriale Grafik zu Cap mit abstrahierten Formen, ruhigen Farbfeldern und hochwertiger Anmutung","Hut (https://eskyna.com/glossar/hut/); Accessoire (https://eskyna.com/glossar/accessoire/); Sneaker (https://eskyna.com/glossar/sneaker/); Stilbruch (https://eskyna.com/glossar/stilbruch/); Smart Casual (https://eskyna.com/glossar/smart-casual/)","https://eskyna.com/glossar/kategorie/materialien-details/; https://eskyna.com/stilfrage/","content/de/glossar/cap.md"
"cape","Cape","cape","https://eskyna.com/glossar/cape/","published","Garderobe & Alltag","","cape; was bedeutet cape; cape stilberatung","Natalia Kleemann","2026-07-09","https://eskyna.com/images/glossar/cape.png","Editoriale Glossar-Grafik zu Cape mit ruhigen Farbfeldern und feiner Linienführung","Capsule Wardrobe (https://eskyna.com/glossar/capsule-wardrobe/); Garderobenlogik (https://eskyna.com/glossar/garderobenlogik/); Outfit-Formel (https://eskyna.com/glossar/outfit-formel/); Key-Piece (https://eskyna.com/glossar/key-piece/); Fehlkauf (https://eskyna.com/glossar/fehlkauf/)","https://eskyna.com/glossar/capsule-wardrobe/; https://eskyna.com/glossar/fehlkauf/; https://eskyna.com/glossar/garderobenlogik/; https://eskyna.com/glossar/kategorie/garderobe-alltag/; https://eskyna.com/glossar/key-piece/; https://eskyna.com/glossar/outfit-formel/; https://eskyna.com/stilgarderobe/","content/de/glossar/cape.md"
"caprihose","Caprihose","caprihose","https://eskyna.com/glossar/caprihose/","published","Garderobe & Alltag","","caprihose; was ist eine caprihose; caprihose kombinieren","Natalia Kleemann","2026-07-09","https://eskyna.com/images/glossar/caprihose.png","Editoriale Grafik zu Caprihose mit ruhigen Formen, Stofflinien und ESKYNA Farbwelt","Saumlänge (https://eskyna.com/glossar/saumlange/); Culotte (https://eskyna.com/glossar/culotte/); Slingback (https://eskyna.com/glossar/slingback/); Sandale (https://eskyna.com/glossar/sandale/); Proportion (https://eskyna.com/glossar/proportion/)","https://eskyna.com/glossar/kategorie/garderobe-alltag/; https://eskyna.com/stilgarderobe/","content/de/glossar/caprihose.md"
"capsule-collection","Capsule Collection","capsule-collection","https://eskyna.com/glossar/capsule-collection/","published","Garderobe & Alltag","","capsule collection; was ist capsule collection; capsule collection","Natalia Kleemann","2026-07-18","https://eskyna.com/images/glossar/capsule-collection.png","Glossar-Illustration zu Capsule Collection","","","content/de/glossar/capsule-collection.md"
"capsule-wardrobe","Capsule Wardrobe","capsule-wardrobe","https://eskyna.com/glossar/capsule-wardrobe/","published","Garderobe & Alltag","","capsule wardrobe; garderobe; kombinierbare kleidung; stilberatung","Natalia Kleemann","2026-07-09","https://eskyna.com/images/glossar/capsule-wardrobe.png","Editoriale Grafik einer reduzierten Garderobe mit Farbfeldern und Outfit-Karten","Garderobenlogik (https://eskyna.com/glossar/garderobenlogik/); Basic (https://eskyna.com/glossar/basic/); Key-Piece (https://eskyna.com/glossar/key-piece/); Outfit-Formel (https://eskyna.com/glossar/outfit-formel/); Fehlkauf (https://eskyna.com/glossar/fehlkauf/); Farbpalette (https://eskyna.com/glossar/farbpalette/); Neutrale Farben (https://eskyna.com/glossar/neutrale-farben/)","https://eskyna.com/angebote/; https://eskyna.com/glossar/basic/; https://eskyna.com/glossar/farbpalette/; https://eskyna.com/glossar/fehlkauf/; https://eskyna.com/glossar/garderobenlogik/; https://eskyna.com/glossar/key-piece/; https://eskyna.com/glossar/outfit-formel/","content/de/glossar/capsule-wardrobe.md"
"cardigan","Cardigan","cardigan","https://eskyna.com/glossar/cardigan/","published","Garderobe & Alltag","","cardigan; was ist ein cardigan; cardigan kombinieren; strickjacke","Natalia Kleemann","2026-07-09","https://eskyna.com/images/glossar/cardigan.png","Editoriale Grafik mit offenem Cardigan, Knopfleiste, Strickstruktur und warmen Farbfeldern","Pullover (https://eskyna.com/glossar/pullover/); Layering (https://eskyna.com/glossar/layering/); Basic (https://eskyna.com/glossar/basic/); T-Shirt (https://eskyna.com/glossar/t-shirt/); Proportion (https://eskyna.com/glossar/proportion/)","https://eskyna.com/glossar/kategorie/garderobe-alltag/; https://eskyna.com/stilgarderobe/","content/de/glossar/cardigan.md"
"cargohose","Cargohose","cargohose","https://eskyna.com/glossar/cargohose/","published","Garderobe & Alltag","","cargohose; was ist eine cargohose; cargohose kombinieren","Natalia Kleemann","2026-07-09","https://eskyna.com/images/glossar/cargohose.png","Editoriale Grafik zu Cargohose mit ruhigen Formen, Stofflinien und ESKYNA Farbwelt","Khaki (https://eskyna.com/glossar/khaki/); Oliv (https://eskyna.com/glossar/oliv/); Stilbruch (https://eskyna.com/glossar/stilbruch/); Blazer (https://eskyna.com/glossar/blazer/); Sneaker (https://eskyna.com/glossar/sneaker/)","https://eskyna.com/glossar/kategorie/garderobe-alltag/; https://eskyna.com/stilgarderobe/","content/de/glossar/cargohose.md"
"carmen-ausschnitt","Carmen-Ausschnitt","carmen-ausschnitt","https://eskyna.com/glossar/carmen-ausschnitt/","published","Garderobe & Alltag","","carmen ausschnitt; was ist carmen-ausschnitt; carmen-ausschnitt","Natalia Kleemann","2026-07-18","https://eskyna.com/images/glossar/carmen-ausschnitt.png","Glossar-Illustration zu Carmen-Ausschnitt","","","content/de/glossar/carmen-ausschnitt.md"
"carre-ausschnitt","Carré-Ausschnitt","carre-ausschnitt","https://eskyna.com/glossar/carre-ausschnitt/","published","Materialien & Details","","carré-ausschnitt; was bedeutet carré-ausschnitt; carré-ausschnitt stilberatung","Natalia Kleemann","2026-07-09","https://eskyna.com/images/glossar/carre-ausschnitt.png","Editoriale Glossar-Grafik zu Carré-Ausschnitt mit ruhigen Farbfeldern und feiner Linienführung","Materialfall (https://eskyna.com/glossar/materialfall/); Struktur (https://eskyna.com/glossar/struktur/); Glanzgrad (https://eskyna.com/glossar/glanzgrad/); Accessoire (https://eskyna.com/glossar/accessoire/)","https://eskyna.com/glossar/accessoire/; https://eskyna.com/glossar/glanzgrad/; https://eskyna.com/glossar/kategorie/materialien-details/; https://eskyna.com/glossar/materialfall/; https://eskyna.com/glossar/struktur/; https://eskyna.com/stilfrage/","content/de/glossar/carre-ausschnitt.md"
"casual","Casual","casual","https://eskyna.com/glossar/casual/","published","Stil & Wirkung","","casual; was bedeutet casual; casual stilberatung","Natalia Kleemann","2026-07-09","https://eskyna.com/images/glossar/casual.png","Editoriale Glossar-Grafik zu Casual mit ruhigen Farbfeldern und feiner Linienführung","Signature Look (https://eskyna.com/glossar/signature-look/); Wirkung (https://eskyna.com/glossar/wirkung/); Personal Style (https://eskyna.com/glossar/personal-style/); Garderobenlogik (https://eskyna.com/glossar/garderobenlogik/)","https://eskyna.com/glossar/garderobenlogik/; https://eskyna.com/glossar/kategorie/stil-wirkung/; https://eskyna.com/glossar/personal-style/; https://eskyna.com/glossar/signature-look/; https://eskyna.com/glossar/wirkung/; https://eskyna.com/praesenz/","content/de/glossar/casual.md"
"chambray","Chambray","chambray","https://eskyna.com/glossar/chambray/","published","Materialien & Details","","chambray; was ist chambray; chambray","Natalia Kleemann","2026-07-18","https://eskyna.com/images/glossar/chambray.png","Glossar-Illustration zu Chambray","","","content/de/glossar/chambray.md"
"champagner","Champagner","champagner","https://eskyna.com/glossar/champagner/","published","Farb-Lexikon","","champagner farbe bedeutung; champagner kombinieren; champagner vs creme","Natalia Kleemann","2026-07-18","https://eskyna.com/images/glossar/champagner.png","Glossar-Illustration zu Champagner","Ecru (https://eskyna.com/glossar/ecru/); Creme (https://eskyna.com/glossar/creme/); Gold (https://eskyna.com/glossar/gold/); Bronze (https://eskyna.com/glossar/bronze/)","https://eskyna.com/glossar/bordeaux/; https://eskyna.com/glossar/navy/","content/de/glossar/champagner.md"
"chartreuse-und-limettengruen","Chartreuse und Limettengrün","chartreuse-und-limettengruen","https://eskyna.com/glossar/chartreuse-und-limettengruen/","published","Farb-Lexikon","","chartreuse bedeutung; limettengrün kombinieren; gelbgruen styling","Natalia Kleemann","2026-07-18","https://eskyna.com/images/glossar/chartreuse-und-limettengruen.png","Glossar-Illustration zu Chartreuse und Limettengrün","Grün (https://eskyna.com/glossar/gruen/); Ocker (https://eskyna.com/glossar/ocker/); Violett (https://eskyna.com/glossar/violett/); Schokoladenbraun (https://eskyna.com/glossar/schokoladenbraun/)","https://eskyna.com/glossar/anthrazit/; https://eskyna.com/glossar/navy/; https://eskyna.com/glossar/schokoladenbraun/","content/de/glossar/chartreuse-und-limettengruen.md"
"chelsea-boots","Chelsea Boots","chelsea-boots","https://eskyna.com/glossar/chelsea-boots/","published","Garderobe & Alltag","","chelsea boots; was sind chelsea boots; chelsea boots kombinieren; stiefeletten","Natalia Kleemann","2026-07-09","https://eskyna.com/images/glossar/chelsea-boots.png","Editoriale Grafik mit stilisiertem Chelsea Boot, Elastikeinsatz und ruhigen Lederfarben","Loafer (https://eskyna.com/glossar/loafer/); Jeans (https://eskyna.com/glossar/jeans/); Chinos (https://eskyna.com/glossar/chinos/); Trenchcoat (https://eskyna.com/glossar/trenchcoat/); Business Casual (https://eskyna.com/glossar/business-casual/)","https://eskyna.com/glossar/kategorie/garderobe-alltag/; https://eskyna.com/stilgarderobe/","content/de/glossar/chelsea-boots.md"
"chemische-reinigung","Chemische Reinigung","chemische-reinigung","https://eskyna.com/glossar/chemische-reinigung/","published","Materialien & Details","","chemische reinigung; was bedeutet chemische reinigung; chemische reinigung stilberatung","Natalia Kleemann","2026-07-09","https://eskyna.com/images/glossar/chemische-reinigung.png","Editoriale Glossar-Grafik zu Chemische Reinigung mit ruhigen Farbfeldern und feiner Linienführung","Materialfall (https://eskyna.com/glossar/materialfall/); Struktur (https://eskyna.com/glossar/struktur/); Glanzgrad (https://eskyna.com/glossar/glanzgrad/); Accessoire (https://eskyna.com/glossar/accessoire/); Qualität (https://eskyna.com/glossar/qualitaet/)","https://eskyna.com/glossar/accessoire/; https://eskyna.com/glossar/glanzgrad/; https://eskyna.com/glossar/kategorie/materialien-details/; https://eskyna.com/glossar/materialfall/; https://eskyna.com/glossar/qualitaet/; https://eskyna.com/glossar/struktur/; https://eskyna.com/stilfrage/","content/de/glossar/chemische-reinigung.md"
"chiffon","Chiffon","chiffon","https://eskyna.com/glossar/chiffon/","published","Materialien & Details","","chiffon; was bedeutet chiffon; chiffon stilberatung","Natalia Kleemann","2026-07-09","https://eskyna.com/images/glossar/chiffon.png","Editoriale Glossar-Grafik zu Chiffon mit ruhigen Farbfeldern und feiner Linienführung","Materialfall (https://eskyna.com/glossar/materialfall/); Struktur (https://eskyna.com/glossar/struktur/); Glanzgrad (https://eskyna.com/glossar/glanzgrad/); Accessoire (https://eskyna.com/glossar/accessoire/)","https://eskyna.com/glossar/accessoire/; https://eskyna.com/glossar/glanzgrad/; https://eskyna.com/glossar/kategorie/materialien-details/; https://eskyna.com/glossar/materialfall/; https://eskyna.com/glossar/struktur/; https://eskyna.com/stilfrage/","content/de/glossar/chiffon.md"
"chinos","Chinos","chinos","https://eskyna.com/glossar/chinos/","published","Garderobe & Alltag","","chinos; was sind chinos; chino hose; chinos kombinieren","Natalia Kleemann","2026-07-09","https://eskyna.com/images/glossar/chinos.png","Editoriale Grafik mit stilisierter Chino-Hose, Twill-Struktur und ruhigen neutralen Farbfeldern","Business Casual (https://eskyna.com/glossar/business-casual/); Smart Casual (https://eskyna.com/glossar/smart-casual/); Baumwolle (https://eskyna.com/glossar/baumwolle/); Passform (https://eskyna.com/glossar/passform/); Loafer (https://eskyna.com/glossar/loafer/)","https://eskyna.com/glossar/kategorie/garderobe-alltag/; https://eskyna.com/stilgarderobe/","content/de/glossar/chinos.md"
"choker","Choker","choker","https://eskyna.com/glossar/choker/","published","Materialien & Details","","choker; was ist ein choker; choker kette kombinieren","Natalia Kleemann","2026-07-09","https://eskyna.com/images/glossar/choker.png","Editoriale Grafik zu Choker mit abstrahierten Formen, ruhigen Farbfeldern und hochwertiger Anmutung","Accessoire (https://eskyna.com/glossar/accessoire/); Feinschmuck (https://eskyna.com/glossar/feinschmuck/); Statement-Schmuck (https://eskyna.com/glossar/statement-schmuck/); V-Ausschnitt (https://eskyna.com/glossar/v-ausschnitt/); Gesichtsrahmung (https://eskyna.com/glossar/gesichtsrahmung/)","https://eskyna.com/glossar/kategorie/materialien-details/; https://eskyna.com/stilfrage/","content/de/glossar/choker.md"
"circular-fashion","Circular Fashion","circular-fashion","https://eskyna.com/glossar/circular-fashion/","published","Garderobe & Alltag","","circular fashion; kreislauf mode; mode wiederverwertung","Natalia Kleemann","2026-07-09","https://eskyna.com/images/glossar/circular-fashion.png","Glossar-Illustration zu Circular Fashion","Slow Fashion (https://eskyna.com/glossar/slow-fashion/); Upcycling (https://eskyna.com/glossar/upcycling/); Langlebigkeit (https://eskyna.com/glossar/langlebigkeit/); Wardrobe Audit (https://eskyna.com/glossar/wardrobe-audit/); Kleiderschrank-Inventur (https://eskyna.com/glossar/kleiderschrank-inventur/)","https://eskyna.com/glossar/kategorie/garderobe-alltag/; https://eskyna.com/glossar/kleiderschrank-inventur/; https://eskyna.com/glossar/langlebigkeit/; https://eskyna.com/glossar/slow-fashion/; https://eskyna.com/glossar/upcycling/; https://eskyna.com/glossar/wardrobe-audit/; https://eskyna.com/stilgarderobe/","content/de/glossar/circular-fashion.md"
"clean-girl-aesthetic","Clean Girl Aesthetic","clean-girl-aesthetic","https://eskyna.com/glossar/clean-girl-aesthetic/","published","Stil & Wirkung","","clean girl aesthetic; clean girl style; gepflegter minimalistischer look","Natalia Kleemann","2026-07-09","https://eskyna.com/images/glossar/clean-girl-aesthetic.png","Glossar-Illustration zu Clean Girl Aesthetic","Minimalismus (https://eskyna.com/glossar/minimalismus/); Neutrale Farben (https://eskyna.com/glossar/neutrale-farben/); Ton-in-Ton (https://eskyna.com/glossar/ton-in-ton/); Personal Style (https://eskyna.com/glossar/personal-style/); Quiet Luxury (https://eskyna.com/glossar/quiet-luxury/)","https://eskyna.com/glossar/kategorie/stil-wirkung/; https://eskyna.com/glossar/minimalismus/; https://eskyna.com/glossar/neutrale-farben/; https://eskyna.com/glossar/personal-style/; https://eskyna.com/glossar/quiet-luxury/; https://eskyna.com/glossar/ton-in-ton/; https://eskyna.com/praesenz/","content/de/glossar/clean-girl-aesthetic.md"
"cloud-dancer","Cloud Dancer","cloud-dancer","https://eskyna.com/glossar/cloud-dancer/","published","Farbberatung & Farbe","","cloud dancer; cloud dancer farbe; weicher weisston","Natalia Kleemann","2026-07-09","https://eskyna.com/images/glossar/cloud-dancer.png","Glossar-Illustration zu Cloud Dancer","Cremeweiss (https://eskyna.com/glossar/cremeweiss/); Reinweiss (https://eskyna.com/glossar/reinweiss/); Weiss (https://eskyna.com/glossar/weiss/); Unterton (https://eskyna.com/glossar/unterton/); Farbkarte (https://eskyna.com/glossar/farbkarte/)","https://eskyna.com/glossar/cremeweiss/; https://eskyna.com/glossar/farbkarte/; https://eskyna.com/glossar/kategorie/farbberatung-farbe/; https://eskyna.com/glossar/reinweiss/; https://eskyna.com/glossar/unterton/; https://eskyna.com/glossar/weiss/; https://eskyna.com/stilgefuehl/","content/de/glossar/cloud-dancer.md"
"clutch","Clutch","clutch","https://eskyna.com/glossar/clutch/","published","Materialien & Details","","clutch; was ist eine clutch; clutch tasche kombinieren","Natalia Kleemann","2026-07-09","https://eskyna.com/images/glossar/clutch.png","Editoriale Grafik zu Clutch mit abstrahierten Formen, ruhigen Farbfeldern und hochwertiger Anmutung","Accessoire (https://eskyna.com/glossar/accessoire/); Cocktailkleid (https://eskyna.com/glossar/cocktailkleid/); Abendkleid (https://eskyna.com/glossar/abendkleid/); Metallic (https://eskyna.com/glossar/metallic/); Glanzgrad (https://eskyna.com/glossar/glanzgrad/)","https://eskyna.com/glossar/kategorie/materialien-details/; https://eskyna.com/stilfrage/","content/de/glossar/clutch.md"
"coastal-grandmother","Coastal Grandmother","coastal-grandmother","https://eskyna.com/glossar/coastal-grandmother/","published","Stil & Wirkung","","coastal grandmother; coastal grandmother style; maritim elegante ästhetik","Natalia Kleemann","2026-07-09","https://eskyna.com/images/glossar/coastal-grandmother.png","Glossar-Illustration zu Coastal Grandmother","Navy (https://eskyna.com/glossar/navy/); Leinen (https://eskyna.com/glossar/leinen/); Strick (https://eskyna.com/glossar/strick/); Wochenendlook (https://eskyna.com/glossar/wochenendlook/); Personal Style (https://eskyna.com/glossar/personal-style/)","https://eskyna.com/glossar/kategorie/stil-wirkung/; https://eskyna.com/glossar/leinen/; https://eskyna.com/glossar/navy/; https://eskyna.com/glossar/personal-style/; https://eskyna.com/glossar/strick/; https://eskyna.com/glossar/wochenendlook/; https://eskyna.com/praesenz/","content/de/glossar/coastal-grandmother.md"
"cocktail","Cocktail","cocktail","https://eskyna.com/glossar/cocktail/","published","Garderobe & Alltag","","cocktail; was bedeutet cocktail; cocktail stilberatung","Natalia Kleemann","2026-07-09","https://eskyna.com/images/glossar/cocktail.png","Editoriale Glossar-Grafik zu Cocktail mit ruhigen Farbfeldern und feiner Linienführung","Capsule Wardrobe (https://eskyna.com/glossar/capsule-wardrobe/); Garderobenlogik (https://eskyna.com/glossar/garderobenlogik/); Outfit-Formel (https://eskyna.com/glossar/outfit-formel/); Key-Piece (https://eskyna.com/glossar/key-piece/); Fehlkauf (https://eskyna.com/glossar/fehlkauf/)","https://eskyna.com/glossar/capsule-wardrobe/; https://eskyna.com/glossar/fehlkauf/; https://eskyna.com/glossar/garderobenlogik/; https://eskyna.com/glossar/kategorie/garderobe-alltag/; https://eskyna.com/glossar/key-piece/; https://eskyna.com/glossar/outfit-formel/; https://eskyna.com/stilgarderobe/","content/de/glossar/cocktail.md"
"cocktail-attire","Cocktail Attire","cocktail-attire","https://eskyna.com/glossar/cocktail-attire/","published","Garderobe & Alltag","","cocktail attire; cocktail attire dresscode; cocktail kleidung","Natalia Kleemann","2026-07-09","https://eskyna.com/images/glossar/cocktail-attire.png","Glossar-Illustration zu Cocktail Attire","Cocktail (https://eskyna.com/glossar/cocktail/); Cocktailkleid (https://eskyna.com/glossar/cocktailkleid/); Semi Formal (https://eskyna.com/glossar/semi-formal/); Black Tie (https://eskyna.com/glossar/black-tie/); Festliche Kleidung (https://eskyna.com/glossar/festliche-kleidung/)","https://eskyna.com/glossar/black-tie/; https://eskyna.com/glossar/cocktail/; https://eskyna.com/glossar/cocktailkleid/; https://eskyna.com/glossar/festliche-kleidung/; https://eskyna.com/glossar/kategorie/garderobe-alltag/; https://eskyna.com/glossar/semi-formal/; https://eskyna.com/stilgarderobe/","content/de/glossar/cocktail-attire.md"
"cocktailkleid","Cocktailkleid","cocktailkleid","https://eskyna.com/glossar/cocktailkleid/","published","Dresscodes & Anlässe","","cocktailkleid; was ist ein cocktailkleid; dresscode cocktail","Natalia Kleemann","2026-07-09","https://eskyna.com/images/glossar/cocktailkleid.png","Editoriale ESKYNA Grafik zum Glossarbegriff Cocktailkleid mit ruhigen Formen und feinen Farbfeldern","Dresscode (https://eskyna.com/glossar/dresscode/); Kleid (https://eskyna.com/glossar/kleid/); Pumps (https://eskyna.com/glossar/pumps/); Slingback (https://eskyna.com/glossar/slingback/)","https://eskyna.com/glossar/kategorie/dresscodes-anlaesse/; https://eskyna.com/praesenz/","content/de/glossar/cocktailkleid.md"
"cognac","Cognac","cognac","https://eskyna.com/glossar/cognac/","published","Farb-Lexikon","","cognac farbe bedeutung; cognac kombinieren; leder in cognac","Natalia Kleemann","2026-07-18","https://eskyna.com/images/glossar/cognac.png","Glossar-Illustration zu Cognac","Camel (https://eskyna.com/glossar/camel/); Braun (https://eskyna.com/glossar/braun/); Ecru (https://eskyna.com/glossar/ecru/); Leder (https://eskyna.com/glossar/leder/)","https://eskyna.com/glossar/guertel/","content/de/glossar/cognac.md"
"color-clash-farb-clash","Color Clash","color-clash-farb-clash","https://eskyna.com/glossar/color-clash-farb-clash/","published","Farbberatung & Farbe","","color clash bedeutung; farben mutig kombinieren; farb clash styling","Natalia Kleemann","2026-07-17","https://eskyna.com/images/glossar/color-clash-farb-clash.png","Glossar-Illustration zu Color Clash","Farbberatung (https://eskyna.com/glossar/farbberatung/); Komplementaerfarben (https://eskyna.com/glossar/komplementaerfarben/); Colour Blocking (https://eskyna.com/glossar/colour-blocking/); Trendfarben (https://eskyna.com/glossar/farbe/); Stilwirkung (https://eskyna.com/glossar/wirkung/)","https://eskyna.com/glossar/colour-blocking/; https://eskyna.com/glossar/farbberatung/; https://eskyna.com/glossar/farbe/; https://eskyna.com/glossar/komplementaerfarben/; https://eskyna.com/glossar/wirkung/","content/de/glossar/color-clash-farb-clash.md"
"colour-blocking","Colour Blocking","colour-blocking","https://eskyna.com/glossar/colour-blocking/","published","Materialien & Details","","colour blocking; was bedeutet colour blocking; colour blocking stilberatung","Natalia Kleemann","2026-07-09","https://eskyna.com/images/glossar/colour-blocking.png","Editoriale Glossar-Grafik zu Colour Blocking mit ruhigen Farbfeldern und feiner Linienführung","Materialfall (https://eskyna.com/glossar/materialfall/); Struktur (https://eskyna.com/glossar/struktur/); Glanzgrad (https://eskyna.com/glossar/glanzgrad/); Accessoire (https://eskyna.com/glossar/accessoire/)","https://eskyna.com/glossar/accessoire/; https://eskyna.com/glossar/glanzgrad/; https://eskyna.com/glossar/kategorie/materialien-details/; https://eskyna.com/glossar/materialfall/; https://eskyna.com/glossar/struktur/; https://eskyna.com/stilfrage/","content/de/glossar/colour-blocking.md"
"combat-boots","Combat Boots","combat-boots","https://eskyna.com/glossar/combat-boots/","published","Schuhe","","combat boots; was sind combat boots; derbe boots","Natalia Kleemann","2026-07-09","https://eskyna.com/images/glossar/combat-boots.png","Editoriale ESKYNA Grafik zum Glossarbegriff Combat Boots mit ruhigen Formen und feinen Farbfeldern","Stiefelette (https://eskyna.com/glossar/stiefelette/); Stilbruch (https://eskyna.com/glossar/stilbruch/); Satinrock (https://eskyna.com/glossar/satinrock/); Lederjacke (https://eskyna.com/glossar/lederjacke/)","https://eskyna.com/glossar/kategorie/schuhe/; https://eskyna.com/stilfrage/","content/de/glossar/combat-boots.md"
"cord","Cord","cord","https://eskyna.com/glossar/cord/","published","Materialien & Details","","cord; was bedeutet cord; cord stilberatung","Natalia Kleemann","2026-07-09","https://eskyna.com/images/glossar/cord.png","Editoriale Glossar-Grafik zu Cord mit ruhigen Farbfeldern und feiner Linienführung","Materialfall (https://eskyna.com/glossar/materialfall/); Struktur (https://eskyna.com/glossar/struktur/); Glanzgrad (https://eskyna.com/glossar/glanzgrad/); Accessoire (https://eskyna.com/glossar/accessoire/)","https://eskyna.com/glossar/accessoire/; https://eskyna.com/glossar/glanzgrad/; https://eskyna.com/glossar/kategorie/materialien-details/; https://eskyna.com/glossar/materialfall/; https://eskyna.com/glossar/struktur/; https://eskyna.com/stilfrage/","content/de/glossar/cord.md"
"cost-per-wear","Cost per Wear","cost-per-wear","https://eskyna.com/glossar/cost-per-wear/","published","Garderobe & Alltag","","cost per wear; was bedeutet cost per wear; cost per wear stilberatung","Natalia Kleemann","2026-07-09","https://eskyna.com/images/glossar/cost-per-wear.png","Editoriale Glossar-Grafik zu Cost per Wear mit ruhigen Farbfeldern und feiner Linienführung","Capsule Wardrobe (https://eskyna.com/glossar/capsule-wardrobe/); Garderobenlogik (https://eskyna.com/glossar/garderobenlogik/); Outfit-Formel (https://eskyna.com/glossar/outfit-formel/); Key-Piece (https://eskyna.com/glossar/key-piece/); Fehlkauf (https://eskyna.com/glossar/fehlkauf/)","https://eskyna.com/glossar/capsule-wardrobe/; https://eskyna.com/glossar/fehlkauf/; https://eskyna.com/glossar/garderobenlogik/; https://eskyna.com/glossar/kategorie/garderobe-alltag/; https://eskyna.com/glossar/key-piece/; https://eskyna.com/glossar/outfit-formel/; https://eskyna.com/stilgarderobe/","content/de/glossar/cost-per-wear.md"
"cottagecore","Cottagecore","cottagecore","https://eskyna.com/glossar/cottagecore/","published","Stil & Wirkung","","cottagecore; cottagecore style; romantische natur ästhetik","Natalia Kleemann","2026-07-09","https://eskyna.com/images/glossar/cottagecore.png","Glossar-Illustration zu Cottagecore","Romantisch (https://eskyna.com/glossar/romantisch/); Blumenmuster (https://eskyna.com/glossar/blumenmuster/); Leinen (https://eskyna.com/glossar/leinen/); Vintage (https://eskyna.com/glossar/vintage/); Boho (https://eskyna.com/glossar/boho/)","https://eskyna.com/glossar/blumenmuster/; https://eskyna.com/glossar/boho/; https://eskyna.com/glossar/kategorie/stil-wirkung/; https://eskyna.com/glossar/leinen/; https://eskyna.com/glossar/romantisch/; https://eskyna.com/glossar/vintage/; https://eskyna.com/praesenz/","content/de/glossar/cottagecore.md"
"creative-black-tie","Creative Black Tie","creative-black-tie","https://eskyna.com/glossar/creative-black-tie/","published","Dresscodes & Anlässe","","creative black tie; creative black tie dresscode; formal mit twist","Natalia Kleemann","2026-07-09","https://eskyna.com/images/glossar/creative-black-tie.png","Glossar-Illustration zu Creative Black Tie","Black Tie (https://eskyna.com/glossar/black-tie/); Black Tie Optional (https://eskyna.com/glossar/black-tie-optional/); Festive Attire (https://eskyna.com/glossar/festive-attire/); Dresscode (https://eskyna.com/glossar/dresscode/); Event-Look (https://eskyna.com/glossar/event-look/)","https://eskyna.com/glossar/black-tie-optional/; https://eskyna.com/glossar/black-tie/; https://eskyna.com/glossar/dresscode/; https://eskyna.com/glossar/event-look/; https://eskyna.com/glossar/festive-attire/; https://eskyna.com/glossar/kategorie/dresscodes-anlaesse/; https://eskyna.com/praesenz/","content/de/glossar/creative-black-tie.md"
"creme","Creme","creme","https://eskyna.com/glossar/creme/","published","Farb-Lexikon","","creme kleidung; creme kombinieren; creme farbberatung; creme statt weiß","Natalia Kleemann","2026-07-09","https://eskyna.com/images/glossar/creme.png","Editoriale Grafik mit Creme-Nuancen, ruhigen Farbfeldern und feiner Stoffstruktur","Weiß (https://eskyna.com/glossar/weiss/); Beige (https://eskyna.com/glossar/beige/); Camel (https://eskyna.com/glossar/camel/); Neutrale Farben (https://eskyna.com/glossar/neutrale-farben/); Unterton (https://eskyna.com/glossar/unterton/); Off-White (https://eskyna.com/glossar/off-white/); Roségold (https://eskyna.com/glossar/rosegold/)","https://eskyna.com/glossar/kategorie/farb-lexikon/; https://eskyna.com/stilgefuehl/","content/de/glossar/creme.md"
"cremeweiss","Cremeweiß","cremeweiss","https://eskyna.com/glossar/cremeweiss/","published","Farbberatung & Farbe","","cremeweiss; cremeweiss farbe; warmes weiss","Natalia Kleemann","2026-07-09","https://eskyna.com/images/glossar/cremeweiss.png","Glossar-Illustration zu Cremeweiß","Creme (https://eskyna.com/glossar/creme/); Weiss (https://eskyna.com/glossar/weiss/); Reinweiss (https://eskyna.com/glossar/reinweiss/); Unterton (https://eskyna.com/glossar/unterton/); Frühlingstyp (https://eskyna.com/glossar/fruehlingstyp/)","https://eskyna.com/glossar/creme/; https://eskyna.com/glossar/fruehlingstyp/; https://eskyna.com/glossar/kategorie/farbberatung-farbe/; https://eskyna.com/glossar/reinweiss/; https://eskyna.com/glossar/unterton/; https://eskyna.com/glossar/weiss/; https://eskyna.com/stilgefuehl/","content/de/glossar/cremeweiss.md"
"creolen","Creolen","creolen","https://eskyna.com/glossar/creolen/","published","Materialien & Details","","creolen; was sind creolen; creolen kombinieren","Natalia Kleemann","2026-07-09","https://eskyna.com/images/glossar/creolen.png","Editoriale Grafik zu Creolen mit abstrahierten Formen, ruhigen Farbfeldern und hochwertiger Anmutung","Accessoire (https://eskyna.com/glossar/accessoire/); Gold (https://eskyna.com/glossar/gold/); Silber (https://eskyna.com/glossar/silber/); Metallic (https://eskyna.com/glossar/metallic/); Gesichtsrahmung (https://eskyna.com/glossar/gesichtsrahmung/)","https://eskyna.com/glossar/kategorie/materialien-details/; https://eskyna.com/stilfrage/","content/de/glossar/creolen.md"
"crepe-krepp","Crêpe/Krepp","crepe-krepp","https://eskyna.com/glossar/crepe-krepp/","published","Materialien & Details","","crepe krepp; was ist crêpe/krepp; crêpe/krepp","Natalia Kleemann","2026-07-18","https://eskyna.com/images/glossar/crepe-krepp.png","Glossar-Illustration zu Crêpe/Krepp","","","content/de/glossar/crepe-krepp.md"
"crop-top","Crop Top","crop-top","https://eskyna.com/glossar/crop-top/","published","Materialien & Details","","crop top; was bedeutet crop top; crop top stilberatung","Natalia Kleemann","2026-07-09","https://eskyna.com/images/glossar/crop-top.png","Editoriale Glossar-Grafik zu Crop Top mit ruhigen Farbfeldern und feiner Linienführung","Materialfall (https://eskyna.com/glossar/materialfall/); Struktur (https://eskyna.com/glossar/struktur/); Glanzgrad (https://eskyna.com/glossar/glanzgrad/); Accessoire (https://eskyna.com/glossar/accessoire/)","https://eskyna.com/glossar/accessoire/; https://eskyna.com/glossar/glanzgrad/; https://eskyna.com/glossar/kategorie/materialien-details/; https://eskyna.com/glossar/materialfall/; https://eskyna.com/glossar/struktur/; https://eskyna.com/stilfrage/","content/de/glossar/crop-top.md"
"cropped","Cropped","cropped","https://eskyna.com/glossar/cropped/","published","Schnitt, Proportion & Passform","","cropped; was bedeutet cropped; cropped stilberatung","Natalia Kleemann","2026-07-09","https://eskyna.com/images/glossar/cropped.png","Editoriale Glossar-Grafik zu Cropped mit ruhigen Farbfeldern und feiner Linienführung","Passform (https://eskyna.com/glossar/passform/); Silhouette (https://eskyna.com/glossar/silhouette/); Proportion (https://eskyna.com/glossar/proportion/); Saumlänge (https://eskyna.com/glossar/saumlange/); Taillierung (https://eskyna.com/glossar/taillierung/)","https://eskyna.com/glossar/kategorie/schnitt-proportion-passform/; https://eskyna.com/glossar/passform/; https://eskyna.com/glossar/proportion/; https://eskyna.com/glossar/saumlange/; https://eskyna.com/glossar/silhouette/; https://eskyna.com/glossar/taillierung/; https://eskyna.com/stilfrage/","content/de/glossar/cropped.md"
"crossbody-bag","Crossbody Bag","crossbody-bag","https://eskyna.com/glossar/crossbody-bag/","published","Materialien & Details","","crossbody bag; was ist eine crossbody bag; umhängetasche quer tragen","Natalia Kleemann","2026-07-09","https://eskyna.com/images/glossar/crossbody-bag.png","Editoriale Grafik zu Crossbody Bag mit abstrahierten Formen, ruhigen Farbfeldern und hochwertiger Anmutung","Accessoire (https://eskyna.com/glossar/accessoire/); Shopper (https://eskyna.com/glossar/shopper/); Clutch (https://eskyna.com/glossar/clutch/); Gürtel (https://eskyna.com/glossar/guertel/); Proportion (https://eskyna.com/glossar/proportion/)","https://eskyna.com/glossar/kategorie/materialien-details/; https://eskyna.com/stilfrage/","content/de/glossar/crossbody-bag.md"
"culotte","Culotte","culotte","https://eskyna.com/glossar/culotte/","published","Schnitt, Proportion & Passform","","culotte; was ist eine culotte; culotte kombinieren; weite hose","Natalia Kleemann","2026-07-09","https://eskyna.com/images/glossar/culotte.png","Editoriale Grafik mit stilisierter Culotte, weiter Beinlinie und ruhigen Proportionsfeldern","Passform (https://eskyna.com/glossar/passform/); Proportion (https://eskyna.com/glossar/proportion/); Silhouette (https://eskyna.com/glossar/silhouette/); Loafer (https://eskyna.com/glossar/loafer/); Chinos (https://eskyna.com/glossar/chinos/)","https://eskyna.com/glossar/kategorie/schnitt-proportion-passform/; https://eskyna.com/stilfrage/","content/de/glossar/culotte.md"
"cupro","Cupro","cupro","https://eskyna.com/glossar/cupro/","published","Materialien & Details","","cupro; was ist cupro; cupro","Natalia Kleemann","2026-07-18","https://eskyna.com/images/glossar/cupro.png","Glossar-Illustration zu Cupro","","","content/de/glossar/cupro.md"
"curvy-styling","Curvy Styling","curvy-styling","https://eskyna.com/glossar/curvy-styling/","published","Schnitt, Proportion & Passform","","curvy styling; kurvige figur styling; body neutral styling","Natalia Kleemann","2026-07-09","https://eskyna.com/images/glossar/curvy-styling.png","Glossar-Illustration zu Curvy Styling","Körperform (https://eskyna.com/glossar/koerperform/); Passform (https://eskyna.com/glossar/passform/); Taillierung (https://eskyna.com/glossar/taillierung/); Balance (https://eskyna.com/glossar/balance/); Silhouette (https://eskyna.com/glossar/silhouette/)","https://eskyna.com/glossar/balance/; https://eskyna.com/glossar/kategorie/schnitt-proportion-passform/; https://eskyna.com/glossar/koerperform/; https://eskyna.com/glossar/passform/; https://eskyna.com/glossar/silhouette/; https://eskyna.com/glossar/taillierung/; https://eskyna.com/stilfrage/","content/de/glossar/curvy-styling.md"
"dorsay-pumps","D'Orsay-Pumps","dorsay-pumps","https://eskyna.com/glossar/dorsay-pumps/","published","Schuhe","","dorsay pumps; was sind d'orsay-pumps; d'orsay-pumps","Natalia Kleemann","2026-07-18","https://eskyna.com/images/glossar/dorsay-pumps.png","Glossar-Illustration zu D'Orsay-Pumps","","","content/de/glossar/dorsay-pumps.md"
"dampfen","Dampfen","dampfen","https://eskyna.com/glossar/dampfen/","published","Materialien & Details","","dampfen; was bedeutet dampfen; dampfen stilberatung","Natalia Kleemann","2026-07-09","https://eskyna.com/images/glossar/dampfen.png","Editoriale Glossar-Grafik zu Dampfen mit ruhigen Farbfeldern und feiner Linienführung","Materialfall (https://eskyna.com/glossar/materialfall/); Struktur (https://eskyna.com/glossar/struktur/); Glanzgrad (https://eskyna.com/glossar/glanzgrad/); Accessoire (https://eskyna.com/glossar/accessoire/); Qualität (https://eskyna.com/glossar/qualitaet/)","https://eskyna.com/glossar/accessoire/; https://eskyna.com/glossar/glanzgrad/; https://eskyna.com/glossar/kategorie/materialien-details/; https://eskyna.com/glossar/materialfall/; https://eskyna.com/glossar/qualitaet/; https://eskyna.com/glossar/struktur/; https://eskyna.com/stilfrage/","content/de/glossar/dampfen.md"
"dark-academia","Dark Academia","dark-academia","https://eskyna.com/glossar/dark-academia/","published","Stil & Wirkung","","dark academia; dark academia style; akademische ästhetik","Natalia Kleemann","2026-07-09","https://eskyna.com/images/glossar/dark-academia.png","Glossar-Illustration zu Dark Academia","Poetcore (https://eskyna.com/glossar/poetcore/); Light Academia (https://eskyna.com/glossar/light-academia/); Tweed (https://eskyna.com/glossar/tweed/); Rollkragen (https://eskyna.com/glossar/rollkragen/); Vintage (https://eskyna.com/glossar/vintage/)","https://eskyna.com/glossar/kategorie/stil-wirkung/; https://eskyna.com/glossar/light-academia/; https://eskyna.com/glossar/poetcore/; https://eskyna.com/glossar/rollkragen/; https://eskyna.com/glossar/tweed/; https://eskyna.com/glossar/vintage/; https://eskyna.com/praesenz/","content/de/glossar/dark-academia.md"
"date-look","Date-Look","date-look","https://eskyna.com/glossar/date-look/","published","Garderobe & Alltag","","date-look; was bedeutet date-look; date-look stilberatung","Natalia Kleemann","2026-07-09","https://eskyna.com/images/glossar/date-look.png","Editoriale Glossar-Grafik zu Date-Look mit ruhigen Farbfeldern und feiner Linienführung","Capsule Wardrobe (https://eskyna.com/glossar/capsule-wardrobe/); Garderobenlogik (https://eskyna.com/glossar/garderobenlogik/); Outfit-Formel (https://eskyna.com/glossar/outfit-formel/); Key-Piece (https://eskyna.com/glossar/key-piece/); Fehlkauf (https://eskyna.com/glossar/fehlkauf/)","https://eskyna.com/glossar/capsule-wardrobe/; https://eskyna.com/glossar/fehlkauf/; https://eskyna.com/glossar/garderobenlogik/; https://eskyna.com/glossar/kategorie/garderobe-alltag/; https://eskyna.com/glossar/key-piece/; https://eskyna.com/glossar/outfit-formel/; https://eskyna.com/stilgarderobe/","content/de/glossar/date-look.md"
"daunenjacke","Daunenjacke","daunenjacke","https://eskyna.com/glossar/daunenjacke/","published","Garderobe & Alltag","","daunenjacke; was bedeutet daunenjacke; daunenjacke stilberatung","Natalia Kleemann","2026-07-09","https://eskyna.com/images/glossar/daunenjacke.png","Editoriale Glossar-Grafik zu Daunenjacke mit ruhigen Farbfeldern und feiner Linienführung","Capsule Wardrobe (https://eskyna.com/glossar/capsule-wardrobe/); Garderobenlogik (https://eskyna.com/glossar/garderobenlogik/); Outfit-Formel (https://eskyna.com/glossar/outfit-formel/); Key-Piece (https://eskyna.com/glossar/key-piece/); Fehlkauf (https://eskyna.com/glossar/fehlkauf/)","https://eskyna.com/glossar/capsule-wardrobe/; https://eskyna.com/glossar/fehlkauf/; https://eskyna.com/glossar/garderobenlogik/; https://eskyna.com/glossar/kategorie/garderobe-alltag/; https://eskyna.com/glossar/key-piece/; https://eskyna.com/glossar/outfit-formel/; https://eskyna.com/stilgarderobe/","content/de/glossar/daunenjacke.md"
"deadstock","Deadstock","deadstock","https://eskyna.com/glossar/deadstock/","published","Garderobe & Alltag","","deadstock; was ist deadstock; deadstock","Natalia Kleemann","2026-07-18","https://eskyna.com/images/glossar/deadstock.png","Glossar-Illustration zu Deadstock","","","content/de/glossar/deadstock.md"
"denim","Denim","denim","https://eskyna.com/glossar/denim/","published","Materialien & Details","","denim; was ist denim; denim stoff; jeansstoff","Natalia Kleemann","2026-07-09","https://eskyna.com/images/glossar/denim.png","Editoriale Grafik mit Denimstruktur, Jeanstasche und blauen Stoffflächen","Jeans (https://eskyna.com/glossar/jeans/); Baumwolle (https://eskyna.com/glossar/baumwolle/); Struktur (https://eskyna.com/glossar/struktur/); Chinos (https://eskyna.com/glossar/chinos/); Materialfall (https://eskyna.com/glossar/materialfall/); Jeansjacke (https://eskyna.com/glossar/jeansjacke/)","https://eskyna.com/glossar/kategorie/materialien-details/; https://eskyna.com/stilfrage/","content/de/glossar/denim.md"
"derby-schuh","Derby-Schuh","derby-schuh","https://eskyna.com/glossar/derby-schuh/","published","Schuhe","","derby schuh; was ist derby-schuh; derby-schuh","Natalia Kleemann","2026-07-18","https://eskyna.com/images/glossar/derby-schuh.png","Glossar-Illustration zu Derby-Schuh","","","content/de/glossar/derby-schuh.md"
"dichte","Dichte","dichte","https://eskyna.com/glossar/dichte/","published","Materialien & Details","","dichte; was bedeutet dichte; dichte stilberatung","Natalia Kleemann","2026-07-09","https://eskyna.com/images/glossar/dichte.png","Editoriale Glossar-Grafik zu Dichte mit ruhigen Farbfeldern und feiner Linienführung","Materialfall (https://eskyna.com/glossar/materialfall/); Struktur (https://eskyna.com/glossar/struktur/); Glanzgrad (https://eskyna.com/glossar/glanzgrad/); Accessoire (https://eskyna.com/glossar/accessoire/); Qualität (https://eskyna.com/glossar/qualitaet/)","https://eskyna.com/glossar/accessoire/; https://eskyna.com/glossar/glanzgrad/; https://eskyna.com/glossar/kategorie/materialien-details/; https://eskyna.com/glossar/materialfall/; https://eskyna.com/glossar/qualitaet/; https://eskyna.com/glossar/struktur/; https://eskyna.com/stilfrage/","content/de/glossar/dichte.md"
"dinner-look","Dinner-Look","dinner-look","https://eskyna.com/glossar/dinner-look/","published","Garderobe & Alltag","","dinner-look; was bedeutet dinner-look; dinner-look stilberatung","Natalia Kleemann","2026-07-09","https://eskyna.com/images/glossar/dinner-look.png","Editoriale Glossar-Grafik zu Dinner-Look mit ruhigen Farbfeldern und feiner Linienführung","Capsule Wardrobe (https://eskyna.com/glossar/capsule-wardrobe/); Garderobenlogik (https://eskyna.com/glossar/garderobenlogik/); Outfit-Formel (https://eskyna.com/glossar/outfit-formel/); Key-Piece (https://eskyna.com/glossar/key-piece/); Fehlkauf (https://eskyna.com/glossar/fehlkauf/)","https://eskyna.com/glossar/capsule-wardrobe/; https://eskyna.com/glossar/fehlkauf/; https://eskyna.com/glossar/garderobenlogik/; https://eskyna.com/glossar/kategorie/garderobe-alltag/; https://eskyna.com/glossar/key-piece/; https://eskyna.com/glossar/outfit-formel/; https://eskyna.com/stilgarderobe/","content/de/glossar/dinner-look.md"
"dopamine-dressing","Dopamine Dressing","dopamine-dressing","https://eskyna.com/glossar/dopamine-dressing/","published","Stil & Wirkung","","dopamine dressing; was ist dopamine dressing; dopamine dressing","Natalia Kleemann","2026-07-18","https://eskyna.com/images/glossar/dopamine-dressing.png","Glossar-Illustration zu Dopamine Dressing","","","content/de/glossar/dopamine-dressing.md"
"doppelreiher","Doppelreiher","doppelreiher","https://eskyna.com/glossar/doppelreiher/","published","Garderobe & Alltag","","doppelreiher; was bedeutet doppelreiher; doppelreiher stilberatung","Natalia Kleemann","2026-07-09","https://eskyna.com/images/glossar/doppelreiher.png","Editoriale Glossar-Grafik zu Doppelreiher mit ruhigen Farbfeldern und feiner Linienführung","Capsule Wardrobe (https://eskyna.com/glossar/capsule-wardrobe/); Garderobenlogik (https://eskyna.com/glossar/garderobenlogik/); Outfit-Formel (https://eskyna.com/glossar/outfit-formel/); Key-Piece (https://eskyna.com/glossar/key-piece/); Fehlkauf (https://eskyna.com/glossar/fehlkauf/)","https://eskyna.com/glossar/capsule-wardrobe/; https://eskyna.com/glossar/fehlkauf/; https://eskyna.com/glossar/garderobenlogik/; https://eskyna.com/glossar/kategorie/garderobe-alltag/; https://eskyna.com/glossar/key-piece/; https://eskyna.com/glossar/outfit-formel/; https://eskyna.com/stilgarderobe/","content/de/glossar/doppelreiher.md"
"drapierung","Drapierung","drapierung","https://eskyna.com/glossar/drapierung/","published","Materialien & Details","","drapierung; was bedeutet drapierung; drapierung stilberatung","Natalia Kleemann","2026-07-09","https://eskyna.com/images/glossar/drapierung.png","Editoriale Glossar-Grafik zu Drapierung mit ruhigen Farbfeldern und feiner Linienführung","Materialfall (https://eskyna.com/glossar/materialfall/); Struktur (https://eskyna.com/glossar/struktur/); Glanzgrad (https://eskyna.com/glossar/glanzgrad/); Accessoire (https://eskyna.com/glossar/accessoire/)","https://eskyna.com/glossar/accessoire/; https://eskyna.com/glossar/glanzgrad/; https://eskyna.com/glossar/kategorie/materialien-details/; https://eskyna.com/glossar/materialfall/; https://eskyna.com/glossar/struktur/; https://eskyna.com/stilfrage/","content/de/glossar/drapierung.md"
"dreieck-silhouette","Dreieck-Silhouette","dreieck-silhouette","https://eskyna.com/glossar/dreieck-silhouette/","published","Schnitt, Proportion & Passform","","dreieck-silhouette; triangle silhouette; hüfte breiter als schultern","Natalia Kleemann","2026-07-09","https://eskyna.com/images/glossar/dreieck-silhouette.png","Glossar-Illustration zu Dreieck-Silhouette","Silhouette (https://eskyna.com/glossar/silhouette/); Schulter-Hüft-Balance (https://eskyna.com/glossar/schulter-hueft-balance/); Balance (https://eskyna.com/glossar/balance/); Körperform (https://eskyna.com/glossar/koerperform/); A-Linie (https://eskyna.com/glossar/a-linie/)","https://eskyna.com/glossar/a-linie/; https://eskyna.com/glossar/balance/; https://eskyna.com/glossar/kategorie/schnitt-proportion-passform/; https://eskyna.com/glossar/koerperform/; https://eskyna.com/glossar/schulter-hueft-balance/; https://eskyna.com/glossar/silhouette/; https://eskyna.com/stilfrage/","content/de/glossar/dreieck-silhouette.md"
"dresscode","Dresscode","dresscode","https://eskyna.com/glossar/dresscode/","published","Garderobe & Alltag","","dresscode; was ist ein dresscode; dresscode verstehen; kleidung anlass","Natalia Kleemann","2026-07-09","https://eskyna.com/images/glossar/dresscode.png","Editoriale Grafik mit Einladungskarte, Kleiderrahmen und ruhigen Farbfeldern für unterschiedliche Anlässe","Business Casual (https://eskyna.com/glossar/business-casual/); Smart Casual (https://eskyna.com/glossar/smart-casual/); Outfit-Formel (https://eskyna.com/glossar/outfit-formel/); Blazer (https://eskyna.com/glossar/blazer/); Signature Look (https://eskyna.com/glossar/signature-look/)","https://eskyna.com/glossar/kategorie/garderobe-alltag/; https://eskyna.com/stilgarderobe/","content/de/glossar/dresscode.md"
"dressy-casual","Dressy Casual","dressy-casual","https://eskyna.com/glossar/dressy-casual/","published","Garderobe & Alltag","","dressy casual; dressy casual outfit; gepflegt casual","Natalia Kleemann","2026-07-09","https://eskyna.com/images/glossar/dressy-casual.png","Glossar-Illustration zu Dressy Casual","Smart Casual (https://eskyna.com/glossar/smart-casual/); Business Casual (https://eskyna.com/glossar/business-casual/); Casual (https://eskyna.com/glossar/casual/); Dresscode (https://eskyna.com/glossar/dresscode/); Smart Elegant (https://eskyna.com/glossar/smart-elegant/)","https://eskyna.com/glossar/business-casual/; https://eskyna.com/glossar/casual/; https://eskyna.com/glossar/dresscode/; https://eskyna.com/glossar/kategorie/garderobe-alltag/; https://eskyna.com/glossar/smart-casual/; https://eskyna.com/glossar/smart-elegant/; https://eskyna.com/stilgarderobe/","content/de/glossar/dressy-casual.md"
"drittel-regel-im-outfit","Drittel-Regel im Outfit","drittel-regel-im-outfit","https://eskyna.com/glossar/drittel-regel-im-outfit/","published","Schnitt, Proportion & Passform","","drittel-regel im outfit; 1 3 2 3 outfit; proportionsbruch; layering länge","Natalia Kleemann","2026-07-09","https://eskyna.com/images/glossar/drittel-regel-im-outfit.png","Glossar-Illustration zu Drittel-Regel im Outfit","Proportion (https://eskyna.com/glossar/proportion/); Layering-Länge (https://eskyna.com/glossar/layering-laenge/); Horizontale Linie (https://eskyna.com/glossar/horizontale-linie/); Saumlänge (https://eskyna.com/glossar/saumlange/); Proportionsbruch (https://eskyna.com/glossar/proportionsbruch/)","https://eskyna.com/glossar/horizontale-linie/; https://eskyna.com/glossar/kategorie/schnitt-proportion-passform/; https://eskyna.com/glossar/layering-laenge/; https://eskyna.com/glossar/proportion/; https://eskyna.com/glossar/proportionsbruch/; https://eskyna.com/glossar/saumlange/; https://eskyna.com/stilfrage/","content/de/glossar/drittel-regel-im-outfit.md"
"drop-waist","Drop Waist","drop-waist","https://eskyna.com/glossar/drop-waist/","published","Schnitt, Proportion & Passform","","drop waist; tiefer taillenansatz; drop waist kleid","Natalia Kleemann","2026-07-09","https://eskyna.com/images/glossar/drop-waist.png","Glossar-Illustration zu Drop Waist","Taillenposition (https://eskyna.com/glossar/taillenposition/); Beinlänge (https://eskyna.com/glossar/beinlaenge/); Silhouette (https://eskyna.com/glossar/silhouette/); Kleid (https://eskyna.com/glossar/kleid/); Proportionsbruch (https://eskyna.com/glossar/proportionsbruch/)","https://eskyna.com/glossar/beinlaenge/; https://eskyna.com/glossar/kategorie/schnitt-proportion-passform/; https://eskyna.com/glossar/kleid/; https://eskyna.com/glossar/proportionsbruch/; https://eskyna.com/glossar/silhouette/; https://eskyna.com/glossar/taillenposition/; https://eskyna.com/stilfrage/","content/de/glossar/drop-waist.md"
"dropped-shoulder","Dropped Shoulder","dropped-shoulder","https://eskyna.com/glossar/dropped-shoulder/","published","Schnitt, Proportion & Passform","","dropped shoulder; was bedeutet dropped shoulder; dropped shoulder stilberatung","Natalia Kleemann","2026-07-09","https://eskyna.com/images/glossar/dropped-shoulder.png","Editoriale Glossar-Grafik zu Dropped Shoulder mit ruhigen Farbfeldern und feiner Linienführung","Passform (https://eskyna.com/glossar/passform/); Silhouette (https://eskyna.com/glossar/silhouette/); Proportion (https://eskyna.com/glossar/proportion/); Saumlänge (https://eskyna.com/glossar/saumlange/); Taillierung (https://eskyna.com/glossar/taillierung/)","https://eskyna.com/glossar/kategorie/schnitt-proportion-passform/; https://eskyna.com/glossar/passform/; https://eskyna.com/glossar/proportion/; https://eskyna.com/glossar/saumlange/; https://eskyna.com/glossar/silhouette/; https://eskyna.com/glossar/taillierung/; https://eskyna.com/stilfrage/","content/de/glossar/dropped-shoulder.md"
"dufflecoat","Dufflecoat","dufflecoat","https://eskyna.com/glossar/dufflecoat/","published","Garderobe & Alltag","","dufflecoat; was bedeutet dufflecoat; dufflecoat stilberatung","Natalia Kleemann","2026-07-09","https://eskyna.com/images/glossar/dufflecoat.png","Editoriale Glossar-Grafik zu Dufflecoat mit ruhigen Farbfeldern und feiner Linienführung","Capsule Wardrobe (https://eskyna.com/glossar/capsule-wardrobe/); Garderobenlogik (https://eskyna.com/glossar/garderobenlogik/); Outfit-Formel (https://eskyna.com/glossar/outfit-formel/); Key-Piece (https://eskyna.com/glossar/key-piece/); Fehlkauf (https://eskyna.com/glossar/fehlkauf/)","https://eskyna.com/glossar/capsule-wardrobe/; https://eskyna.com/glossar/fehlkauf/; https://eskyna.com/glossar/garderobenlogik/; https://eskyna.com/glossar/kategorie/garderobe-alltag/; https://eskyna.com/glossar/key-piece/; https://eskyna.com/glossar/outfit-formel/; https://eskyna.com/stilgarderobe/","content/de/glossar/dufflecoat.md"
"ecru","Ecru","ecru","https://eskyna.com/glossar/ecru/","published","Farb-Lexikon","","ecru bedeutung; ecru kombinieren; ecru vs creme","Natalia Kleemann","2026-07-18","https://eskyna.com/images/glossar/ecru.png","Glossar-Illustration zu Ecru","Off-White (https://eskyna.com/glossar/off-white/); Creme (https://eskyna.com/glossar/creme/); Reinweiss (https://eskyna.com/glossar/reinweiss/); Leinen (https://eskyna.com/glossar/leinen/)","https://eskyna.com/glossar/denim/; https://eskyna.com/glossar/leinen/; https://eskyna.com/glossar/navy/","content/de/glossar/ecru.md"
"edgy","Edgy","edgy","https://eskyna.com/glossar/edgy/","published","Stil & Wirkung","","edgy; was bedeutet edgy; edgy stilberatung","Natalia Kleemann","2026-07-09","https://eskyna.com/images/glossar/edgy.png","Editoriale Glossar-Grafik zu Edgy mit ruhigen Farbfeldern und feiner Linienführung","Signature Look (https://eskyna.com/glossar/signature-look/); Wirkung (https://eskyna.com/glossar/wirkung/); Personal Style (https://eskyna.com/glossar/personal-style/); Garderobenlogik (https://eskyna.com/glossar/garderobenlogik/)","https://eskyna.com/glossar/garderobenlogik/; https://eskyna.com/glossar/kategorie/stil-wirkung/; https://eskyna.com/glossar/personal-style/; https://eskyna.com/glossar/signature-look/; https://eskyna.com/glossar/wirkung/; https://eskyna.com/praesenz/","content/de/glossar/edgy.md"
"einkaufsliste","Einkaufsliste","einkaufsliste","https://eskyna.com/glossar/einkaufsliste/","published","Garderobe & Alltag","","einkaufsliste; was bedeutet einkaufsliste; einkaufsliste stilberatung","Natalia Kleemann","2026-07-09","https://eskyna.com/images/glossar/einkaufsliste.png","Editoriale Glossar-Grafik zu Einkaufsliste mit ruhigen Farbfeldern und feiner Linienführung","Capsule Wardrobe (https://eskyna.com/glossar/capsule-wardrobe/); Garderobenlogik (https://eskyna.com/glossar/garderobenlogik/); Outfit-Formel (https://eskyna.com/glossar/outfit-formel/); Key-Piece (https://eskyna.com/glossar/key-piece/); Fehlkauf (https://eskyna.com/glossar/fehlkauf/)","https://eskyna.com/glossar/capsule-wardrobe/; https://eskyna.com/glossar/fehlkauf/; https://eskyna.com/glossar/garderobenlogik/; https://eskyna.com/glossar/kategorie/garderobe-alltag/; https://eskyna.com/glossar/key-piece/; https://eskyna.com/glossar/outfit-formel/; https://eskyna.com/stilgarderobe/","content/de/glossar/einkaufsliste.md"
"einlage","Einlage","einlage","https://eskyna.com/glossar/einlage/","published","Materialien & Details","","einlage; was bedeutet einlage; einlage stilberatung","Natalia Kleemann","2026-07-09","https://eskyna.com/images/glossar/einlage.png","Editoriale Glossar-Grafik zu Einlage mit ruhigen Farbfeldern und feiner Linienführung","Materialfall (https://eskyna.com/glossar/materialfall/); Struktur (https://eskyna.com/glossar/struktur/); Glanzgrad (https://eskyna.com/glossar/glanzgrad/); Accessoire (https://eskyna.com/glossar/accessoire/); Qualität (https://eskyna.com/glossar/qualitaet/)","https://eskyna.com/glossar/accessoire/; https://eskyna.com/glossar/glanzgrad/; https://eskyna.com/glossar/kategorie/materialien-details/; https://eskyna.com/glossar/materialfall/; https://eskyna.com/glossar/qualitaet/; https://eskyna.com/glossar/struktur/; https://eskyna.com/stilfrage/","content/de/glossar/einlage.md"
"einreiher","Einreiher","einreiher","https://eskyna.com/glossar/einreiher/","published","Garderobe & Alltag","","einreiher; was bedeutet einreiher; einreiher stilberatung","Natalia Kleemann","2026-07-09","https://eskyna.com/images/glossar/einreiher.png","Editoriale Glossar-Grafik zu Einreiher mit ruhigen Farbfeldern und feiner Linienführung","Capsule Wardrobe (https://eskyna.com/glossar/capsule-wardrobe/); Garderobenlogik (https://eskyna.com/glossar/garderobenlogik/); Outfit-Formel (https://eskyna.com/glossar/outfit-formel/); Key-Piece (https://eskyna.com/glossar/key-piece/); Fehlkauf (https://eskyna.com/glossar/fehlkauf/)","https://eskyna.com/glossar/capsule-wardrobe/; https://eskyna.com/glossar/fehlkauf/; https://eskyna.com/glossar/garderobenlogik/; https://eskyna.com/glossar/kategorie/garderobe-alltag/; https://eskyna.com/glossar/key-piece/; https://eskyna.com/glossar/outfit-formel/; https://eskyna.com/stilgarderobe/","content/de/glossar/einreiher.md"
"einstecktuch","Einstecktuch","einstecktuch","https://eskyna.com/glossar/einstecktuch/","published","Garderobe & Alltag","","einstecktuch; was ist einstecktuch; einstecktuch","Natalia Kleemann","2026-07-18","https://eskyna.com/images/glossar/einstecktuch.png","Glossar-Illustration zu Einstecktuch","","","content/de/glossar/einstecktuch.md"
"elasthan","Elasthan","elasthan","https://eskyna.com/glossar/elasthan/","published","Materialien & Details","","elasthan; was bedeutet elasthan; elasthan stilberatung","Natalia Kleemann","2026-07-09","https://eskyna.com/images/glossar/elasthan.png","Editoriale Glossar-Grafik zu Elasthan mit ruhigen Farbfeldern und feiner Linienführung","Materialfall (https://eskyna.com/glossar/materialfall/); Struktur (https://eskyna.com/glossar/struktur/); Glanzgrad (https://eskyna.com/glossar/glanzgrad/); Accessoire (https://eskyna.com/glossar/accessoire/)","https://eskyna.com/glossar/accessoire/; https://eskyna.com/glossar/glanzgrad/; https://eskyna.com/glossar/kategorie/materialien-details/; https://eskyna.com/glossar/materialfall/; https://eskyna.com/glossar/struktur/; https://eskyna.com/stilfrage/","content/de/glossar/elasthan.md"
"elegant","Elegant","elegant","https://eskyna.com/glossar/elegant/","published","Stil & Wirkung","","elegant; was bedeutet elegant; elegant stilberatung","Natalia Kleemann","2026-07-09","https://eskyna.com/images/glossar/elegant.png","Editoriale Glossar-Grafik zu Elegant mit ruhigen Farbfeldern und feiner Linienführung","Signature Look (https://eskyna.com/glossar/signature-look/); Wirkung (https://eskyna.com/glossar/wirkung/); Personal Style (https://eskyna.com/glossar/personal-style/); Garderobenlogik (https://eskyna.com/glossar/garderobenlogik/)","https://eskyna.com/glossar/garderobenlogik/; https://eskyna.com/glossar/kategorie/stil-wirkung/; https://eskyna.com/glossar/personal-style/; https://eskyna.com/glossar/signature-look/; https://eskyna.com/glossar/wirkung/; https://eskyna.com/praesenz/","content/de/glossar/elegant.md"
"elevated-flip-flop","Elevated Flip-Flop","elevated-flip-flop","https://eskyna.com/glossar/elevated-flip-flop/","published","Schuhe","","elevated flip flop; edler zehentrenner; eleganter flip flop","Natalia Kleemann","2026-07-09","https://eskyna.com/images/glossar/elevated-flip-flop.png","Glossar-Illustration zu Elevated Flip-Flop","Sandale (https://eskyna.com/glossar/sandale/); Minimalist Wedge (https://eskyna.com/glossar/minimalist-wedge/); Mule (https://eskyna.com/glossar/mule/); Sommerlook (https://eskyna.com/glossar/wochenendlook/); Saumlänge (https://eskyna.com/glossar/saumlange/)","https://eskyna.com/glossar/kategorie/schuhe/; https://eskyna.com/glossar/minimalist-wedge/; https://eskyna.com/glossar/mule/; https://eskyna.com/glossar/sandale/; https://eskyna.com/glossar/saumlange/; https://eskyna.com/glossar/wochenendlook/; https://eskyna.com/stilfrage/","content/de/glossar/elevated-flip-flop.md"
"empire-kleid","Empire-Kleid","empire-kleid","https://eskyna.com/glossar/empire-kleid/","published","Garderobe & Alltag","","empire-kleid; was bedeutet empire-kleid; empire-kleid stilberatung","Natalia Kleemann","2026-07-09","https://eskyna.com/images/glossar/empire-kleid.png","Editoriale Glossar-Grafik zu Empire-Kleid mit ruhigen Farbfeldern und feiner Linienführung","Capsule Wardrobe (https://eskyna.com/glossar/capsule-wardrobe/); Garderobenlogik (https://eskyna.com/glossar/garderobenlogik/); Outfit-Formel (https://eskyna.com/glossar/outfit-formel/); Key-Piece (https://eskyna.com/glossar/key-piece/); Fehlkauf (https://eskyna.com/glossar/fehlkauf/)","https://eskyna.com/glossar/capsule-wardrobe/; https://eskyna.com/glossar/fehlkauf/; https://eskyna.com/glossar/garderobenlogik/; https://eskyna.com/glossar/kategorie/garderobe-alltag/; https://eskyna.com/glossar/key-piece/; https://eskyna.com/glossar/outfit-formel/; https://eskyna.com/stilgarderobe/","content/de/glossar/empire-kleid.md"
"espadrilles","Espadrilles","espadrilles","https://eskyna.com/glossar/espadrilles/","published","Schuhe","","espadrilles; was sind espadrilles; sommerschuhe","Natalia Kleemann","2026-07-09","https://eskyna.com/images/glossar/espadrilles.png","Editoriale ESKYNA Grafik zum Glossarbegriff Espadrilles mit ruhigen Formen und feinen Farbfeldern","Leinen (https://eskyna.com/glossar/leinen/); Chinos (https://eskyna.com/glossar/chinos/); Sandale (https://eskyna.com/glossar/sandale/); Kleid (https://eskyna.com/glossar/kleid/)","https://eskyna.com/glossar/kategorie/schuhe/; https://eskyna.com/stilfrage/","content/de/glossar/espadrilles.md"
"essential","Essential","essential","https://eskyna.com/glossar/essential/","published","Stil & Wirkung","","essential; was bedeutet essential; essential stilberatung","Natalia Kleemann","2026-07-09","https://eskyna.com/images/glossar/essential.png","Editoriale Glossar-Grafik zu Essential mit ruhigen Farbfeldern und feiner Linienführung","Signature Look (https://eskyna.com/glossar/signature-look/); Wirkung (https://eskyna.com/glossar/wirkung/); Personal Style (https://eskyna.com/glossar/personal-style/); Garderobenlogik (https://eskyna.com/glossar/garderobenlogik/)","https://eskyna.com/glossar/garderobenlogik/; https://eskyna.com/glossar/kategorie/stil-wirkung/; https://eskyna.com/glossar/personal-style/; https://eskyna.com/glossar/signature-look/; https://eskyna.com/glossar/wirkung/; https://eskyna.com/praesenz/","content/de/glossar/essential.md"
"essenz","Essenz","essenz","https://eskyna.com/glossar/essenz/","published","Stil & Wirkung","","essenz; was bedeutet essenz; essenz stilberatung","Natalia Kleemann","2026-07-09","https://eskyna.com/images/glossar/essenz.png","Editoriale Glossar-Grafik zu Essenz mit ruhigen Farbfeldern und feiner Linienführung","Signature Look (https://eskyna.com/glossar/signature-look/); Wirkung (https://eskyna.com/glossar/wirkung/); Stilberatung (https://eskyna.com/glossar/stilberatung/); Personal Style (https://eskyna.com/glossar/personal-style/); Garderobenlogik (https://eskyna.com/glossar/garderobenlogik/)","https://eskyna.com/glossar/garderobenlogik/; https://eskyna.com/glossar/kategorie/stil-wirkung/; https://eskyna.com/glossar/personal-style/; https://eskyna.com/glossar/signature-look/; https://eskyna.com/glossar/stilberatung/; https://eskyna.com/glossar/wirkung/; https://eskyna.com/praesenz/","content/de/glossar/essenz.md"
"etuikleid","Etuikleid","etuikleid","https://eskyna.com/glossar/etuikleid/","published","Garderobe & Alltag","","etuikleid; was ist ein etuikleid; etuikleid kombinieren","Natalia Kleemann","2026-07-09","https://eskyna.com/images/glossar/etuikleid.png","Editoriale Grafik mit stilisiertem Etuikleid, klarer schmaler Linie und ruhiger Fläche","Business Casual (https://eskyna.com/glossar/business-casual/); Passform (https://eskyna.com/glossar/passform/); Silhouette (https://eskyna.com/glossar/silhouette/); Blazer (https://eskyna.com/glossar/blazer/); Pumps (https://eskyna.com/glossar/pumps/)","https://eskyna.com/glossar/kategorie/garderobe-alltag/; https://eskyna.com/stilgarderobe/","content/de/glossar/etuikleid.md"
"event-look","Event-Look","event-look","https://eskyna.com/glossar/event-look/","published","Garderobe & Alltag","","event-look; was bedeutet event-look; event-look stilberatung","Natalia Kleemann","2026-07-09","https://eskyna.com/images/glossar/event-look.png","Editoriale Glossar-Grafik zu Event-Look mit ruhigen Farbfeldern und feiner Linienführung","Capsule Wardrobe (https://eskyna.com/glossar/capsule-wardrobe/); Garderobenlogik (https://eskyna.com/glossar/garderobenlogik/); Outfit-Formel (https://eskyna.com/glossar/outfit-formel/); Key-Piece (https://eskyna.com/glossar/key-piece/); Fehlkauf (https://eskyna.com/glossar/fehlkauf/)","https://eskyna.com/glossar/capsule-wardrobe/; https://eskyna.com/glossar/fehlkauf/; https://eskyna.com/glossar/garderobenlogik/; https://eskyna.com/glossar/kategorie/garderobe-alltag/; https://eskyna.com/glossar/key-piece/; https://eskyna.com/glossar/outfit-formel/; https://eskyna.com/stilgarderobe/","content/de/glossar/event-look.md"
"executive-presence","Executive Presence","executive-presence","https://eskyna.com/glossar/executive-presence/","published","Stil & Wirkung","","executive presence; führungsausstrahlung; präsenz im business","Natalia Kleemann","2026-07-09","https://eskyna.com/images/glossar/executive-presence.png","Glossar-Illustration zu Executive Presence","Wirkung (https://eskyna.com/glossar/wirkung/); Präsenz (https://eskyna.com/glossar/praesenz/); Auftreten (https://eskyna.com/glossar/auftreten/); Meeting-Look (https://eskyna.com/glossar/meeting-look/); Leadership Style (https://eskyna.com/glossar/leadership-style/)","https://eskyna.com/glossar/auftreten/; https://eskyna.com/glossar/kategorie/stil-wirkung/; https://eskyna.com/glossar/leadership-style/; https://eskyna.com/glossar/meeting-look/; https://eskyna.com/glossar/praesenz/; https://eskyna.com/glossar/wirkung/; https://eskyna.com/praesenz/","content/de/glossar/executive-presence.md"
"fadenlauf","Fadenlauf","fadenlauf","https://eskyna.com/glossar/fadenlauf/","published","Materialien & Details","","fadenlauf; was bedeutet fadenlauf; fadenlauf stilberatung","Natalia Kleemann","2026-07-09","https://eskyna.com/images/glossar/fadenlauf.png","Editoriale Glossar-Grafik zu Fadenlauf mit ruhigen Farbfeldern und feiner Linienführung","Materialfall (https://eskyna.com/glossar/materialfall/); Struktur (https://eskyna.com/glossar/struktur/); Glanzgrad (https://eskyna.com/glossar/glanzgrad/); Accessoire (https://eskyna.com/glossar/accessoire/); Qualität (https://eskyna.com/glossar/qualitaet/)","https://eskyna.com/glossar/accessoire/; https://eskyna.com/glossar/glanzgrad/; https://eskyna.com/glossar/kategorie/materialien-details/; https://eskyna.com/glossar/materialfall/; https://eskyna.com/glossar/qualitaet/; https://eskyna.com/glossar/struktur/; https://eskyna.com/stilfrage/","content/de/glossar/fadenlauf.md"
"falten","Falten","falten","https://eskyna.com/glossar/falten/","published","Materialien & Details","","falten; was bedeutet falten; falten stilberatung","Natalia Kleemann","2026-07-09","https://eskyna.com/images/glossar/falten.png","Editoriale Glossar-Grafik zu Falten mit ruhigen Farbfeldern und feiner Linienführung","Materialfall (https://eskyna.com/glossar/materialfall/); Struktur (https://eskyna.com/glossar/struktur/); Glanzgrad (https://eskyna.com/glossar/glanzgrad/); Accessoire (https://eskyna.com/glossar/accessoire/)","https://eskyna.com/glossar/accessoire/; https://eskyna.com/glossar/glanzgrad/; https://eskyna.com/glossar/kategorie/materialien-details/; https://eskyna.com/glossar/materialfall/; https://eskyna.com/glossar/struktur/; https://eskyna.com/stilfrage/","content/de/glossar/falten.md"
"farbberatung","Farbberatung","farbberatung","https://eskyna.com/glossar/farbberatung/","published","Farbberatung & Farbe","","farbberatung; was bedeutet farbberatung; farbberatung stilberatung","Natalia Kleemann","2026-07-09","https://eskyna.com/images/glossar/farbberatung.png","Editoriale Glossar-Grafik zu Farbberatung mit ruhigen Farbfeldern und feiner Linienführung","Signature Look (https://eskyna.com/glossar/signature-look/); Wirkung (https://eskyna.com/glossar/wirkung/); Stilberatung (https://eskyna.com/glossar/stilberatung/); Personal Style (https://eskyna.com/glossar/personal-style/); Garderobenlogik (https://eskyna.com/glossar/garderobenlogik/)","https://eskyna.com/glossar/garderobenlogik/; https://eskyna.com/glossar/personal-style/; https://eskyna.com/glossar/signature-look/; https://eskyna.com/glossar/stilberatung/; https://eskyna.com/glossar/wirkung/; https://eskyna.com/stilgefuehl/","content/de/glossar/farbberatung.md"
"farbe","Farbe","farbe","https://eskyna.com/glossar/farbe/","published","Farbberatung & Farbe","","farbe; was bedeutet farbe; farbe stilberatung","Natalia Kleemann","2026-07-09","https://eskyna.com/images/glossar/farbe.png","Editoriale Glossar-Grafik zu Farbe mit ruhigen Farbfeldern und feiner Linienführung","Farbtyp (https://eskyna.com/glossar/farbtyp/); Unterton (https://eskyna.com/glossar/unterton/); Kontrast (https://eskyna.com/glossar/kontrast/); Farbpalette (https://eskyna.com/glossar/farbpalette/); Akzentfarbe (https://eskyna.com/glossar/akzentfarbe/)","https://eskyna.com/glossar/akzentfarbe/; https://eskyna.com/glossar/farbpalette/; https://eskyna.com/glossar/farbtyp/; https://eskyna.com/glossar/kategorie/farbberatung-farbe/; https://eskyna.com/glossar/kontrast/; https://eskyna.com/glossar/unterton/; https://eskyna.com/stilgefuehl/","content/de/glossar/farbe.md"
"farbechtheit","Farbechtheit","farbechtheit","https://eskyna.com/glossar/farbechtheit/","published","Farbberatung & Farbe","","farbechtheit; was ist farbechtheit; farbechtheit","Natalia Kleemann","2026-07-18","https://eskyna.com/images/glossar/farbechtheit.png","Glossar-Illustration zu Farbechtheit","","","content/de/glossar/farbechtheit.md"
"farbharmonie","Farbharmonie","farbharmonie","https://eskyna.com/glossar/farbharmonie/","published","Farbberatung & Farbe","","farbharmonie; farben kombinieren; harmonische farben","Natalia Kleemann","2026-07-09","https://eskyna.com/images/glossar/farbharmonie.png","Glossar-Illustration zu Farbharmonie","Farbpalette (https://eskyna.com/glossar/farbpalette/); Kontrast (https://eskyna.com/glossar/kontrast/); Akzentfarbe (https://eskyna.com/glossar/akzentfarbe/); Unterton (https://eskyna.com/glossar/unterton/); Farbtemperatur (https://eskyna.com/glossar/farbtemperatur/)","https://eskyna.com/glossar/akzentfarbe/; https://eskyna.com/glossar/farbpalette/; https://eskyna.com/glossar/farbtemperatur/; https://eskyna.com/glossar/kategorie/farbberatung-farbe/; https://eskyna.com/glossar/kontrast/; https://eskyna.com/glossar/unterton/; https://eskyna.com/stilgefuehl/","content/de/glossar/farbharmonie.md"
"farbkarte","Farbkarte","farbkarte","https://eskyna.com/glossar/farbkarte/","published","Farbberatung & Farbe","","farbkarte; farbkarte farbberatung; persönliche farbkarte","Natalia Kleemann","2026-07-09","https://eskyna.com/images/glossar/farbkarte.png","Glossar-Illustration zu Farbkarte","Farbpass (https://eskyna.com/glossar/farbpass/); Farbprofil (https://eskyna.com/glossar/farbprofil/); Farbpalette (https://eskyna.com/glossar/farbpalette/); Farbtyp (https://eskyna.com/glossar/farbtyp/); Unterton (https://eskyna.com/glossar/unterton/)","https://eskyna.com/glossar/farbpalette/; https://eskyna.com/glossar/farbpass/; https://eskyna.com/glossar/farbprofil/; https://eskyna.com/glossar/farbtyp/; https://eskyna.com/glossar/kategorie/farbberatung-farbe/; https://eskyna.com/glossar/unterton/; https://eskyna.com/stilgefuehl/","content/de/glossar/farbkarte.md"
"farbkreis","Farbkreis","farbkreis","https://eskyna.com/glossar/farbkreis/","published","Farbberatung & Farbe","","farbkreis; was ist farbkreis; farbkreis","Natalia Kleemann","2026-07-18","https://eskyna.com/images/glossar/farbkreis.png","Glossar-Illustration zu Farbkreis","","","content/de/glossar/farbkreis.md"
"farbpalette","Farbpalette","farbpalette","https://eskyna.com/glossar/farbpalette/","published","Farbberatung & Farbe","","farbpalette garderobe; farbpalette erstellen; farben kombinieren; stilberatung farben","Natalia Kleemann","2026-07-09","https://eskyna.com/images/glossar/farbpalette.png","Editoriale Grafik zum Glossarbegriff Farbpalette mit ruhigen Farbfeldern und klarer Linienführung","Farbtyp (https://eskyna.com/glossar/farbtyp/); Unterton (https://eskyna.com/glossar/unterton/); Neutrale Farben (https://eskyna.com/glossar/neutrale-farben/); Akzentfarbe (https://eskyna.com/glossar/akzentfarbe/); Capsule Wardrobe (https://eskyna.com/glossar/capsule-wardrobe/)","https://eskyna.com/glossar/kategorie/farbberatung-farbe/; https://eskyna.com/stilgefuehl/","content/de/glossar/farbpalette.md"
"farbpass","Farbpass","farbpass","https://eskyna.com/glossar/farbpass/","published","Farbberatung & Farbe","","farbpass; persönliche farben; farbkarte farbberatung","Natalia Kleemann","2026-07-09","https://eskyna.com/images/glossar/farbpass.png","Glossar-Illustration zu Farbpass","Farbkarte (https://eskyna.com/glossar/farbkarte/); Farbtyp (https://eskyna.com/glossar/farbtyp/); Farbpalette (https://eskyna.com/glossar/farbpalette/); Unterton (https://eskyna.com/glossar/unterton/); Farbharmonie (https://eskyna.com/glossar/farbharmonie/)","https://eskyna.com/glossar/farbharmonie/; https://eskyna.com/glossar/farbkarte/; https://eskyna.com/glossar/farbpalette/; https://eskyna.com/glossar/farbtyp/; https://eskyna.com/glossar/kategorie/farbberatung-farbe/; https://eskyna.com/glossar/unterton/; https://eskyna.com/stilgefuehl/","content/de/glossar/farbpass.md"
"farbprofil","Farbprofil","farbprofil","https://eskyna.com/glossar/farbprofil/","published","Stil & Wirkung","","farbprofil; was bedeutet farbprofil; farbprofil stilberatung","Natalia Kleemann","2026-07-09","https://eskyna.com/images/glossar/farbprofil.png","Editoriale Glossar-Grafik zu Farbprofil mit ruhigen Farbfeldern und feiner Linienführung","Signature Look (https://eskyna.com/glossar/signature-look/); Wirkung (https://eskyna.com/glossar/wirkung/); Stilberatung (https://eskyna.com/glossar/stilberatung/); Personal Style (https://eskyna.com/glossar/personal-style/); Garderobenlogik (https://eskyna.com/glossar/garderobenlogik/)","https://eskyna.com/glossar/garderobenlogik/; https://eskyna.com/glossar/kategorie/stil-wirkung/; https://eskyna.com/glossar/personal-style/; https://eskyna.com/glossar/signature-look/; https://eskyna.com/glossar/stilberatung/; https://eskyna.com/glossar/wirkung/; https://eskyna.com/praesenz/; https://eskyna.com/stilgefuehl/","content/de/glossar/farbprofil.md"
"farbtemperatur","Farbtemperatur","farbtemperatur","https://eskyna.com/glossar/farbtemperatur/","published","Farbberatung & Farbe","","farbtemperatur; warme farben; kühle farben; farbberatung","Natalia Kleemann","2026-07-09","https://eskyna.com/images/glossar/farbtemperatur.png","Editoriale Grafik zum Glossarbegriff Farbtemperatur mit ruhigen Farbfeldern und klarer Linienführung","Unterton (https://eskyna.com/glossar/unterton/); Farbtyp (https://eskyna.com/glossar/farbtyp/); Sättigung (https://eskyna.com/glossar/saettigung/); Helligkeit (https://eskyna.com/glossar/helligkeit/); Farbpalette (https://eskyna.com/glossar/farbpalette/)","https://eskyna.com/angebote/; https://eskyna.com/glossar/farbpalette/; https://eskyna.com/glossar/farbtyp/; https://eskyna.com/glossar/helligkeit/; https://eskyna.com/glossar/saettigung/; https://eskyna.com/glossar/unterton/; https://eskyna.com/stilgefuehl/","content/de/glossar/farbtemperatur.md"
"farbtyp","Farbtyp","farbtyp","https://eskyna.com/glossar/farbtyp/","published","Farbberatung & Farbe","","farbtyp; farbberatung; farben; stilberatung","Natalia Kleemann","2026-07-09","https://eskyna.com/images/glossar/farbtyp.png","Editoriale Grafik mit Farbfeldern für Farbtyp und Farbharmonie","Gesichtsrahmung (https://eskyna.com/glossar/gesichtsrahmung/); Unterton (https://eskyna.com/glossar/unterton/); Kontrast (https://eskyna.com/glossar/kontrast/); Rosa (https://eskyna.com/glossar/rosa/); Farbtemperatur (https://eskyna.com/glossar/farbtemperatur/); Farbpalette (https://eskyna.com/glossar/farbpalette/)","https://eskyna.com/angebote/; https://eskyna.com/glossar/farbpalette/; https://eskyna.com/glossar/farbtemperatur/; https://eskyna.com/glossar/gesichtsrahmung/; https://eskyna.com/glossar/kontrast/; https://eskyna.com/glossar/rosa/; https://eskyna.com/glossar/unterton/; https://eskyna.com/stilgefuehl/","content/de/glossar/farbtyp.md"
"farbtypologie","Farbtypologie","farbtypologie","https://eskyna.com/glossar/farbtypologie/","published","Farbberatung & Farbe","","farbtypologie; was bedeutet farbtypologie; farbtypologie farbberatung","Natalia Kleemann","2026-07-09","https://eskyna.com/images/glossar/farbtypologie.png","Glossar-Illustration zu Farbtypologie","Farbtyp (https://eskyna.com/glossar/farbtyp/); Unterton (https://eskyna.com/glossar/unterton/); Farbtemperatur (https://eskyna.com/glossar/farbtemperatur/); Sättigung (https://eskyna.com/glossar/saettigung/); Kontrast (https://eskyna.com/glossar/kontrast/)","https://eskyna.com/glossar/farbtemperatur/; https://eskyna.com/glossar/farbtyp/; https://eskyna.com/glossar/kontrast/; https://eskyna.com/glossar/saettigung/; https://eskyna.com/glossar/unterton/","content/de/glossar/farbtypologie.md"
"fascinator","Fascinator","fascinator","https://eskyna.com/glossar/fascinator/","published","Garderobe & Alltag","","fascinator; was ist fascinator; fascinator","Natalia Kleemann","2026-07-18","https://eskyna.com/images/glossar/fascinator.png","Glossar-Illustration zu Fascinator","","","content/de/glossar/fascinator.md"
"faser-mix","Faser-Mix","faser-mix","https://eskyna.com/glossar/faser-mix/","published","Materialien & Details","","faser-mix; naturfaser kunstfaser; mischgewebe","Natalia Kleemann","2026-07-09","https://eskyna.com/images/glossar/faser-mix.png","Glossar-Illustration zu Faser-Mix","Baumwolle (https://eskyna.com/glossar/baumwolle/); Wolle (https://eskyna.com/glossar/wolle/); Polyester (https://eskyna.com/glossar/polyester/); Elasthan (https://eskyna.com/glossar/elasthan/); Materialqualität (https://eskyna.com/glossar/materialqualitaet/)","https://eskyna.com/glossar/baumwolle/; https://eskyna.com/glossar/elasthan/; https://eskyna.com/glossar/kategorie/materialien-details/; https://eskyna.com/glossar/materialqualitaet/; https://eskyna.com/glossar/polyester/; https://eskyna.com/glossar/wolle/; https://eskyna.com/stilfrage/","content/de/glossar/faser-mix.md"
"fashion-week","Fashion Week","fashion-week","https://eskyna.com/glossar/fashion-week/","published","Garderobe & Alltag","","fashion week; was ist fashion week; fashion week","Natalia Kleemann","2026-07-18","https://eskyna.com/images/glossar/fashion-week.png","Glossar-Illustration zu Fashion Week","","","content/de/glossar/fashion-week.md"
"fast-fashion","Fast Fashion","fast-fashion","https://eskyna.com/glossar/fast-fashion/","published","Garderobe & Alltag","","fast fashion; was ist fast fashion; fast fashion","Natalia Kleemann","2026-07-18","https://eskyna.com/images/glossar/fast-fashion.png","Glossar-Illustration zu Fast Fashion","","","content/de/glossar/fast-fashion.md"
"fehlkauf","Fehlkauf","fehlkauf","https://eskyna.com/glossar/fehlkauf/","published","Garderobe & Alltag","","fehlkauf kleidung; fehlkäufe vermeiden; kleiderschrank fehlkauf; bewusst einkaufen","Natalia Kleemann","2026-07-09","https://eskyna.com/images/glossar/fehlkauf.png","Editoriale Grafik mit leerem Kleiderbügel, markiertem Etikett und ruhiger Garderobenstruktur","Garderobenlogik (https://eskyna.com/glossar/garderobenlogik/); Capsule Wardrobe (https://eskyna.com/glossar/capsule-wardrobe/); Basic (https://eskyna.com/glossar/basic/); Passform (https://eskyna.com/glossar/passform/); Outfit-Formel (https://eskyna.com/glossar/outfit-formel/)","https://eskyna.com/glossar/kategorie/garderobe-alltag/; https://eskyna.com/stilgarderobe/","content/de/glossar/fehlkauf.md"
"feinschmuck","Feinschmuck","feinschmuck","https://eskyna.com/glossar/feinschmuck/","published","Materialien & Details","","feinschmuck; was ist feinschmuck; feinen schmuck kombinieren","Natalia Kleemann","2026-07-09","https://eskyna.com/images/glossar/feinschmuck.png","Editoriale Grafik zu Feinschmuck mit abstrahierten Formen, ruhigen Farbfeldern und hochwertiger Anmutung","Accessoire (https://eskyna.com/glossar/accessoire/); Gold (https://eskyna.com/glossar/gold/); Silber (https://eskyna.com/glossar/silber/); Creolen (https://eskyna.com/glossar/creolen/); Quiet Luxury (https://eskyna.com/glossar/quiet-luxury/)","https://eskyna.com/glossar/kategorie/materialien-details/; https://eskyna.com/stilfrage/","content/de/glossar/feinschmuck.md"
"feinstrick","Feinstrick","feinstrick","https://eskyna.com/glossar/feinstrick/","published","Materialien & Details","","feinstrick; was bedeutet feinstrick; feinstrick stilberatung","Natalia Kleemann","2026-07-09","https://eskyna.com/images/glossar/feinstrick.png","Editoriale Glossar-Grafik zu Feinstrick mit ruhigen Farbfeldern und feiner Linienführung","Materialfall (https://eskyna.com/glossar/materialfall/); Struktur (https://eskyna.com/glossar/struktur/); Glanzgrad (https://eskyna.com/glossar/glanzgrad/); Accessoire (https://eskyna.com/glossar/accessoire/)","https://eskyna.com/glossar/accessoire/; https://eskyna.com/glossar/glanzgrad/; https://eskyna.com/glossar/kategorie/materialien-details/; https://eskyna.com/glossar/materialfall/; https://eskyna.com/glossar/struktur/; https://eskyna.com/stilfrage/","content/de/glossar/feinstrick.md"
"femininer-stil","Femininer Stil","femininer-stil","https://eskyna.com/glossar/femininer-stil/","published","Stil & Wirkung","","femininer stil; was bedeutet femininer stil; femininer stil stilberatung","Natalia Kleemann","2026-07-09","https://eskyna.com/images/glossar/femininer-stil.png","Editoriale Glossar-Grafik zu Femininer Stil mit ruhigen Farbfeldern und feiner Linienführung","Signature Look (https://eskyna.com/glossar/signature-look/); Wirkung (https://eskyna.com/glossar/wirkung/); Personal Style (https://eskyna.com/glossar/personal-style/); Garderobenlogik (https://eskyna.com/glossar/garderobenlogik/)","https://eskyna.com/glossar/garderobenlogik/; https://eskyna.com/glossar/kategorie/stil-wirkung/; https://eskyna.com/glossar/personal-style/; https://eskyna.com/glossar/signature-look/; https://eskyna.com/glossar/wirkung/; https://eskyna.com/praesenz/","content/de/glossar/femininer-stil.md"
"festive-attire","Festive Attire","festive-attire","https://eskyna.com/glossar/festive-attire/","published","Garderobe & Alltag","","festive attire; festliche kleidung dresscode; festive outfit","Natalia Kleemann","2026-07-09","https://eskyna.com/images/glossar/festive-attire.png","Glossar-Illustration zu Festive Attire","Festliche Kleidung (https://eskyna.com/glossar/festliche-kleidung/); Cocktail Attire (https://eskyna.com/glossar/cocktail-attire/); Semi Formal (https://eskyna.com/glossar/semi-formal/); Dresscode (https://eskyna.com/glossar/dresscode/); Event-Look (https://eskyna.com/glossar/event-look/)","https://eskyna.com/glossar/cocktail-attire/; https://eskyna.com/glossar/dresscode/; https://eskyna.com/glossar/event-look/; https://eskyna.com/glossar/festliche-kleidung/; https://eskyna.com/glossar/kategorie/garderobe-alltag/; https://eskyna.com/glossar/semi-formal/; https://eskyna.com/stilgarderobe/","content/de/glossar/festive-attire.md"
"festliche-kleidung","Festliche Kleidung","festliche-kleidung","https://eskyna.com/glossar/festliche-kleidung/","published","Dresscodes & Anlässe","","festliche kleidung; was bedeutet festliche kleidung; festliche kleidung stilberatung","Natalia Kleemann","2026-07-09","https://eskyna.com/images/glossar/festliche-kleidung.png","Editoriale Glossar-Grafik zu Festliche Kleidung mit ruhigen Farbfeldern und feiner Linienführung","Capsule Wardrobe (https://eskyna.com/glossar/capsule-wardrobe/); Garderobenlogik (https://eskyna.com/glossar/garderobenlogik/); Outfit-Formel (https://eskyna.com/glossar/outfit-formel/); Key-Piece (https://eskyna.com/glossar/key-piece/); Fehlkauf (https://eskyna.com/glossar/fehlkauf/)","https://eskyna.com/glossar/capsule-wardrobe/; https://eskyna.com/glossar/fehlkauf/; https://eskyna.com/glossar/garderobenlogik/; https://eskyna.com/glossar/kategorie/dresscodes-anlaesse/; https://eskyna.com/glossar/key-piece/; https://eskyna.com/glossar/outfit-formel/; https://eskyna.com/praesenz/","content/de/glossar/festliche-kleidung.md"
"first-impression","First Impression","first-impression","https://eskyna.com/glossar/first-impression/","published","Stil & Wirkung","","first impression; erster eindruck kleidung; wirkung erster eindruck","Natalia Kleemann","2026-07-09","https://eskyna.com/images/glossar/first-impression.png","Glossar-Illustration zu First Impression","Image (https://eskyna.com/glossar/image/); Wirkung (https://eskyna.com/glossar/wirkung/); Auftreten (https://eskyna.com/glossar/auftreten/); Präsenz (https://eskyna.com/glossar/praesenz/); Stilbotschaft (https://eskyna.com/glossar/stilbotschaft/)","https://eskyna.com/glossar/auftreten/; https://eskyna.com/glossar/image/; https://eskyna.com/glossar/kategorie/stil-wirkung/; https://eskyna.com/glossar/praesenz/; https://eskyna.com/glossar/stilbotschaft/; https://eskyna.com/glossar/wirkung/; https://eskyna.com/praesenz/","content/de/glossar/first-impression.md"
"fischgrat","Fischgrat","fischgrat","https://eskyna.com/glossar/fischgrat/","published","Farbberatung & Farbe","","fischgrat; was ist fischgrat; fischgrat","Natalia Kleemann","2026-07-18","https://eskyna.com/images/glossar/fischgrat.png","Glossar-Illustration zu Fischgrat","","","content/de/glossar/fischgrat.md"
"fisherman-sandals-fischersandalen","Fisherman Sandals","fisherman-sandals-fischersandalen","https://eskyna.com/glossar/fisherman-sandals-fischersandalen/","published","Schuhe","","fisherman sandals bedeutung; fischersandalen trend; fisherman sandals kombinieren","Natalia Kleemann","2026-07-17","https://eskyna.com/images/glossar/fisherman-sandals-fischersandalen.png","Glossar-Illustration zu Fisherman Sandals","Sandale (https://eskyna.com/glossar/sandale/); Loafer (https://eskyna.com/glossar/loafer/); Leinen (https://eskyna.com/glossar/leinen/); Midirock (https://eskyna.com/glossar/midirock/); Sommergarderobe (https://eskyna.com/glossar/sommergarderobe/)","https://eskyna.com/glossar/leinen/; https://eskyna.com/glossar/loafer/; https://eskyna.com/glossar/midirock/; https://eskyna.com/glossar/sandale/; https://eskyna.com/glossar/sommergarderobe/","content/de/glossar/fisherman-sandals-fischersandalen.md"
"flanell","Flanell","flanell","https://eskyna.com/glossar/flanell/","published","Materialien & Details","","flanell; was ist flanell; flanell","Natalia Kleemann","2026-07-18","https://eskyna.com/images/glossar/flanell.png","Glossar-Illustration zu Flanell","","","content/de/glossar/flanell.md"
"flared-pants","Flared Pants","flared-pants","https://eskyna.com/glossar/flared-pants/","published","Garderobe & Alltag","","flared pants; was sind flared pants; flared pants kombinieren","Natalia Kleemann","2026-07-09","https://eskyna.com/images/glossar/flared-pants.png","Editoriale Grafik zu Flared Pants mit ruhigen Formen, Stofflinien und ESKYNA Farbwelt","Bootcut (https://eskyna.com/glossar/bootcut/); Wide Leg (https://eskyna.com/glossar/wide-leg/); Silhouette (https://eskyna.com/glossar/silhouette/); Proportion (https://eskyna.com/glossar/proportion/); Saumlänge (https://eskyna.com/glossar/saumlange/)","https://eskyna.com/glossar/kategorie/garderobe-alltag/; https://eskyna.com/stilgarderobe/","content/de/glossar/flared-pants.md"
"fledermausaermel","Fledermausärmel","fledermausaermel","https://eskyna.com/glossar/fledermausaermel/","published","Schnitt, Proportion & Passform","","fledermausärmel; was bedeutet fledermausärmel; fledermausärmel stilberatung","Natalia Kleemann","2026-07-09","https://eskyna.com/images/glossar/fledermausaermel.png","Editoriale Glossar-Grafik zu Fledermausärmel mit ruhigen Farbfeldern und feiner Linienführung","Passform (https://eskyna.com/glossar/passform/); Silhouette (https://eskyna.com/glossar/silhouette/); Proportion (https://eskyna.com/glossar/proportion/); Saumlänge (https://eskyna.com/glossar/saumlange/); Taillierung (https://eskyna.com/glossar/taillierung/)","https://eskyna.com/glossar/kategorie/schnitt-proportion-passform/; https://eskyna.com/glossar/passform/; https://eskyna.com/glossar/proportion/; https://eskyna.com/glossar/saumlange/; https://eskyna.com/glossar/silhouette/; https://eskyna.com/glossar/taillierung/; https://eskyna.com/stilfrage/","content/de/glossar/fledermausaermel.md"
"flieder","Flieder","flieder","https://eskyna.com/glossar/flieder/","published","Farb-Lexikon","","flieder kleidung; flieder kombinieren; helles lila; farbberatung","Natalia Kleemann","2026-07-09","https://eskyna.com/images/glossar/flieder.png","Editoriale Grafik zu Flieder mit Farbfeldern, Materialflächen und ruhigen Kombinationsakzenten","Lila (https://eskyna.com/glossar/lila/); Violett (https://eskyna.com/glossar/violett/); Rosa (https://eskyna.com/glossar/rosa/); Grau (https://eskyna.com/glossar/grau/); Helligkeit (https://eskyna.com/glossar/helligkeit/)","https://eskyna.com/glossar/kategorie/farb-lexikon/; https://eskyna.com/stilgefuehl/","content/de/glossar/flieder.md"
"fokuspunkt","Fokuspunkt","fokuspunkt","https://eskyna.com/glossar/fokuspunkt/","published","Stil & Wirkung","","fokuspunkt; was bedeutet fokuspunkt; fokuspunkt stilberatung","Natalia Kleemann","2026-07-09","https://eskyna.com/images/glossar/fokuspunkt.png","Editoriale Glossar-Grafik zu Fokuspunkt mit ruhigen Farbfeldern und feiner Linienführung","Signature Look (https://eskyna.com/glossar/signature-look/); Wirkung (https://eskyna.com/glossar/wirkung/); Stilberatung (https://eskyna.com/glossar/stilberatung/); Personal Style (https://eskyna.com/glossar/personal-style/); Garderobenlogik (https://eskyna.com/glossar/garderobenlogik/)","https://eskyna.com/glossar/garderobenlogik/; https://eskyna.com/glossar/kategorie/stil-wirkung/; https://eskyna.com/glossar/personal-style/; https://eskyna.com/glossar/signature-look/; https://eskyna.com/glossar/stilberatung/; https://eskyna.com/glossar/wirkung/; https://eskyna.com/praesenz/","content/de/glossar/fokuspunkt.md"
"fotoshooting-outfit","Fotoshooting-Outfit","fotoshooting-outfit","https://eskyna.com/glossar/fotoshooting-outfit/","published","Garderobe & Alltag","","fotoshooting-outfit; outfit business shooting; markenfotos kleidung","Natalia Kleemann","2026-07-09","https://eskyna.com/images/glossar/fotoshooting-outfit.png","Glossar-Illustration zu Fotoshooting-Outfit","Kamera-Look (https://eskyna.com/glossar/kamera-look/); LinkedIn-Outfit (https://eskyna.com/glossar/linkedin-outfit/); Personal Branding (https://eskyna.com/glossar/personal-branding/); Sichtbarkeitslook (https://eskyna.com/glossar/sichtbarkeitslook/); Image-Strategie (https://eskyna.com/glossar/image-strategie/)","https://eskyna.com/glossar/image-strategie/; https://eskyna.com/glossar/kamera-look/; https://eskyna.com/glossar/kategorie/garderobe-alltag/; https://eskyna.com/glossar/linkedin-outfit/; https://eskyna.com/glossar/personal-branding/; https://eskyna.com/glossar/sichtbarkeitslook/; https://eskyna.com/stilgarderobe/","content/de/glossar/fotoshooting-outfit.md"
"franzoesische-naht","Französische Naht","franzoesische-naht","https://eskyna.com/glossar/franzoesische-naht/","published","Schnitt, Proportion & Passform","","franzoesische naht; was ist französische naht; französische naht","Natalia Kleemann","2026-07-18","https://eskyna.com/images/glossar/franzoesische-naht.png","Glossar-Illustration zu Französische Naht","","","content/de/glossar/franzoesische-naht.md"
"french-tuck","French Tuck","french-tuck","https://eskyna.com/glossar/french-tuck/","published","Stil & Wirkung","","french tuck; was ist french tuck; french tuck","Natalia Kleemann","2026-07-18","https://eskyna.com/images/glossar/french-tuck.png","Glossar-Illustration zu French Tuck","","","content/de/glossar/french-tuck.md"
"fruehlingstyp","Frühlingstyp","fruehlingstyp","https://eskyna.com/glossar/fruehlingstyp/","published","Farbberatung & Farbe","","frühlingstyp; light spring; clear spring; warm spring; frühling farbtyp","Natalia Kleemann","2026-07-09","https://eskyna.com/images/glossar/fruehlingstyp.png","Glossar-Illustration zu Frühlingstyp","Farbtyp (https://eskyna.com/glossar/farbtyp/); Unterton (https://eskyna.com/glossar/unterton/); Farbtemperatur (https://eskyna.com/glossar/farbtemperatur/); Klare Farben (https://eskyna.com/glossar/klare-farben/); Farbpass (https://eskyna.com/glossar/farbpass/)","https://eskyna.com/glossar/farbpass/; https://eskyna.com/glossar/farbtemperatur/; https://eskyna.com/glossar/farbtyp/; https://eskyna.com/glossar/kategorie/farbberatung-farbe/; https://eskyna.com/glossar/klare-farben/; https://eskyna.com/glossar/unterton/; https://eskyna.com/stilgefuehl/","content/de/glossar/fruehlingstyp.md"
"fuchsia","Fuchsia","fuchsia","https://eskyna.com/glossar/fuchsia/","published","Farb-Lexikon","","fuchsia kleidung; fuchsia kombinieren; pink violett; farbberatung","Natalia Kleemann","2026-07-09","https://eskyna.com/images/glossar/fuchsia.png","Editoriale Grafik zu Fuchsia mit Farbfeldern, Materialflächen und ruhigen Kombinationsakzenten","Pink (https://eskyna.com/glossar/pink/); Rosa (https://eskyna.com/glossar/rosa/); Violett (https://eskyna.com/glossar/violett/); Akzentfarbe (https://eskyna.com/glossar/akzentfarbe/); Kontrast (https://eskyna.com/glossar/kontrast/)","https://eskyna.com/glossar/akzentfarbe/; https://eskyna.com/glossar/kategorie/farb-lexikon/; https://eskyna.com/stilgefuehl/","content/de/glossar/fuchsia.md"
"fusselrasierer","Fusselrasierer","fusselrasierer","https://eskyna.com/glossar/fusselrasierer/","published","Materialien & Details","","fusselrasierer; was bedeutet fusselrasierer; fusselrasierer stilberatung","Natalia Kleemann","2026-07-09","https://eskyna.com/images/glossar/fusselrasierer.png","Editoriale Glossar-Grafik zu Fusselrasierer mit ruhigen Farbfeldern und feiner Linienführung","Materialfall (https://eskyna.com/glossar/materialfall/); Struktur (https://eskyna.com/glossar/struktur/); Glanzgrad (https://eskyna.com/glossar/glanzgrad/); Accessoire (https://eskyna.com/glossar/accessoire/); Qualität (https://eskyna.com/glossar/qualitaet/)","https://eskyna.com/glossar/accessoire/; https://eskyna.com/glossar/glanzgrad/; https://eskyna.com/glossar/kategorie/materialien-details/; https://eskyna.com/glossar/materialfall/; https://eskyna.com/glossar/qualitaet/; https://eskyna.com/glossar/struktur/; https://eskyna.com/stilfrage/","content/de/glossar/fusselrasierer.md"
"futter","Futter","futter","https://eskyna.com/glossar/futter/","published","Materialien & Details","","futter; was bedeutet futter; futter stilberatung","Natalia Kleemann","2026-07-09","https://eskyna.com/images/glossar/futter.png","Editoriale Glossar-Grafik zu Futter mit ruhigen Farbfeldern und feiner Linienführung","Materialfall (https://eskyna.com/glossar/materialfall/); Struktur (https://eskyna.com/glossar/struktur/); Glanzgrad (https://eskyna.com/glossar/glanzgrad/); Accessoire (https://eskyna.com/glossar/accessoire/); Qualität (https://eskyna.com/glossar/qualitaet/)","https://eskyna.com/glossar/accessoire/; https://eskyna.com/glossar/glanzgrad/; https://eskyna.com/glossar/kategorie/materialien-details/; https://eskyna.com/glossar/materialfall/; https://eskyna.com/glossar/qualitaet/; https://eskyna.com/glossar/struktur/; https://eskyna.com/stilfrage/","content/de/glossar/futter.md"
"gabardine","Gabardine","gabardine","https://eskyna.com/glossar/gabardine/","published","Materialien & Details","","gabardine; was ist gabardine; gabardine","Natalia Kleemann","2026-07-18","https://eskyna.com/images/glossar/gabardine.png","Glossar-Illustration zu Gabardine","","","content/de/glossar/gabardine.md"
"garden-party-attire","Garden Party Attire","garden-party-attire","https://eskyna.com/glossar/garden-party-attire/","published","Garderobe & Alltag","","garden party attire; gartenparty dresscode; sommerlich elegant","Natalia Kleemann","2026-07-09","https://eskyna.com/images/glossar/garden-party-attire.png","Glossar-Illustration zu Garden Party Attire","Festliche Kleidung (https://eskyna.com/glossar/festliche-kleidung/); Beach Formal (https://eskyna.com/glossar/beach-formal/); Resort Casual (https://eskyna.com/glossar/resort-casual/); Dresscode (https://eskyna.com/glossar/dresscode/); Sandale (https://eskyna.com/glossar/sandale/)","https://eskyna.com/glossar/beach-formal/; https://eskyna.com/glossar/dresscode/; https://eskyna.com/glossar/festliche-kleidung/; https://eskyna.com/glossar/kategorie/garderobe-alltag/; https://eskyna.com/glossar/resort-casual/; https://eskyna.com/glossar/sandale/; https://eskyna.com/stilgarderobe/","content/de/glossar/garden-party-attire.md"
"garderobe","Garderobe","garderobe","https://eskyna.com/glossar/garderobe/","published","Stil & Wirkung","","garderobe; was bedeutet garderobe; garderobe stilberatung","Natalia Kleemann","2026-07-09","https://eskyna.com/images/glossar/garderobe.png","Editoriale Glossar-Grafik zu Garderobe mit ruhigen Farbfeldern und feiner Linienführung","Signature Look (https://eskyna.com/glossar/signature-look/); Garderobenlogik (https://eskyna.com/glossar/garderobenlogik/); Passform (https://eskyna.com/glossar/passform/); Silhouette (https://eskyna.com/glossar/silhouette/); Outfit-Formel (https://eskyna.com/glossar/outfit-formel/)","https://eskyna.com/glossar/garderobenlogik/; https://eskyna.com/glossar/kategorie/stil-wirkung/; https://eskyna.com/glossar/outfit-formel/; https://eskyna.com/glossar/passform/; https://eskyna.com/glossar/signature-look/; https://eskyna.com/glossar/silhouette/; https://eskyna.com/praesenz/; https://eskyna.com/stilgarderobe/","content/de/glossar/garderobe.md"
"garderobenlogik","Garderobenlogik","garderobenlogik","https://eskyna.com/glossar/garderobenlogik/","published","Garderobe & Alltag","","garderobenlogik; kleiderschrank system; capsule wardrobe; fehlkäufe","Natalia Kleemann","2026-07-09","https://eskyna.com/images/glossar/garderobenlogik.png","Grafik mit Garderoben-Matrix, Farbfeldern und verbundenen Outfit-Elementen","Capsule Wardrobe (https://eskyna.com/glossar/capsule-wardrobe/); Basic (https://eskyna.com/glossar/basic/); Fehlkauf (https://eskyna.com/glossar/fehlkauf/); Outfit-Formel (https://eskyna.com/glossar/outfit-formel/); Key-Piece (https://eskyna.com/glossar/key-piece/); Farbpalette (https://eskyna.com/glossar/farbpalette/); Akzentfarbe (https://eskyna.com/glossar/akzentfarbe/)","https://eskyna.com/angebote/; https://eskyna.com/glossar/basic/; https://eskyna.com/glossar/capsule-wardrobe/; https://eskyna.com/glossar/farbpalette/; https://eskyna.com/glossar/fehlkauf/; https://eskyna.com/glossar/key-piece/; https://eskyna.com/glossar/outfit-formel/","content/de/glossar/garderobenlogik.md"
"garderobenplanung","Garderobenplanung","garderobenplanung","https://eskyna.com/glossar/garderobenplanung/","published","Stil & Wirkung","","garderobenplanung; was bedeutet garderobenplanung; garderobenplanung stilberatung","Natalia Kleemann","2026-07-09","https://eskyna.com/images/glossar/garderobenplanung.png","Editoriale Glossar-Grafik zu Garderobenplanung mit ruhigen Farbfeldern und feiner Linienführung","Signature Look (https://eskyna.com/glossar/signature-look/); Wirkung (https://eskyna.com/glossar/wirkung/); Stilberatung (https://eskyna.com/glossar/stilberatung/); Personal Style (https://eskyna.com/glossar/personal-style/); Garderobenlogik (https://eskyna.com/glossar/garderobenlogik/)","https://eskyna.com/glossar/garderobenlogik/; https://eskyna.com/glossar/kategorie/stil-wirkung/; https://eskyna.com/glossar/personal-style/; https://eskyna.com/glossar/signature-look/; https://eskyna.com/glossar/stilberatung/; https://eskyna.com/glossar/wirkung/; https://eskyna.com/praesenz/; https://eskyna.com/stilgarderobe/","content/de/glossar/garderobenplanung.md"
"garderobenstrategie","Garderobenstrategie","garderobenstrategie","https://eskyna.com/glossar/garderobenstrategie/","published","Stil & Wirkung","","garderobenstrategie; was bedeutet garderobenstrategie; garderobenstrategie stilberatung","Natalia Kleemann","2026-07-09","https://eskyna.com/images/glossar/garderobenstrategie.png","Editoriale Glossar-Grafik zu Garderobenstrategie mit ruhigen Farbfeldern und feiner Linienführung","Signature Look (https://eskyna.com/glossar/signature-look/); Wirkung (https://eskyna.com/glossar/wirkung/); Stilberatung (https://eskyna.com/glossar/stilberatung/); Personal Style (https://eskyna.com/glossar/personal-style/); Garderobenlogik (https://eskyna.com/glossar/garderobenlogik/)","https://eskyna.com/glossar/garderobenlogik/; https://eskyna.com/glossar/kategorie/stil-wirkung/; https://eskyna.com/glossar/personal-style/; https://eskyna.com/glossar/signature-look/; https://eskyna.com/glossar/stilberatung/; https://eskyna.com/glossar/wirkung/; https://eskyna.com/praesenz/; https://eskyna.com/stilgarderobe/","content/de/glossar/garderobenstrategie.md"
"gedaempfte-farben","Gedämpfte Farben","gedaempfte-farben","https://eskyna.com/glossar/gedaempfte-farben/","published","Farbberatung & Farbe","","gedämpfte farben; soft colors; ruhige farben","Natalia Kleemann","2026-07-09","https://eskyna.com/images/glossar/gedaempfte-farben.png","Glossar-Illustration zu Gedämpfte Farben","Klare Farben (https://eskyna.com/glossar/klare-farben/); Farbtypologie (https://eskyna.com/glossar/farbtypologie/); Sommertyp (https://eskyna.com/glossar/sommertyp/); Herbsttyp (https://eskyna.com/glossar/herbsttyp/); Sättigung (https://eskyna.com/glossar/saettigung/)","https://eskyna.com/glossar/farbtypologie/; https://eskyna.com/glossar/herbsttyp/; https://eskyna.com/glossar/kategorie/farbberatung-farbe/; https://eskyna.com/glossar/klare-farben/; https://eskyna.com/glossar/saettigung/; https://eskyna.com/glossar/sommertyp/; https://eskyna.com/stilgefuehl/","content/de/glossar/gedaempfte-farben.md"
"gelb","Gelb","gelb","https://eskyna.com/glossar/gelb/","published","Farb-Lexikon","","gelb kleidung; gelb kombinieren; gelbe bluse; farbberatung","Natalia Kleemann","2026-07-09","https://eskyna.com/images/glossar/gelb.png","Editoriale Grafik zu Gelb mit Farbfeldern, Materialflächen und ruhigen Kombinationsakzenten","Senfgelb (https://eskyna.com/glossar/senfgelb/); Orange (https://eskyna.com/glossar/orange/); Akzentfarbe (https://eskyna.com/glossar/akzentfarbe/); Farbtemperatur (https://eskyna.com/glossar/farbtemperatur/); Sättigung (https://eskyna.com/glossar/saettigung/)","https://eskyna.com/glossar/kategorie/farb-lexikon/; https://eskyna.com/stilgefuehl/","content/de/glossar/gelb.md"
"genderneutrale-mode","Genderneutrale Mode","genderneutrale-mode","https://eskyna.com/glossar/genderneutrale-mode/","published","Stil & Wirkung","","genderneutrale mode; was ist genderneutrale mode; genderneutrale mode","Natalia Kleemann","2026-07-18","https://eskyna.com/images/glossar/genderneutrale-mode.png","Glossar-Illustration zu Genderneutrale Mode","","","content/de/glossar/genderneutrale-mode.md"
"gesichtsrahmung","Gesichtsrahmung","gesichtsrahmung","https://eskyna.com/glossar/gesichtsrahmung/","published","Materialien & Details","","gesichtsrahmung; was bedeutet gesichtsrahmung; farben nahe am gesicht","Natalia Kleemann","2026-07-09","https://eskyna.com/images/glossar/gesichtsrahmung.png","Editoriale Grafik zu Gesichtsrahmung mit abstrahierten Formen, ruhigen Farbfeldern und hochwertiger Anmutung","Farbtyp (https://eskyna.com/glossar/farbtyp/); Brille (https://eskyna.com/glossar/brille/); Sonnenbrille (https://eskyna.com/glossar/sonnenbrille/); Schal (https://eskyna.com/glossar/schal/); Halstuch (https://eskyna.com/glossar/halstuch/)","https://eskyna.com/glossar/kategorie/materialien-details/; https://eskyna.com/stilfrage/","content/de/glossar/gesichtsrahmung.md"
"gimme-gummy","Gimme Gummy","gimme-gummy","https://eskyna.com/glossar/gimme-gummy/","published","Accessoires","","gimme gummy trend; jelly accessoires; taktiles styling","Natalia Kleemann","2026-07-17","https://eskyna.com/images/glossar/gimme-gummy.png","Glossar-Illustration zu Gimme Gummy","Jelly Bag (https://eskyna.com/glossar/jelly-bag/); Jelly Sandals (https://eskyna.com/glossar/jelly-sandals/); Statement Schmuck (https://eskyna.com/glossar/statement-schmuck/); Accessoire (https://eskyna.com/glossar/accessoire/); Sommergarderobe (https://eskyna.com/glossar/sommergarderobe/)","https://eskyna.com/glossar/accessoire/; https://eskyna.com/glossar/denim/; https://eskyna.com/glossar/jelly-bag/; https://eskyna.com/glossar/jelly-sandals/; https://eskyna.com/glossar/sommergarderobe/; https://eskyna.com/glossar/statement-schmuck/","content/de/glossar/gimme-gummy.md"
"glamoratti","Glamoratti","glamoratti","https://eskyna.com/glossar/glamoratti/","published","Stil & Wirkung","","glamoratti; opulenter stil; 80s luxury","Natalia Kleemann","2026-07-09","https://eskyna.com/images/glossar/glamoratti.png","Glossar-Illustration zu Glamoratti","80s Luxury (https://eskyna.com/glossar/80s-luxury/); Statement-Schmuck (https://eskyna.com/glossar/statement-schmuck/); Gold (https://eskyna.com/glossar/gold/); Elegant (https://eskyna.com/glossar/elegant/); Signature Look (https://eskyna.com/glossar/signature-look/)","https://eskyna.com/glossar/80s-luxury/; https://eskyna.com/glossar/elegant/; https://eskyna.com/glossar/gold/; https://eskyna.com/glossar/kategorie/stil-wirkung/; https://eskyna.com/glossar/signature-look/; https://eskyna.com/glossar/statement-schmuck/; https://eskyna.com/praesenz/","content/de/glossar/glamoratti.md"
"glanzgrad","Glanzgrad","glanzgrad","https://eskyna.com/glossar/glanzgrad/","published","Materialien & Details","","glanzgrad; glänzende stoffe; matte stoffe; materialwirkung kleidung","Natalia Kleemann","2026-07-09","https://eskyna.com/images/glossar/glanzgrad.png","Editoriale Grafik mit matten und glänzenden Stoffflächen, Lichtreflex und feiner Materialkante","Seide (https://eskyna.com/glossar/seide/); Viskose (https://eskyna.com/glossar/viskose/); Struktur (https://eskyna.com/glossar/struktur/); Materialfall (https://eskyna.com/glossar/materialfall/); Statement-Piece (https://eskyna.com/glossar/statement-piece/); Metallic (https://eskyna.com/glossar/metallic/); Gold (https://eskyna.com/glossar/gold/); Silber (https://eskyna.com/glossar/silber/); Slip Dress (https://eskyna.com/glossar/slip-dress/); Camisole (https://eskyna.com/glossar/camisole/)","https://eskyna.com/glossar/kategorie/materialien-details/; https://eskyna.com/stilfrage/","content/de/glossar/glanzgrad.md"
"glencheck","Glencheck","glencheck","https://eskyna.com/glossar/glencheck/","published","Materialien & Details","","glencheck; was bedeutet glencheck; glencheck stilberatung","Natalia Kleemann","2026-07-09","https://eskyna.com/images/glossar/glencheck.png","Editoriale Glossar-Grafik zu Glencheck mit ruhigen Farbfeldern und feiner Linienführung","Materialfall (https://eskyna.com/glossar/materialfall/); Struktur (https://eskyna.com/glossar/struktur/); Glanzgrad (https://eskyna.com/glossar/glanzgrad/); Accessoire (https://eskyna.com/glossar/accessoire/)","https://eskyna.com/glossar/accessoire/; https://eskyna.com/glossar/glanzgrad/; https://eskyna.com/glossar/kategorie/materialien-details/; https://eskyna.com/glossar/materialfall/; https://eskyna.com/glossar/struktur/; https://eskyna.com/stilfrage/","content/de/glossar/glencheck.md"
"glove-pump","Glove Pump","glove-pump","https://eskyna.com/glossar/glove-pump/","published","Schuhe","","glove pump; weicher pumps; handschuhartiger pumps","Natalia Kleemann","2026-07-09","https://eskyna.com/images/glossar/glove-pump.png","Glossar-Illustration zu Glove Pump","Pumps (https://eskyna.com/glossar/pumps/); Ballerina (https://eskyna.com/glossar/ballerina/); Kitten Heel (https://eskyna.com/glossar/kitten-heel/); Slingback (https://eskyna.com/glossar/slingback/); Schuhspitze (https://eskyna.com/glossar/schuhspitze/)","https://eskyna.com/glossar/ballerina/; https://eskyna.com/glossar/kategorie/schuhe/; https://eskyna.com/glossar/kitten-heel/; https://eskyna.com/glossar/pumps/; https://eskyna.com/glossar/schuhspitze/; https://eskyna.com/glossar/slingback/; https://eskyna.com/stilfrage/","content/de/glossar/glove-pump.md"
"godet","Godet","godet","https://eskyna.com/glossar/godet/","published","Schnitt, Proportion & Passform","","godet; was ist godet; godet","Natalia Kleemann","2026-07-18","https://eskyna.com/images/glossar/godet.png","Glossar-Illustration zu Godet","","","content/de/glossar/godet.md"
"gold","Gold","gold","https://eskyna.com/glossar/gold/","published","Farb-Lexikon","","gold kleidung; gold kombinieren; goldschmuck farbberatung; metallic","Natalia Kleemann","2026-07-09","https://eskyna.com/images/glossar/gold.png","Editoriale Grafik zu Gold mit Farbfeldern, Materialflächen und ruhigen Kombinationsakzenten","Feinschmuck (https://eskyna.com/glossar/feinschmuck/); Creolen (https://eskyna.com/glossar/creolen/); Metallic (https://eskyna.com/glossar/metallic/); Silber (https://eskyna.com/glossar/silber/); Roségold (https://eskyna.com/glossar/rosegold/); Camel (https://eskyna.com/glossar/camel/); Braun (https://eskyna.com/glossar/braun/)","https://eskyna.com/glossar/kategorie/farb-lexikon/; https://eskyna.com/stilgefuehl/","content/de/glossar/gold.md"
"gorpcore","Gorpcore","gorpcore","https://eskyna.com/glossar/gorpcore/","published","Stil & Wirkung","","gorpcore; gorpcore style; outdoor im alltag","Natalia Kleemann","2026-07-09","https://eskyna.com/images/glossar/gorpcore.png","Glossar-Illustration zu Gorpcore","Utility Jacket (https://eskyna.com/glossar/utility-jacket/); Casual (https://eskyna.com/glossar/casual/); Adventure Streetwear (https://eskyna.com/glossar/adventure-streetwear/); Sneaker (https://eskyna.com/glossar/sneaker/); Materialprofil (https://eskyna.com/glossar/materialprofil/)","https://eskyna.com/glossar/adventure-streetwear/; https://eskyna.com/glossar/casual/; https://eskyna.com/glossar/kategorie/stil-wirkung/; https://eskyna.com/glossar/materialprofil/; https://eskyna.com/glossar/sneaker/; https://eskyna.com/glossar/utility-jacket/; https://eskyna.com/praesenz/","content/de/glossar/gorpcore.md"
"grau","Grau","grau","https://eskyna.com/glossar/grau/","published","Farb-Lexikon","","grau kleidung; grau kombinieren; anthrazit; grau farbberatung","Natalia Kleemann","2026-07-09","https://eskyna.com/images/glossar/grau.png","Editoriale Grafik mit Grau-Nuancen, ruhigen Farbfeldern und feiner Stoffstruktur","Schwarz (https://eskyna.com/glossar/schwarz/); Weiß (https://eskyna.com/glossar/weiss/); Navy (https://eskyna.com/glossar/navy/); Neutrale Farben (https://eskyna.com/glossar/neutrale-farben/); Kontrast (https://eskyna.com/glossar/kontrast/); Anthrazit (https://eskyna.com/glossar/anthrazit/); Silber (https://eskyna.com/glossar/silber/)","https://eskyna.com/glossar/kategorie/farb-lexikon/; https://eskyna.com/stilgefuehl/","content/de/glossar/grau.md"
"greenwashing","Greenwashing","greenwashing","https://eskyna.com/glossar/greenwashing/","published","Garderobe & Alltag","","greenwashing; was ist greenwashing; greenwashing","Natalia Kleemann","2026-07-18","https://eskyna.com/images/glossar/greenwashing.png","Glossar-Illustration zu Greenwashing","","","content/de/glossar/greenwashing.md"
"greige","Greige","greige","https://eskyna.com/glossar/greige/","published","Farb-Lexikon","","greige bedeutung; greige farbe; greige kombinieren","Natalia Kleemann","2026-07-18","https://eskyna.com/images/glossar/greige.png","Glossar-Illustration zu Greige","Taupe (https://eskyna.com/glossar/taupe/); Beige (https://eskyna.com/glossar/beige/); Grau (https://eskyna.com/glossar/grau/); Ton-in-Ton (https://eskyna.com/glossar/ton-in-ton/)","https://eskyna.com/glossar/statement-schmuck/; https://eskyna.com/glossar/ton-in-ton/","content/de/glossar/greige.md"
"griff","Griff","griff","https://eskyna.com/glossar/griff/","published","Materialien & Details","","griff; was bedeutet griff; griff stilberatung","Natalia Kleemann","2026-07-09","https://eskyna.com/images/glossar/griff.png","Editoriale Glossar-Grafik zu Griff mit ruhigen Farbfeldern und feiner Linienführung","Materialfall (https://eskyna.com/glossar/materialfall/); Struktur (https://eskyna.com/glossar/struktur/); Glanzgrad (https://eskyna.com/glossar/glanzgrad/); Accessoire (https://eskyna.com/glossar/accessoire/)","https://eskyna.com/glossar/accessoire/; https://eskyna.com/glossar/glanzgrad/; https://eskyna.com/glossar/kategorie/materialien-details/; https://eskyna.com/glossar/materialfall/; https://eskyna.com/glossar/struktur/; https://eskyna.com/stilfrage/","content/de/glossar/griff.md"
"grobstrick","Grobstrick","grobstrick","https://eskyna.com/glossar/grobstrick/","published","Materialien & Details","","grobstrick; was bedeutet grobstrick; grobstrick stilberatung","Natalia Kleemann","2026-07-09","https://eskyna.com/images/glossar/grobstrick.png","Editoriale Glossar-Grafik zu Grobstrick mit ruhigen Farbfeldern und feiner Linienführung","Materialfall (https://eskyna.com/glossar/materialfall/); Struktur (https://eskyna.com/glossar/struktur/); Glanzgrad (https://eskyna.com/glossar/glanzgrad/); Accessoire (https://eskyna.com/glossar/accessoire/)","https://eskyna.com/glossar/accessoire/; https://eskyna.com/glossar/glanzgrad/; https://eskyna.com/glossar/kategorie/materialien-details/; https://eskyna.com/glossar/materialfall/; https://eskyna.com/glossar/struktur/; https://eskyna.com/stilfrage/","content/de/glossar/grobstrick.md"
"gruen","Grün","gruen","https://eskyna.com/glossar/gruen/","published","Farb-Lexikon","","grün kleidung; grün kombinieren; oliv salbei smaragd; stilberatung","Natalia Kleemann","2026-07-09","https://eskyna.com/images/glossar/gruen.png","Editoriale Grafik mit Grün-Nuancen, Naturtönen und eleganten Kombinationsflächen","Blau (https://eskyna.com/glossar/blau/); Beige (https://eskyna.com/glossar/beige/); Braun (https://eskyna.com/glossar/braun/); Unterton (https://eskyna.com/glossar/unterton/); Farbtyp (https://eskyna.com/glossar/farbtyp/); Salbeigrün (https://eskyna.com/glossar/salbeigruen/); Oliv (https://eskyna.com/glossar/oliv/); Khaki (https://eskyna.com/glossar/khaki/)","https://eskyna.com/glossar/kategorie/farb-lexikon/; https://eskyna.com/glossar/unterton/; https://eskyna.com/stilgefuehl/","content/de/glossar/gruen.md"
"guertel","Gürtel","guertel","https://eskyna.com/glossar/guertel/","published","Materialien & Details","","gürtel; was ist ein gürtel; gürtel kombinieren; gürtel outfit","Natalia Kleemann","2026-07-09","https://eskyna.com/images/glossar/guertel.png","Editoriale Grafik zu Gürtel mit abstrahierten Formen, ruhigen Farbfeldern und hochwertiger Anmutung","Accessoire (https://eskyna.com/glossar/accessoire/); Taillengürtel (https://eskyna.com/glossar/taillenguertel/); Taillierung (https://eskyna.com/glossar/taillierung/); Proportion (https://eskyna.com/glossar/proportion/); Outfit-Formel (https://eskyna.com/glossar/outfit-formel/)","https://eskyna.com/glossar/kategorie/materialien-details/; https://eskyna.com/stilfrage/","content/de/glossar/guertel.md"
"h-linie","H-Linie","h-linie","https://eskyna.com/glossar/h-linie/","published","Schnitt, Proportion & Passform","","h-linie; was bedeutet h-linie; h-linie stilberatung","Natalia Kleemann","2026-07-09","https://eskyna.com/images/glossar/h-linie.png","Editoriale Glossar-Grafik zu H-Linie mit ruhigen Farbfeldern und feiner Linienführung","Passform (https://eskyna.com/glossar/passform/); Silhouette (https://eskyna.com/glossar/silhouette/); Proportion (https://eskyna.com/glossar/proportion/); Saumlänge (https://eskyna.com/glossar/saumlange/); Taillierung (https://eskyna.com/glossar/taillierung/)","https://eskyna.com/glossar/kategorie/schnitt-proportion-passform/; https://eskyna.com/glossar/passform/; https://eskyna.com/glossar/proportion/; https://eskyna.com/glossar/saumlange/; https://eskyna.com/glossar/silhouette/; https://eskyna.com/glossar/taillierung/; https://eskyna.com/stilfrage/","content/de/glossar/h-linie.md"
"hahnentritt","Hahnentritt","hahnentritt","https://eskyna.com/glossar/hahnentritt/","published","Materialien & Details","","hahnentritt; was bedeutet hahnentritt; hahnentritt stilberatung","Natalia Kleemann","2026-07-09","https://eskyna.com/images/glossar/hahnentritt.png","Editoriale Glossar-Grafik zu Hahnentritt mit ruhigen Farbfeldern und feiner Linienführung","Materialfall (https://eskyna.com/glossar/materialfall/); Struktur (https://eskyna.com/glossar/struktur/); Glanzgrad (https://eskyna.com/glossar/glanzgrad/); Accessoire (https://eskyna.com/glossar/accessoire/)","https://eskyna.com/glossar/accessoire/; https://eskyna.com/glossar/glanzgrad/; https://eskyna.com/glossar/kategorie/materialien-details/; https://eskyna.com/glossar/materialfall/; https://eskyna.com/glossar/struktur/; https://eskyna.com/stilfrage/","content/de/glossar/hahnentritt.md"
"halstuch","Halstuch","halstuch","https://eskyna.com/glossar/halstuch/","published","Materialien & Details","","halstuch; was ist ein halstuch; halstuch kombinieren","Natalia Kleemann","2026-07-09","https://eskyna.com/images/glossar/halstuch.png","Editoriale Grafik zu Halstuch mit abstrahierten Formen, ruhigen Farbfeldern und hochwertiger Anmutung","Schal (https://eskyna.com/glossar/schal/); Seidentuch (https://eskyna.com/glossar/seidentuch/); Farbtyp (https://eskyna.com/glossar/farbtyp/); Akzentfarbe (https://eskyna.com/glossar/akzentfarbe/); Accessoire (https://eskyna.com/glossar/accessoire/)","https://eskyna.com/glossar/kategorie/materialien-details/; https://eskyna.com/stilfrage/","content/de/glossar/halstuch.md"
"handwaesche","Handwäsche","handwaesche","https://eskyna.com/glossar/handwaesche/","published","Materialien & Details","","handwäsche; was bedeutet handwäsche; handwäsche stilberatung","Natalia Kleemann","2026-07-09","https://eskyna.com/images/glossar/handwaesche.png","Editoriale Glossar-Grafik zu Handwäsche mit ruhigen Farbfeldern und feiner Linienführung","Materialfall (https://eskyna.com/glossar/materialfall/); Struktur (https://eskyna.com/glossar/struktur/); Glanzgrad (https://eskyna.com/glossar/glanzgrad/); Accessoire (https://eskyna.com/glossar/accessoire/); Qualität (https://eskyna.com/glossar/qualitaet/)","https://eskyna.com/glossar/accessoire/; https://eskyna.com/glossar/glanzgrad/; https://eskyna.com/glossar/kategorie/materialien-details/; https://eskyna.com/glossar/materialfall/; https://eskyna.com/glossar/qualitaet/; https://eskyna.com/glossar/struktur/; https://eskyna.com/stilfrage/","content/de/glossar/handwaesche.md"
"haute-couture","Haute Couture","haute-couture","https://eskyna.com/glossar/haute-couture/","published","Garderobe & Alltag","","haute couture; was ist haute couture; haute couture","Natalia Kleemann","2026-07-18","https://eskyna.com/images/glossar/haute-couture.png","Glossar-Illustration zu Haute Couture","","","content/de/glossar/haute-couture.md"
"hellblau","Hellblau","hellblau","https://eskyna.com/glossar/hellblau/","published","Farb-Lexikon","","hellblau kleidung; hellblau kombinieren; hellblaue bluse; farbberatung","Natalia Kleemann","2026-07-09","https://eskyna.com/images/glossar/hellblau.png","Editoriale Grafik zu Hellblau mit Farbfeldern, Materialflächen und ruhigen Kombinationsakzenten","Blau (https://eskyna.com/glossar/blau/); Navy (https://eskyna.com/glossar/navy/); Weiß (https://eskyna.com/glossar/weiss/); Business Casual (https://eskyna.com/glossar/business-casual/); Farbtemperatur (https://eskyna.com/glossar/farbtemperatur/)","https://eskyna.com/glossar/kategorie/farb-lexikon/; https://eskyna.com/stilgefuehl/","content/de/glossar/hellblau.md"
"helligkeit","Helligkeit","helligkeit","https://eskyna.com/glossar/helligkeit/","published","Farbberatung & Farbe","","helligkeit farbe; hell dunkel kontrast; farben kombinieren","Natalia Kleemann","2026-07-09","https://eskyna.com/images/glossar/helligkeit.png","Editoriale Grafik zum Glossarbegriff Helligkeit mit ruhigen Farbfeldern und klarer Linienführung","Kontrast (https://eskyna.com/glossar/kontrast/); Sättigung (https://eskyna.com/glossar/saettigung/); Farbtemperatur (https://eskyna.com/glossar/farbtemperatur/); Monochrom (https://eskyna.com/glossar/monochrom/); Neutrale Farben (https://eskyna.com/glossar/neutrale-farben/)","https://eskyna.com/glossar/kategorie/farbberatung-farbe/; https://eskyna.com/stilgefuehl/","content/de/glossar/helligkeit.md"
"hemd","Hemd","hemd","https://eskyna.com/glossar/hemd/","published","Garderobe & Alltag","","hemd; was ist ein hemd; hemd kombinieren; hemd passform","Natalia Kleemann","2026-07-09","https://eskyna.com/images/glossar/hemd.png","Editoriale Grafik mit stilisiertem Hemd, Kragen, Knopfleiste und ruhigen Farbfeldern","Bluse (https://eskyna.com/glossar/bluse/); T-Shirt (https://eskyna.com/glossar/t-shirt/); Business Casual (https://eskyna.com/glossar/business-casual/); Passform (https://eskyna.com/glossar/passform/); Baumwolle (https://eskyna.com/glossar/baumwolle/); Overshirt (https://eskyna.com/glossar/overshirt/)","https://eskyna.com/glossar/kategorie/garderobe-alltag/; https://eskyna.com/stilgarderobe/","content/de/glossar/hemd.md"
"hemdblusenkleid","Hemdblusenkleid","hemdblusenkleid","https://eskyna.com/glossar/hemdblusenkleid/","published","Kleider & Röcke","","hemdblusenkleid; was ist ein hemdblusenkleid; hemdkleid","Natalia Kleemann","2026-07-09","https://eskyna.com/images/glossar/hemdblusenkleid.png","Editoriale ESKYNA Grafik zum Glossarbegriff Hemdblusenkleid mit ruhigen Formen und feinen Farbfeldern","Hemd (https://eskyna.com/glossar/hemd/); Bluse (https://eskyna.com/glossar/bluse/); Kleid (https://eskyna.com/glossar/kleid/); Baumwolle (https://eskyna.com/glossar/baumwolle/)","https://eskyna.com/glossar/kategorie/kleider-roecke/; https://eskyna.com/stilfrage/","content/de/glossar/hemdblusenkleid.md"
"hemdkragen","Hemdkragen","hemdkragen","https://eskyna.com/glossar/hemdkragen/","published","Materialien & Details","","hemdkragen; was bedeutet hemdkragen; hemdkragen stilberatung","Natalia Kleemann","2026-07-09","https://eskyna.com/images/glossar/hemdkragen.png","Editoriale Glossar-Grafik zu Hemdkragen mit ruhigen Farbfeldern und feiner Linienführung","Materialfall (https://eskyna.com/glossar/materialfall/); Struktur (https://eskyna.com/glossar/struktur/); Glanzgrad (https://eskyna.com/glossar/glanzgrad/); Accessoire (https://eskyna.com/glossar/accessoire/)","https://eskyna.com/glossar/accessoire/; https://eskyna.com/glossar/glanzgrad/; https://eskyna.com/glossar/kategorie/materialien-details/; https://eskyna.com/glossar/materialfall/; https://eskyna.com/glossar/struktur/; https://eskyna.com/stilfrage/","content/de/glossar/hemdkragen.md"
"herbsttyp","Herbsttyp","herbsttyp","https://eskyna.com/glossar/herbsttyp/","published","Farbberatung & Farbe","","herbsttyp; soft autumn; warm autumn; deep autumn; herbst farbtyp","Natalia Kleemann","2026-07-09","https://eskyna.com/images/glossar/herbsttyp.png","Glossar-Illustration zu Herbsttyp","Farbtyp (https://eskyna.com/glossar/farbtyp/); Unterton (https://eskyna.com/glossar/unterton/); Gedämpfte Farben (https://eskyna.com/glossar/gedaempfte-farben/); Farbtemperatur (https://eskyna.com/glossar/farbtemperatur/); Farbpass (https://eskyna.com/glossar/farbpass/)","https://eskyna.com/glossar/farbpass/; https://eskyna.com/glossar/farbtemperatur/; https://eskyna.com/glossar/farbtyp/; https://eskyna.com/glossar/gedaempfte-farben/; https://eskyna.com/glossar/kategorie/farbberatung-farbe/; https://eskyna.com/glossar/unterton/; https://eskyna.com/stilgefuehl/","content/de/glossar/herbsttyp.md"
"herz-ausschnitt","Herz-Ausschnitt","herz-ausschnitt","https://eskyna.com/glossar/herz-ausschnitt/","published","Materialien & Details","","herz-ausschnitt; was bedeutet herz-ausschnitt; herz-ausschnitt stilberatung","Natalia Kleemann","2026-07-09","https://eskyna.com/images/glossar/herz-ausschnitt.png","Editoriale Glossar-Grafik zu Herz-Ausschnitt mit ruhigen Farbfeldern und feiner Linienführung","Materialfall (https://eskyna.com/glossar/materialfall/); Struktur (https://eskyna.com/glossar/struktur/); Glanzgrad (https://eskyna.com/glossar/glanzgrad/); Accessoire (https://eskyna.com/glossar/accessoire/)","https://eskyna.com/glossar/accessoire/; https://eskyna.com/glossar/glanzgrad/; https://eskyna.com/glossar/kategorie/materialien-details/; https://eskyna.com/glossar/materialfall/; https://eskyna.com/glossar/struktur/; https://eskyna.com/stilfrage/","content/de/glossar/herz-ausschnitt.md"
"high-waist","High Waist","high-waist","https://eskyna.com/glossar/high-waist/","published","Schnitt, Proportion & Passform","","high waist; was bedeutet high waist; high waist stilberatung","Natalia Kleemann","2026-07-09","https://eskyna.com/images/glossar/high-waist.png","Editoriale Glossar-Grafik zu High Waist mit ruhigen Farbfeldern und feiner Linienführung","Passform (https://eskyna.com/glossar/passform/); Silhouette (https://eskyna.com/glossar/silhouette/); Proportion (https://eskyna.com/glossar/proportion/); Saumlänge (https://eskyna.com/glossar/saumlange/); Taillierung (https://eskyna.com/glossar/taillierung/)","https://eskyna.com/glossar/kategorie/schnitt-proportion-passform/; https://eskyna.com/glossar/passform/; https://eskyna.com/glossar/proportion/; https://eskyna.com/glossar/saumlange/; https://eskyna.com/glossar/silhouette/; https://eskyna.com/glossar/taillierung/; https://eskyna.com/stilfrage/","content/de/glossar/high-waist.md"
"hobo-bag","Hobo Bag","hobo-bag","https://eskyna.com/glossar/hobo-bag/","published","Materialien & Details","","hobo bag; was ist eine hobo bag; hobo tasche","Natalia Kleemann","2026-07-09","https://eskyna.com/images/glossar/hobo-bag.png","Editoriale Grafik zu Hobo Bag mit abstrahierten Formen, ruhigen Farbfeldern und hochwertiger Anmutung","Accessoire (https://eskyna.com/glossar/accessoire/); Shopper (https://eskyna.com/glossar/shopper/); Tote Bag (https://eskyna.com/glossar/tote-bag/); Materialfall (https://eskyna.com/glossar/materialfall/); Smart Casual (https://eskyna.com/glossar/smart-casual/)","https://eskyna.com/glossar/kategorie/materialien-details/; https://eskyna.com/stilfrage/","content/de/glossar/hobo-bag.md"
"hochzeit-als-gast","Hochzeit als Gast","hochzeit-als-gast","https://eskyna.com/glossar/hochzeit-als-gast/","published","Garderobe & Alltag","","hochzeit als gast; was bedeutet hochzeit als gast; hochzeit als gast stilberatung","Natalia Kleemann","2026-07-09","https://eskyna.com/images/glossar/hochzeit-als-gast.png","Editoriale Glossar-Grafik zu Hochzeit als Gast mit ruhigen Farbfeldern und feiner Linienführung","Capsule Wardrobe (https://eskyna.com/glossar/capsule-wardrobe/); Garderobenlogik (https://eskyna.com/glossar/garderobenlogik/); Outfit-Formel (https://eskyna.com/glossar/outfit-formel/); Key-Piece (https://eskyna.com/glossar/key-piece/); Fehlkauf (https://eskyna.com/glossar/fehlkauf/)","https://eskyna.com/glossar/capsule-wardrobe/; https://eskyna.com/glossar/fehlkauf/; https://eskyna.com/glossar/garderobenlogik/; https://eskyna.com/glossar/kategorie/garderobe-alltag/; https://eskyna.com/glossar/key-piece/; https://eskyna.com/glossar/outfit-formel/; https://eskyna.com/stilgarderobe/","content/de/glossar/hochzeit-als-gast.md"
"hoodie","Hoodie","hoodie","https://eskyna.com/glossar/hoodie/","published","Garderobe & Alltag","","hoodie; was ist ein hoodie; hoodie kombinieren","Natalia Kleemann","2026-07-09","https://eskyna.com/images/glossar/hoodie.png","Editoriale Grafik mit stilisiertem Hoodie, Kapuze und weicher Sweatstruktur","Sweatshirt (https://eskyna.com/glossar/sweatshirt/); Sneaker (https://eskyna.com/glossar/sneaker/); Layering (https://eskyna.com/glossar/layering/); Casual (https://eskyna.com/glossar/smart-casual/); Oversized (https://eskyna.com/glossar/oversized/)","https://eskyna.com/glossar/kategorie/garderobe-alltag/; https://eskyna.com/stilgarderobe/","content/de/glossar/hoodie.md"
"horizontale-linie","Horizontale Linie","horizontale-linie","https://eskyna.com/glossar/horizontale-linie/","published","Schnitt, Proportion & Passform","","horizontale linie; breite im outfit; unterbrechung styling","Natalia Kleemann","2026-07-09","https://eskyna.com/images/glossar/horizontale-linie.png","Glossar-Illustration zu Horizontale Linie","Saumlänge (https://eskyna.com/glossar/saumlange/); Vertikale Linie (https://eskyna.com/glossar/vertikale-linie/); Blickführung (https://eskyna.com/glossar/blickfuehrung/); Drittel-Regel im Outfit (https://eskyna.com/glossar/drittel-regel-im-outfit/); Proportion (https://eskyna.com/glossar/proportion/)","https://eskyna.com/glossar/blickfuehrung/; https://eskyna.com/glossar/drittel-regel-im-outfit/; https://eskyna.com/glossar/kategorie/schnitt-proportion-passform/; https://eskyna.com/glossar/proportion/; https://eskyna.com/glossar/saumlange/; https://eskyna.com/glossar/vertikale-linie/; https://eskyna.com/stilfrage/","content/de/glossar/horizontale-linie.md"
"hosen-unter-roecken","Hosen unter Röcken","hosen-unter-roecken","https://eskyna.com/glossar/hosen-unter-roecken/","published","Garderobe & Alltag","","hosen unter roecken; rock über hose; layering trend","Natalia Kleemann","2026-07-12","https://eskyna.com/images/glossar/hosen-unter-roecken.png","Glossar-Illustration zu Hosen unter Röcken","Layering (https://eskyna.com/glossar/layering/); Rock (https://eskyna.com/glossar/rock/); Kleid (https://eskyna.com/glossar/kleid/); Stoffhose (https://eskyna.com/glossar/stoffhose/); Transparenz (https://eskyna.com/glossar/transparenz/)","https://eskyna.com/glossar/kleid/; https://eskyna.com/glossar/kurzjacke/; https://eskyna.com/glossar/layering/; https://eskyna.com/glossar/rock/; https://eskyna.com/glossar/stoffhose/; https://eskyna.com/glossar/transparenz/","content/de/glossar/hosen-unter-roecken.md"
"hosenanzug","Hosenanzug","hosenanzug","https://eskyna.com/glossar/hosenanzug/","published","Garderobe & Alltag","","hosenanzug; was ist hosenanzug; hosenanzug","Natalia Kleemann","2026-07-18","https://eskyna.com/images/glossar/hosenanzug.png","Glossar-Illustration zu Hosenanzug","","","content/de/glossar/hosenanzug.md"
"hosenbruch","Hosenbruch","hosenbruch","https://eskyna.com/glossar/hosenbruch/","published","Schnitt, Proportion & Passform","","hosenbruch; was ist hosenbruch; hosenbruch","Natalia Kleemann","2026-07-18","https://eskyna.com/images/glossar/hosenbruch.png","Glossar-Illustration zu Hosenbruch","","","content/de/glossar/hosenbruch.md"
"hut","Hut","hut","https://eskyna.com/glossar/hut/","published","Materialien & Details","","hut styling; was ist ein hut; hut kombinieren","Natalia Kleemann","2026-07-09","https://eskyna.com/images/glossar/hut.png","Editoriale Grafik zu Hut mit abstrahierten Formen, ruhigen Farbfeldern und hochwertiger Anmutung","Accessoire (https://eskyna.com/glossar/accessoire/); Cap (https://eskyna.com/glossar/cap/); Sonnenbrille (https://eskyna.com/glossar/sonnenbrille/); Proportion (https://eskyna.com/glossar/proportion/); Statement-Piece (https://eskyna.com/glossar/statement-piece/)","https://eskyna.com/glossar/kategorie/materialien-details/; https://eskyna.com/stilfrage/","content/de/glossar/hut.md"
"ikat","Ikat","ikat","https://eskyna.com/glossar/ikat/","published","Farbberatung & Farbe","","ikat; was ist ikat; ikat","Natalia Kleemann","2026-07-18","https://eskyna.com/images/glossar/ikat.png","Glossar-Illustration zu Ikat","","","content/de/glossar/ikat.md"
"image","Image","image","https://eskyna.com/glossar/image/","published","Stil & Wirkung","","image; was bedeutet image; image stilberatung","Natalia Kleemann","2026-07-09","https://eskyna.com/images/glossar/image.png","Editoriale Glossar-Grafik zu Image mit ruhigen Farbfeldern und feiner Linienführung","Signature Look (https://eskyna.com/glossar/signature-look/); Personal Style (https://eskyna.com/glossar/personal-style/); Garderobenlogik (https://eskyna.com/glossar/garderobenlogik/)","https://eskyna.com/glossar/garderobenlogik/; https://eskyna.com/glossar/kategorie/stil-wirkung/; https://eskyna.com/glossar/personal-style/; https://eskyna.com/glossar/signature-look/; https://eskyna.com/praesenz/","content/de/glossar/image.md"
"image-strategie","Image-Strategie","image-strategie","https://eskyna.com/glossar/image-strategie/","published","Stil & Wirkung","","image-strategie; image strategie; wirkung positionierung","Natalia Kleemann","2026-07-09","https://eskyna.com/images/glossar/image-strategie.png","Glossar-Illustration zu Image-Strategie","Image (https://eskyna.com/glossar/image/); Wirkungsprofil (https://eskyna.com/glossar/wirkungsprofil/); Personal Branding (https://eskyna.com/glossar/personal-branding/); Stilbotschaft (https://eskyna.com/glossar/stilbotschaft/); Imageberatung (https://eskyna.com/glossar/imageberatung/)","https://eskyna.com/glossar/image/; https://eskyna.com/glossar/imageberatung/; https://eskyna.com/glossar/kategorie/stil-wirkung/; https://eskyna.com/glossar/personal-branding/; https://eskyna.com/glossar/stilbotschaft/; https://eskyna.com/glossar/wirkungsprofil/; https://eskyna.com/praesenz/","content/de/glossar/image-strategie.md"
"imageberatung","Imageberatung","imageberatung","https://eskyna.com/glossar/imageberatung/","published","Stil & Wirkung","","imageberatung; was bedeutet imageberatung; imageberatung stilberatung","Natalia Kleemann","2026-07-09","https://eskyna.com/images/glossar/imageberatung.png","Editoriale Glossar-Grafik zu Imageberatung mit ruhigen Farbfeldern und feiner Linienführung","Signature Look (https://eskyna.com/glossar/signature-look/); Wirkung (https://eskyna.com/glossar/wirkung/); Stilberatung (https://eskyna.com/glossar/stilberatung/); Personal Style (https://eskyna.com/glossar/personal-style/); Garderobenlogik (https://eskyna.com/glossar/garderobenlogik/)","https://eskyna.com/angebote/; https://eskyna.com/glossar/garderobenlogik/; https://eskyna.com/glossar/personal-style/; https://eskyna.com/glossar/signature-look/; https://eskyna.com/glossar/stilberatung/; https://eskyna.com/glossar/wirkung/","content/de/glossar/imageberatung.md"
"indigo-und-denimblau","Indigo und Denimblau","indigo-und-denimblau","https://eskyna.com/glossar/indigo-und-denimblau/","published","Farb-Lexikon","","indigo bedeutung; denimblau unterschied; jeanswaschung wirkung","Natalia Kleemann","2026-07-18","https://eskyna.com/images/glossar/indigo-und-denimblau.png","Glossar-Illustration zu Indigo und Denimblau","Denim (https://eskyna.com/glossar/denim/); Jeans (https://eskyna.com/glossar/jeans/); Navy (https://eskyna.com/glossar/navy/); Kontrast (https://eskyna.com/glossar/kontrast/)","","content/de/glossar/indigo-und-denimblau.md"
"innenbeinlaenge","Innenbeinlänge","innenbeinlaenge","https://eskyna.com/glossar/innenbeinlaenge/","published","Schnitt, Proportion & Passform","","innenbeinlaenge; was ist innenbeinlänge; innenbeinlänge","Natalia Kleemann","2026-07-18","https://eskyna.com/images/glossar/innenbeinlaenge.png","Glossar-Illustration zu Innenbeinlänge","","","content/de/glossar/innenbeinlaenge.md"
"innenverarbeitung","Innenverarbeitung","innenverarbeitung","https://eskyna.com/glossar/innenverarbeitung/","published","Materialien & Details","","innenverarbeitung; was bedeutet innenverarbeitung; innenverarbeitung stilberatung","Natalia Kleemann","2026-07-09","https://eskyna.com/images/glossar/innenverarbeitung.png","Editoriale Glossar-Grafik zu Innenverarbeitung mit ruhigen Farbfeldern und feiner Linienführung","Materialfall (https://eskyna.com/glossar/materialfall/); Struktur (https://eskyna.com/glossar/struktur/); Glanzgrad (https://eskyna.com/glossar/glanzgrad/); Accessoire (https://eskyna.com/glossar/accessoire/); Qualität (https://eskyna.com/glossar/qualitaet/)","https://eskyna.com/glossar/accessoire/; https://eskyna.com/glossar/glanzgrad/; https://eskyna.com/glossar/kategorie/materialien-details/; https://eskyna.com/glossar/materialfall/; https://eskyna.com/glossar/qualitaet/; https://eskyna.com/glossar/struktur/; https://eskyna.com/stilfrage/","content/de/glossar/innenverarbeitung.md"
"investitionsteil","Investitionsteil","investitionsteil","https://eskyna.com/glossar/investitionsteil/","published","Garderobe & Alltag","","investitionsteil; was bedeutet investitionsteil; investitionsteil stilberatung","Natalia Kleemann","2026-07-09","https://eskyna.com/images/glossar/investitionsteil.png","Editoriale Glossar-Grafik zu Investitionsteil mit ruhigen Farbfeldern und feiner Linienführung","Capsule Wardrobe (https://eskyna.com/glossar/capsule-wardrobe/); Garderobenlogik (https://eskyna.com/glossar/garderobenlogik/); Outfit-Formel (https://eskyna.com/glossar/outfit-formel/); Key-Piece (https://eskyna.com/glossar/key-piece/); Fehlkauf (https://eskyna.com/glossar/fehlkauf/)","https://eskyna.com/glossar/capsule-wardrobe/; https://eskyna.com/glossar/fehlkauf/; https://eskyna.com/glossar/garderobenlogik/; https://eskyna.com/glossar/kategorie/garderobe-alltag/; https://eskyna.com/glossar/key-piece/; https://eskyna.com/glossar/outfit-formel/; https://eskyna.com/stilgarderobe/","content/de/glossar/investitionsteil.md"
"jacquard","Jacquard","jacquard","https://eskyna.com/glossar/jacquard/","published","Materialien & Details","","jacquard; was bedeutet jacquard; jacquard stilberatung","Natalia Kleemann","2026-07-09","https://eskyna.com/images/glossar/jacquard.png","Editoriale Glossar-Grafik zu Jacquard mit ruhigen Farbfeldern und feiner Linienführung","Materialfall (https://eskyna.com/glossar/materialfall/); Struktur (https://eskyna.com/glossar/struktur/); Glanzgrad (https://eskyna.com/glossar/glanzgrad/); Accessoire (https://eskyna.com/glossar/accessoire/)","https://eskyna.com/glossar/accessoire/; https://eskyna.com/glossar/glanzgrad/; https://eskyna.com/glossar/kategorie/materialien-details/; https://eskyna.com/glossar/materialfall/; https://eskyna.com/glossar/struktur/; https://eskyna.com/stilfrage/","content/de/glossar/jacquard.md"
"japanische-sneaker","Japanische Sneaker","japanische-sneaker","https://eskyna.com/glossar/japanische-sneaker/","published","Schuhe","","japanische sneaker; was sind japanische sneaker; japanische sneaker styling","Natalia Kleemann","2026-07-12","https://eskyna.com/images/glossar/japanische-sneaker.png","Glossar-Illustration zu Japanische Sneaker","Sneaker (https://eskyna.com/glossar/sneaker/); Retro (https://eskyna.com/glossar/retro/); Minimalismus (https://eskyna.com/glossar/minimalismus/); Stoffhose (https://eskyna.com/glossar/stoffhose/); Kurzjacke (https://eskyna.com/glossar/kurzjacke/)","https://eskyna.com/glossar/kurzjacke/; https://eskyna.com/glossar/minimalismus/; https://eskyna.com/glossar/retro/; https://eskyna.com/glossar/sneaker/; https://eskyna.com/glossar/stoffhose/","content/de/glossar/japanische-sneaker.md"
"jeans","Jeans","jeans","https://eskyna.com/glossar/jeans/","published","Garderobe & Alltag","","jeans; was ist eine jeans; jeans schnitte; jeans passform","Natalia Kleemann","2026-07-09","https://eskyna.com/images/glossar/jeans.png","Editoriale Grafik mit stilisierter Jeans, Tasche, Nähten und Denim-Farbwelt","Denim (https://eskyna.com/glossar/denim/); Passform (https://eskyna.com/glossar/passform/); Straight Leg (https://eskyna.com/glossar/straight-leg/); Wide Leg (https://eskyna.com/glossar/wide-leg/); Chinos (https://eskyna.com/glossar/chinos/); Jeansjacke (https://eskyna.com/glossar/jeansjacke/)","https://eskyna.com/glossar/kategorie/garderobe-alltag/; https://eskyna.com/stilgarderobe/","content/de/glossar/jeans.md"
"jeansjacke","Jeansjacke","jeansjacke","https://eskyna.com/glossar/jeansjacke/","published","Garderobe & Alltag","","jeansjacke; was ist eine jeansjacke; jeansjacke kombinieren","Natalia Kleemann","2026-07-09","https://eskyna.com/images/glossar/jeansjacke.png","Editoriale Grafik mit stilisierter Jeansjacke, Denimnaht und Brusttaschen","Denim (https://eskyna.com/glossar/denim/); Jeans (https://eskyna.com/glossar/jeans/); Layering (https://eskyna.com/glossar/layering/); Casual (https://eskyna.com/glossar/smart-casual/); T-Shirt (https://eskyna.com/glossar/t-shirt/)","https://eskyna.com/glossar/kategorie/garderobe-alltag/; https://eskyna.com/stilgarderobe/","content/de/glossar/jeansjacke.md"
"jeansrock","Jeansrock","jeansrock","https://eskyna.com/glossar/jeansrock/","published","Kleider & Röcke","","jeansrock; was ist ein jeansrock; jeansrock kombinieren","Natalia Kleemann","2026-07-09","https://eskyna.com/images/glossar/jeansrock.png","Editoriale ESKYNA Grafik zum Glossarbegriff Jeansrock mit ruhigen Formen und feinen Farbfeldern","Denim (https://eskyna.com/glossar/denim/); Jeans (https://eskyna.com/glossar/jeans/); Rocklänge (https://eskyna.com/glossar/rocklange/); Sneaker (https://eskyna.com/glossar/sneaker/)","https://eskyna.com/glossar/kategorie/kleider-roecke/; https://eskyna.com/stilfrage/","content/de/glossar/jeansrock.md"
"jelly-bag","Jelly Bag","jelly-bag","https://eskyna.com/glossar/jelly-bag/","published","Garderobe & Alltag","","jelly bag; was ist eine jelly bag; jelly bag styling","Natalia Kleemann","2026-07-12","https://eskyna.com/images/glossar/jelly-bag.png","Glossar-Illustration zu Jelly Bag","Shopper (https://eskyna.com/glossar/shopper/); Mini Bag (https://eskyna.com/glossar/summer-clutch/); Accessoire (https://eskyna.com/glossar/accessoire/); Transparenz (https://eskyna.com/glossar/transparenz/); Jeans (https://eskyna.com/glossar/jeans/)","https://eskyna.com/glossar/accessoire/; https://eskyna.com/glossar/jeans/; https://eskyna.com/glossar/shopper/; https://eskyna.com/glossar/summer-clutch/; https://eskyna.com/glossar/transparenz/","content/de/glossar/jelly-bag.md"
"jelly-sandals","Jelly Sandals","jelly-sandals","https://eskyna.com/glossar/jelly-sandals/","published","Schuhe","","jelly sandals; jelly flats; kunststoffsandalen","Natalia Kleemann","2026-07-09","https://eskyna.com/images/glossar/jelly-sandals.png","Glossar-Illustration zu Jelly Sandals","Sandale (https://eskyna.com/glossar/sandale/); Ballerina (https://eskyna.com/glossar/ballerina/); Sommerlook (https://eskyna.com/glossar/wochenendlook/); Transparent (https://eskyna.com/glossar/transparenz/); Casual (https://eskyna.com/glossar/casual/)","https://eskyna.com/glossar/ballerina/; https://eskyna.com/glossar/casual/; https://eskyna.com/glossar/kategorie/schuhe/; https://eskyna.com/glossar/sandale/; https://eskyna.com/glossar/transparenz/; https://eskyna.com/glossar/wochenendlook/; https://eskyna.com/stilfrage/","content/de/glossar/jelly-sandals.md"
"jersey","Jersey","jersey","https://eskyna.com/glossar/jersey/","published","Materialien & Details","","jersey; was bedeutet jersey; jersey stilberatung","Natalia Kleemann","2026-07-09","https://eskyna.com/images/glossar/jersey.png","Editoriale Glossar-Grafik zu Jersey mit ruhigen Farbfeldern und feiner Linienführung","Materialfall (https://eskyna.com/glossar/materialfall/); Struktur (https://eskyna.com/glossar/struktur/); Glanzgrad (https://eskyna.com/glossar/glanzgrad/); Accessoire (https://eskyna.com/glossar/accessoire/)","https://eskyna.com/glossar/accessoire/; https://eskyna.com/glossar/glanzgrad/; https://eskyna.com/glossar/kategorie/materialien-details/; https://eskyna.com/glossar/materialfall/; https://eskyna.com/glossar/struktur/; https://eskyna.com/stilfrage/","content/de/glossar/jersey.md"
"jogpants","Jogpants","jogpants","https://eskyna.com/glossar/jogpants/","published","Garderobe & Alltag","","jogpants; was sind jogpants; jogpants kombinieren","Natalia Kleemann","2026-07-09","https://eskyna.com/images/glossar/jogpants.png","Editoriale Grafik zu Jogpants mit ruhigen Formen, Stofflinien und ESKYNA Farbwelt","Tapered Fit (https://eskyna.com/glossar/tapered-fit/); Sneaker (https://eskyna.com/glossar/sneaker/); Stilbruch (https://eskyna.com/glossar/stilbruch/); Blazer (https://eskyna.com/glossar/blazer/); Materialfall (https://eskyna.com/glossar/materialfall/)","https://eskyna.com/glossar/kategorie/garderobe-alltag/; https://eskyna.com/stilgarderobe/","content/de/glossar/jogpants.md"
"jumpsuit-overall","Jumpsuit/Overall","jumpsuit-overall","https://eskyna.com/glossar/jumpsuit-overall/","published","Garderobe & Alltag","","jumpsuit overall; was ist jumpsuit/overall; jumpsuit/overall","Natalia Kleemann","2026-07-18","https://eskyna.com/images/glossar/jumpsuit-overall.png","Glossar-Illustration zu Jumpsuit/Overall","","","content/de/glossar/jumpsuit-overall.md"
"kaftan","Kaftan","kaftan","https://eskyna.com/glossar/kaftan/","published","Garderobe & Alltag","","kaftan; was ist kaftan; kaftan","Natalia Kleemann","2026-07-18","https://eskyna.com/images/glossar/kaftan.png","Glossar-Illustration zu Kaftan","","","content/de/glossar/kaftan.md"
"kamera-look","Kamera-Look","kamera-look","https://eskyna.com/glossar/kamera-look/","published","Garderobe & Alltag","","kamera-look; outfit vor der kamera; business fotos outfit","Natalia Kleemann","2026-07-09","https://eskyna.com/images/glossar/kamera-look.png","Editoriale Illustration zum Begriff Kamera-Look mit ruhigen Farbfeldern","Fotoshooting-Outfit (https://eskyna.com/glossar/fotoshooting-outfit/); Video-Call-Outfit (https://eskyna.com/glossar/video-call-outfit/); LinkedIn-Outfit (https://eskyna.com/glossar/linkedin-outfit/); Wirkung (https://eskyna.com/glossar/wirkung/); Sichtbarkeitslook (https://eskyna.com/glossar/sichtbarkeitslook/)","https://eskyna.com/glossar/fotoshooting-outfit/; https://eskyna.com/glossar/kategorie/garderobe-alltag/; https://eskyna.com/glossar/linkedin-outfit/; https://eskyna.com/glossar/sichtbarkeitslook/; https://eskyna.com/glossar/video-call-outfit/; https://eskyna.com/glossar/wirkung/; https://eskyna.com/praesenz/; https://eskyna.com/stilgarderobe/","content/de/glossar/kamera-look.md"
"kante","Kante","kante","https://eskyna.com/glossar/kante/","published","Materialien & Details","","kante; was bedeutet kante; kante stilberatung","Natalia Kleemann","2026-07-09","https://eskyna.com/images/glossar/kante.png","Editoriale Glossar-Grafik zu Kante mit ruhigen Farbfeldern und feiner Linienführung","Materialfall (https://eskyna.com/glossar/materialfall/); Struktur (https://eskyna.com/glossar/struktur/); Glanzgrad (https://eskyna.com/glossar/glanzgrad/); Accessoire (https://eskyna.com/glossar/accessoire/)","https://eskyna.com/glossar/accessoire/; https://eskyna.com/glossar/glanzgrad/; https://eskyna.com/glossar/kategorie/materialien-details/; https://eskyna.com/glossar/materialfall/; https://eskyna.com/glossar/struktur/; https://eskyna.com/stilfrage/","content/de/glossar/kante.md"
"kappnaht","Kappnaht","kappnaht","https://eskyna.com/glossar/kappnaht/","published","Schnitt, Proportion & Passform","","kappnaht; was ist kappnaht; kappnaht","Natalia Kleemann","2026-07-18","https://eskyna.com/images/glossar/kappnaht.png","Glossar-Illustration zu Kappnaht","","","content/de/glossar/kappnaht.md"
"karomuster","Karomuster","karomuster","https://eskyna.com/glossar/karomuster/","published","Materialien & Details","","karomuster; was bedeutet karomuster; karomuster stilberatung","Natalia Kleemann","2026-07-09","https://eskyna.com/images/glossar/karomuster.png","Editoriale Glossar-Grafik zu Karomuster mit ruhigen Farbfeldern und feiner Linienführung","Materialfall (https://eskyna.com/glossar/materialfall/); Struktur (https://eskyna.com/glossar/struktur/); Glanzgrad (https://eskyna.com/glossar/glanzgrad/); Accessoire (https://eskyna.com/glossar/accessoire/)","https://eskyna.com/glossar/accessoire/; https://eskyna.com/glossar/glanzgrad/; https://eskyna.com/glossar/kategorie/materialien-details/; https://eskyna.com/glossar/materialfall/; https://eskyna.com/glossar/struktur/; https://eskyna.com/stilfrage/","content/de/glossar/karomuster.md"
"kaschmir","Kaschmir","kaschmir","https://eskyna.com/glossar/kaschmir/","published","Materialien & Details","","kaschmir; was bedeutet kaschmir; kaschmir stilberatung","Natalia Kleemann","2026-07-09","https://eskyna.com/images/glossar/kaschmir.png","Editoriale Glossar-Grafik zu Kaschmir mit ruhigen Farbfeldern und feiner Linienführung","Materialfall (https://eskyna.com/glossar/materialfall/); Struktur (https://eskyna.com/glossar/struktur/); Glanzgrad (https://eskyna.com/glossar/glanzgrad/); Accessoire (https://eskyna.com/glossar/accessoire/)","https://eskyna.com/glossar/accessoire/; https://eskyna.com/glossar/glanzgrad/; https://eskyna.com/glossar/kategorie/materialien-details/; https://eskyna.com/glossar/materialfall/; https://eskyna.com/glossar/struktur/; https://eskyna.com/stilfrage/","content/de/glossar/kaschmir.md"
"kaufkriterien","Kaufkriterien","kaufkriterien","https://eskyna.com/glossar/kaufkriterien/","published","Garderobe & Alltag","","kaufkriterien; bewusst einkaufen kleidung; kaufentscheidung mode","Natalia Kleemann","2026-07-09","https://eskyna.com/images/glossar/kaufkriterien.png","Glossar-Illustration zu Kaufkriterien","Fehlkauf (https://eskyna.com/glossar/fehlkauf/); Kombinierbarkeit (https://eskyna.com/glossar/kombinierbarkeit/); Qualität (https://eskyna.com/glossar/qualitaet/); Wardrobe Audit (https://eskyna.com/glossar/wardrobe-audit/); Preis-pro-Tragen-Strategie (https://eskyna.com/glossar/preis-pro-tragen-strategie/)","https://eskyna.com/glossar/fehlkauf/; https://eskyna.com/glossar/kategorie/garderobe-alltag/; https://eskyna.com/glossar/kombinierbarkeit/; https://eskyna.com/glossar/preis-pro-tragen-strategie/; https://eskyna.com/glossar/qualitaet/; https://eskyna.com/glossar/wardrobe-audit/; https://eskyna.com/stilgarderobe/","content/de/glossar/kaufkriterien.md"
"kernsprache","Kernsprache","kernsprache","https://eskyna.com/glossar/kernsprache/","published","Stil & Wirkung","","kernsprache; was bedeutet kernsprache; kernsprache stilberatung","Natalia Kleemann","2026-07-09","https://eskyna.com/images/glossar/kernsprache.png","Editoriale Glossar-Grafik zu Kernsprache mit ruhigen Farbfeldern und feiner Linienführung","Signature Look (https://eskyna.com/glossar/signature-look/); Wirkung (https://eskyna.com/glossar/wirkung/); Stilberatung (https://eskyna.com/glossar/stilberatung/); Personal Style (https://eskyna.com/glossar/personal-style/); Garderobenlogik (https://eskyna.com/glossar/garderobenlogik/)","https://eskyna.com/glossar/garderobenlogik/; https://eskyna.com/glossar/kategorie/stil-wirkung/; https://eskyna.com/glossar/personal-style/; https://eskyna.com/glossar/signature-look/; https://eskyna.com/glossar/stilberatung/; https://eskyna.com/glossar/wirkung/; https://eskyna.com/praesenz/","content/de/glossar/kernsprache.md"
"kette","Kette","kette","https://eskyna.com/glossar/kette/","published","Materialien & Details","","kette; was bedeutet kette; kette stilberatung","Natalia Kleemann","2026-07-09","https://eskyna.com/images/glossar/kette.png","Editoriale Glossar-Grafik zu Kette mit ruhigen Farbfeldern und feiner Linienführung","Materialfall (https://eskyna.com/glossar/materialfall/); Struktur (https://eskyna.com/glossar/struktur/); Glanzgrad (https://eskyna.com/glossar/glanzgrad/); Accessoire (https://eskyna.com/glossar/accessoire/)","https://eskyna.com/glossar/accessoire/; https://eskyna.com/glossar/glanzgrad/; https://eskyna.com/glossar/kategorie/materialien-details/; https://eskyna.com/glossar/materialfall/; https://eskyna.com/glossar/struktur/; https://eskyna.com/stilfrage/","content/de/glossar/kette.md"
"key-piece","Key-Piece","key-piece","https://eskyna.com/glossar/key-piece/","published","Garderobe & Alltag","","key-piece; garderobe aufbauen; kleidung kombinieren; stilberatung","Natalia Kleemann","2026-07-09","https://eskyna.com/images/glossar/key-piece.png","Editoriale Grafik mit einem zentralen Kleidungsstück und ruhigen Kombinationsflächen als Symbol für ein Key-Piece","Blazer (https://eskyna.com/glossar/blazer/); Trenchcoat (https://eskyna.com/glossar/trenchcoat/); Capsule Wardrobe (https://eskyna.com/glossar/capsule-wardrobe/); Garderobenlogik (https://eskyna.com/glossar/garderobenlogik/); Outfit-Formel (https://eskyna.com/glossar/outfit-formel/)","https://eskyna.com/glossar/kategorie/garderobe-alltag/; https://eskyna.com/stilgarderobe/","content/de/glossar/key-piece.md"
"khaki","Khaki","khaki","https://eskyna.com/glossar/khaki/","published","Farb-Lexikon","","khaki kleidung; khaki kombinieren; khaki farbe; farbberatung","Natalia Kleemann","2026-07-09","https://eskyna.com/images/glossar/khaki.png","Editoriale Grafik zu Khaki mit Farbfeldern, Materialflächen und ruhigen Kombinationsakzenten","Oliv (https://eskyna.com/glossar/oliv/); Beige (https://eskyna.com/glossar/beige/); Chinos (https://eskyna.com/glossar/chinos/); Trenchcoat (https://eskyna.com/glossar/trenchcoat/); Neutrale Farben (https://eskyna.com/glossar/neutrale-farben/)","https://eskyna.com/glossar/kategorie/farb-lexikon/; https://eskyna.com/glossar/unterton/; https://eskyna.com/stilgefuehl/","content/de/glossar/khaki.md"
"kitten-heel","Kitten Heel","kitten-heel","https://eskyna.com/glossar/kitten-heel/","published","Schuhe","","kitten heel; was ist ein kitten heel; kleiner absatz","Natalia Kleemann","2026-07-09","https://eskyna.com/images/glossar/kitten-heel.png","Editoriale ESKYNA Grafik zum Glossarbegriff Kitten Heel mit ruhigen Formen und feinen Farbfeldern","Pumps (https://eskyna.com/glossar/pumps/); Slingback (https://eskyna.com/glossar/slingback/); Mule (https://eskyna.com/glossar/mule/); Saumlänge (https://eskyna.com/glossar/saumlange/)","https://eskyna.com/glossar/kategorie/schuhe/; https://eskyna.com/stilfrage/","content/de/glossar/kitten-heel.md"
"klare-farben","Klare Farben","klare-farben","https://eskyna.com/glossar/klare-farben/","published","Farbberatung & Farbe","","klare farben; leuchtende farben; clear colors","Natalia Kleemann","2026-07-09","https://eskyna.com/images/glossar/klare-farben.png","Glossar-Illustration zu Klare Farben","Gedämpfte Farben (https://eskyna.com/glossar/gedaempfte-farben/); Kontrast (https://eskyna.com/glossar/kontrast/); Farbtypologie (https://eskyna.com/glossar/farbtypologie/); Wintertyp (https://eskyna.com/glossar/wintertyp/); Frühlingstyp (https://eskyna.com/glossar/fruehlingstyp/)","https://eskyna.com/glossar/farbtypologie/; https://eskyna.com/glossar/fruehlingstyp/; https://eskyna.com/glossar/gedaempfte-farben/; https://eskyna.com/glossar/kategorie/farbberatung-farbe/; https://eskyna.com/glossar/kontrast/; https://eskyna.com/glossar/wintertyp/; https://eskyna.com/stilgefuehl/","content/de/glossar/klare-farben.md"
"klassiker","Klassiker","klassiker","https://eskyna.com/glossar/klassiker/","published","Stil & Wirkung","","klassiker; was bedeutet klassiker; klassiker stilberatung","Natalia Kleemann","2026-07-09","https://eskyna.com/images/glossar/klassiker.png","Editoriale Glossar-Grafik zu Klassiker mit ruhigen Farbfeldern und feiner Linienführung","Signature Look (https://eskyna.com/glossar/signature-look/); Wirkung (https://eskyna.com/glossar/wirkung/); Personal Style (https://eskyna.com/glossar/personal-style/); Garderobenlogik (https://eskyna.com/glossar/garderobenlogik/)","https://eskyna.com/glossar/garderobenlogik/; https://eskyna.com/glossar/kategorie/stil-wirkung/; https://eskyna.com/glossar/personal-style/; https://eskyna.com/glossar/signature-look/; https://eskyna.com/glossar/wirkung/; https://eskyna.com/praesenz/","content/de/glossar/klassiker.md"
"klassisch","Klassisch","klassisch","https://eskyna.com/glossar/klassisch/","published","Stil & Wirkung","","klassisch; was bedeutet klassisch; klassisch stilberatung","Natalia Kleemann","2026-07-09","https://eskyna.com/images/glossar/klassisch.png","Editoriale Glossar-Grafik zu Klassisch mit ruhigen Farbfeldern und feiner Linienführung","Signature Look (https://eskyna.com/glossar/signature-look/); Wirkung (https://eskyna.com/glossar/wirkung/); Personal Style (https://eskyna.com/glossar/personal-style/); Garderobenlogik (https://eskyna.com/glossar/garderobenlogik/)","https://eskyna.com/glossar/garderobenlogik/; https://eskyna.com/glossar/kategorie/stil-wirkung/; https://eskyna.com/glossar/personal-style/; https://eskyna.com/glossar/signature-look/; https://eskyna.com/glossar/wirkung/; https://eskyna.com/praesenz/","content/de/glossar/klassisch.md"
"kleid","Kleid","kleid","https://eskyna.com/glossar/kleid/","published","Garderobe & Alltag","","kleid; was ist ein kleid; kleiderformen","Natalia Kleemann","2026-07-09","https://eskyna.com/images/glossar/kleid.png","Editoriale Grafik zu Kleid mit ruhigen Formen, Stofflinien und ESKYNA Farbwelt","Etuikleid (https://eskyna.com/glossar/etuikleid/); Wickelkleid (https://eskyna.com/glossar/wickelkleid/); Slip Dress (https://eskyna.com/glossar/slip-dress/); Silhouette (https://eskyna.com/glossar/silhouette/); Rocklänge (https://eskyna.com/glossar/rocklange/)","https://eskyna.com/glossar/kategorie/garderobe-alltag/; https://eskyna.com/stilgarderobe/","content/de/glossar/kleid.md"
"kleiderschrank-check","Kleiderschrank-Check","kleiderschrank-check","https://eskyna.com/glossar/kleiderschrank-check/","published","Stil & Wirkung","","kleiderschrank-check; was bedeutet kleiderschrank-check; kleiderschrank-check stilberatung","Natalia Kleemann","2026-07-09","https://eskyna.com/images/glossar/kleiderschrank-check.png","Editoriale Glossar-Grafik zu Kleiderschrank-Check mit ruhigen Farbfeldern und feiner Linienführung","Signature Look (https://eskyna.com/glossar/signature-look/); Wirkung (https://eskyna.com/glossar/wirkung/); Stilberatung (https://eskyna.com/glossar/stilberatung/); Personal Style (https://eskyna.com/glossar/personal-style/); Garderobenlogik (https://eskyna.com/glossar/garderobenlogik/)","https://eskyna.com/garderobencheck/; https://eskyna.com/glossar/garderobenlogik/; https://eskyna.com/glossar/personal-style/; https://eskyna.com/glossar/signature-look/; https://eskyna.com/glossar/stilberatung/; https://eskyna.com/glossar/wirkung/","content/de/glossar/kleiderschrank-check.md"
"kleiderschrank-detox","Kleiderschrank-Detox","kleiderschrank-detox","https://eskyna.com/glossar/kleiderschrank-detox/","published","Garderobe & Alltag","","kleiderschrank-detox; was bedeutet kleiderschrank-detox; kleiderschrank-detox stilberatung","Natalia Kleemann","2026-07-09","https://eskyna.com/images/glossar/kleiderschrank-detox.png","Editoriale Glossar-Grafik zu Kleiderschrank-Detox mit ruhigen Farbfeldern und feiner Linienführung","Capsule Wardrobe (https://eskyna.com/glossar/capsule-wardrobe/); Garderobenlogik (https://eskyna.com/glossar/garderobenlogik/); Outfit-Formel (https://eskyna.com/glossar/outfit-formel/); Key-Piece (https://eskyna.com/glossar/key-piece/); Fehlkauf (https://eskyna.com/glossar/fehlkauf/)","https://eskyna.com/glossar/capsule-wardrobe/; https://eskyna.com/glossar/fehlkauf/; https://eskyna.com/glossar/garderobenlogik/; https://eskyna.com/glossar/kategorie/garderobe-alltag/; https://eskyna.com/glossar/key-piece/; https://eskyna.com/glossar/outfit-formel/; https://eskyna.com/stilgarderobe/","content/de/glossar/kleiderschrank-detox.md"
"kleiderschrank-inventur","Kleiderschrank-Inventur","kleiderschrank-inventur","https://eskyna.com/glossar/kleiderschrank-inventur/","published","Garderobe & Alltag","","kleiderschrank-inventur; kleiderschrank inventur; garderobe erfassen","Natalia Kleemann","2026-07-09","https://eskyna.com/images/glossar/kleiderschrank-inventur.png","Glossar-Illustration zu Kleiderschrank-Inventur","Wardrobe Audit (https://eskyna.com/glossar/wardrobe-audit/); Kleiderschrank-Check (https://eskyna.com/glossar/kleiderschrank-check/); Garderobenplanung (https://eskyna.com/glossar/garderobenplanung/); Garderobenlogik (https://eskyna.com/glossar/garderobenlogik/); Kaufkriterien (https://eskyna.com/glossar/kaufkriterien/)","https://eskyna.com/glossar/garderobenlogik/; https://eskyna.com/glossar/garderobenplanung/; https://eskyna.com/glossar/kategorie/garderobe-alltag/; https://eskyna.com/glossar/kaufkriterien/; https://eskyna.com/glossar/kleiderschrank-check/; https://eskyna.com/glossar/wardrobe-audit/; https://eskyna.com/stilgarderobe/","content/de/glossar/kleiderschrank-inventur.md"
"kleiderschrank-luecke","Kleiderschrank-Lücke","kleiderschrank-luecke","https://eskyna.com/glossar/kleiderschrank-luecke/","published","Garderobe & Alltag","","kleiderschrank-lücke; was bedeutet kleiderschrank-lücke; kleiderschrank-lücke stilberatung","Natalia Kleemann","2026-07-09","https://eskyna.com/images/glossar/kleiderschrank-luecke.png","Editoriale Glossar-Grafik zu Kleiderschrank-Lücke mit ruhigen Farbfeldern und feiner Linienführung","Capsule Wardrobe (https://eskyna.com/glossar/capsule-wardrobe/); Garderobenlogik (https://eskyna.com/glossar/garderobenlogik/); Outfit-Formel (https://eskyna.com/glossar/outfit-formel/); Key-Piece (https://eskyna.com/glossar/key-piece/); Fehlkauf (https://eskyna.com/glossar/fehlkauf/)","https://eskyna.com/glossar/capsule-wardrobe/; https://eskyna.com/glossar/fehlkauf/; https://eskyna.com/glossar/garderobenlogik/; https://eskyna.com/glossar/kategorie/garderobe-alltag/; https://eskyna.com/glossar/key-piece/; https://eskyna.com/glossar/outfit-formel/; https://eskyna.com/stilgarderobe/","content/de/glossar/kleiderschrank-luecke.md"
"knee-high-boots","Knee-High Boots","knee-high-boots","https://eskyna.com/glossar/knee-high-boots/","published","Garderobe & Alltag","","knee-high boots; was bedeutet knee-high boots; knee-high boots stilberatung","Natalia Kleemann","2026-07-09","https://eskyna.com/images/glossar/knee-high-boots.png","Editoriale Glossar-Grafik zu Knee-High Boots mit ruhigen Farbfeldern und feiner Linienführung","Capsule Wardrobe (https://eskyna.com/glossar/capsule-wardrobe/); Garderobenlogik (https://eskyna.com/glossar/garderobenlogik/); Outfit-Formel (https://eskyna.com/glossar/outfit-formel/); Key-Piece (https://eskyna.com/glossar/key-piece/); Fehlkauf (https://eskyna.com/glossar/fehlkauf/)","https://eskyna.com/glossar/capsule-wardrobe/; https://eskyna.com/glossar/fehlkauf/; https://eskyna.com/glossar/garderobenlogik/; https://eskyna.com/glossar/kategorie/garderobe-alltag/; https://eskyna.com/glossar/key-piece/; https://eskyna.com/glossar/outfit-formel/; https://eskyna.com/stilgarderobe/","content/de/glossar/knee-high-boots.md"
"knitterverhalten","Knitterverhalten","knitterverhalten","https://eskyna.com/glossar/knitterverhalten/","published","Materialien & Details","","knitterverhalten; was bedeutet knitterverhalten; knitterverhalten stilberatung","Natalia Kleemann","2026-07-09","https://eskyna.com/images/glossar/knitterverhalten.png","Editoriale Glossar-Grafik zu Knitterverhalten mit ruhigen Farbfeldern und feiner Linienführung","Materialfall (https://eskyna.com/glossar/materialfall/); Struktur (https://eskyna.com/glossar/struktur/); Glanzgrad (https://eskyna.com/glossar/glanzgrad/); Accessoire (https://eskyna.com/glossar/accessoire/); Qualität (https://eskyna.com/glossar/qualitaet/)","https://eskyna.com/glossar/accessoire/; https://eskyna.com/glossar/glanzgrad/; https://eskyna.com/glossar/kategorie/materialien-details/; https://eskyna.com/glossar/materialfall/; https://eskyna.com/glossar/qualitaet/; https://eskyna.com/glossar/struktur/; https://eskyna.com/stilfrage/","content/de/glossar/knitterverhalten.md"
"knopfleiste","Knopfleiste","knopfleiste","https://eskyna.com/glossar/knopfleiste/","published","Materialien & Details","","knopfleiste; was bedeutet knopfleiste; knopfleiste stilberatung","Natalia Kleemann","2026-07-09","https://eskyna.com/images/glossar/knopfleiste.png","Editoriale Glossar-Grafik zu Knopfleiste mit ruhigen Farbfeldern und feiner Linienführung","Materialfall (https://eskyna.com/glossar/materialfall/); Struktur (https://eskyna.com/glossar/struktur/); Glanzgrad (https://eskyna.com/glossar/glanzgrad/); Accessoire (https://eskyna.com/glossar/accessoire/)","https://eskyna.com/glossar/accessoire/; https://eskyna.com/glossar/glanzgrad/; https://eskyna.com/glossar/kategorie/materialien-details/; https://eskyna.com/glossar/materialfall/; https://eskyna.com/glossar/struktur/; https://eskyna.com/stilfrage/","content/de/glossar/knopfleiste.md"
"knopfqualitaet","Knopfqualität","knopfqualitaet","https://eskyna.com/glossar/knopfqualitaet/","published","Materialien & Details","","knopfqualität; was bedeutet knopfqualität; knopfqualität stilberatung","Natalia Kleemann","2026-07-09","https://eskyna.com/images/glossar/knopfqualitaet.png","Editoriale Glossar-Grafik zu Knopfqualität mit ruhigen Farbfeldern und feiner Linienführung","Materialfall (https://eskyna.com/glossar/materialfall/); Struktur (https://eskyna.com/glossar/struktur/); Glanzgrad (https://eskyna.com/glossar/glanzgrad/); Accessoire (https://eskyna.com/glossar/accessoire/); Qualität (https://eskyna.com/glossar/qualitaet/)","https://eskyna.com/glossar/accessoire/; https://eskyna.com/glossar/glanzgrad/; https://eskyna.com/glossar/kategorie/materialien-details/; https://eskyna.com/glossar/materialfall/; https://eskyna.com/glossar/qualitaet/; https://eskyna.com/glossar/struktur/; https://eskyna.com/stilfrage/","content/de/glossar/knopfqualitaet.md"
"kombinationsstueck","Kombinationsstück","kombinationsstueck","https://eskyna.com/glossar/kombinationsstueck/","published","Garderobe & Alltag","","kombinationsstück; was bedeutet kombinationsstück; kombinationsstück stilberatung","Natalia Kleemann","2026-07-09","https://eskyna.com/images/glossar/kombinationsstueck.png","Editoriale Glossar-Grafik zu Kombinationsstück mit ruhigen Farbfeldern und feiner Linienführung","Capsule Wardrobe (https://eskyna.com/glossar/capsule-wardrobe/); Garderobenlogik (https://eskyna.com/glossar/garderobenlogik/); Outfit-Formel (https://eskyna.com/glossar/outfit-formel/); Key-Piece (https://eskyna.com/glossar/key-piece/); Fehlkauf (https://eskyna.com/glossar/fehlkauf/)","https://eskyna.com/glossar/capsule-wardrobe/; https://eskyna.com/glossar/fehlkauf/; https://eskyna.com/glossar/garderobenlogik/; https://eskyna.com/glossar/kategorie/garderobe-alltag/; https://eskyna.com/glossar/key-piece/; https://eskyna.com/glossar/outfit-formel/; https://eskyna.com/stilgarderobe/","content/de/glossar/kombinationsstueck.md"
"kombinierbarkeit","Kombinierbarkeit","kombinierbarkeit","https://eskyna.com/glossar/kombinierbarkeit/","published","Garderobe & Alltag","","kombinierbarkeit; was bedeutet kombinierbarkeit; kombinierbarkeit stilberatung","Natalia Kleemann","2026-07-09","https://eskyna.com/images/glossar/kombinierbarkeit.png","Editoriale Glossar-Grafik zu Kombinierbarkeit mit ruhigen Farbfeldern und feiner Linienführung","Capsule Wardrobe (https://eskyna.com/glossar/capsule-wardrobe/); Garderobenlogik (https://eskyna.com/glossar/garderobenlogik/); Outfit-Formel (https://eskyna.com/glossar/outfit-formel/); Key-Piece (https://eskyna.com/glossar/key-piece/); Fehlkauf (https://eskyna.com/glossar/fehlkauf/)","https://eskyna.com/glossar/capsule-wardrobe/; https://eskyna.com/glossar/fehlkauf/; https://eskyna.com/glossar/garderobenlogik/; https://eskyna.com/glossar/kategorie/garderobe-alltag/; https://eskyna.com/glossar/key-piece/; https://eskyna.com/glossar/outfit-formel/; https://eskyna.com/stilgarderobe/","content/de/glossar/kombinierbarkeit.md"
"komfortzone","Komfortzone","komfortzone","https://eskyna.com/glossar/komfortzone/","published","Stil & Wirkung","","komfortzone; was bedeutet komfortzone; komfortzone stilberatung","Natalia Kleemann","2026-07-09","https://eskyna.com/images/glossar/komfortzone.png","Editoriale Glossar-Grafik zu Komfortzone mit ruhigen Farbfeldern und feiner Linienführung","Signature Look (https://eskyna.com/glossar/signature-look/); Wirkung (https://eskyna.com/glossar/wirkung/); Stilberatung (https://eskyna.com/glossar/stilberatung/); Personal Style (https://eskyna.com/glossar/personal-style/); Garderobenlogik (https://eskyna.com/glossar/garderobenlogik/)","https://eskyna.com/glossar/garderobenlogik/; https://eskyna.com/glossar/kategorie/stil-wirkung/; https://eskyna.com/glossar/personal-style/; https://eskyna.com/glossar/signature-look/; https://eskyna.com/glossar/stilberatung/; https://eskyna.com/glossar/wirkung/; https://eskyna.com/praesenz/","content/de/glossar/komfortzone.md"
"komplementaerfarben","Komplementärfarben","komplementaerfarben","https://eskyna.com/glossar/komplementaerfarben/","published","Farbberatung & Farbe","","komplementärfarben; was bedeutet komplementärfarben; komplementärfarben stilberatung","Natalia Kleemann","2026-07-09","https://eskyna.com/images/glossar/komplementaerfarben.png","Editoriale Glossar-Grafik zu Komplementärfarben mit ruhigen Farbfeldern und feiner Linienführung","Farbtyp (https://eskyna.com/glossar/farbtyp/); Unterton (https://eskyna.com/glossar/unterton/); Kontrast (https://eskyna.com/glossar/kontrast/); Farbpalette (https://eskyna.com/glossar/farbpalette/); Akzentfarbe (https://eskyna.com/glossar/akzentfarbe/)","https://eskyna.com/glossar/akzentfarbe/; https://eskyna.com/glossar/farbpalette/; https://eskyna.com/glossar/farbtyp/; https://eskyna.com/glossar/kategorie/farbberatung-farbe/; https://eskyna.com/glossar/kontrast/; https://eskyna.com/glossar/unterton/; https://eskyna.com/stilgefuehl/","content/de/glossar/komplementaerfarben.md"
"koenigsblau","Königsblau","koenigsblau","https://eskyna.com/glossar/koenigsblau/","published","Farb-Lexikon","","königsblau bedeutung; royalblau kombinieren; blau als statement","Natalia Kleemann","2026-07-18","https://eskyna.com/images/glossar/koenigsblau.png","Glossar-Illustration zu Königsblau","Navy (https://eskyna.com/glossar/navy/); Blau (https://eskyna.com/glossar/blau/); Smaragdgrün (https://eskyna.com/glossar/smaragdgruen/); Fuchsia (https://eskyna.com/glossar/fuchsia/)","https://eskyna.com/glossar/navy/","content/de/glossar/koenigsblau.md"
"kontrast","Kontrast","kontrast","https://eskyna.com/glossar/kontrast/","published","Farbberatung & Farbe","","kontrast mode; farbkontrast; hell dunkel kontrast; stilberatung","Natalia Kleemann","2026-07-09","https://eskyna.com/images/glossar/kontrast.png","Grafik mit hellen und dunklen Flächen zur Erklärung von Kontrast im Outfit","Farbtyp (https://eskyna.com/glossar/farbtyp/); Unterton (https://eskyna.com/glossar/unterton/); Silhouette (https://eskyna.com/glossar/silhouette/); Passform (https://eskyna.com/glossar/passform/); Helligkeit (https://eskyna.com/glossar/helligkeit/); Sättigung (https://eskyna.com/glossar/saettigung/); Monochrom (https://eskyna.com/glossar/monochrom/)","https://eskyna.com/angebote/; https://eskyna.com/glossar/farbtyp/; https://eskyna.com/glossar/helligkeit/; https://eskyna.com/glossar/passform/; https://eskyna.com/glossar/saettigung/; https://eskyna.com/glossar/silhouette/; https://eskyna.com/glossar/unterton/; https://eskyna.com/stilgefuehl/","content/de/glossar/kontrast.md"
"koralle","Koralle","koralle","https://eskyna.com/glossar/koralle/","published","Farb-Lexikon","","koralle bedeutung; koralle kombinieren; koralle farbwirkung","Natalia Kleemann","2026-07-18","https://eskyna.com/images/glossar/koralle.png","Glossar-Illustration zu Koralle","Apricot und Pfirsich (https://eskyna.com/glossar/apricot-und-pfirsich/); Rot (https://eskyna.com/glossar/rot/); Türkis (https://eskyna.com/glossar/tuerkis/); Navy (https://eskyna.com/glossar/navy/)","https://eskyna.com/glossar/camel/; https://eskyna.com/glossar/navy/; https://eskyna.com/glossar/weiss/","content/de/glossar/koralle.md"
"koerperform","Körperform","koerperform","https://eskyna.com/glossar/koerperform/","published","Stil & Wirkung","","körperform; was bedeutet körperform; körperform stilberatung","Natalia Kleemann","2026-07-09","https://eskyna.com/images/glossar/koerperform.png","Editoriale Glossar-Grafik zu Körperform mit ruhigen Farbfeldern und feiner Linienführung","Signature Look (https://eskyna.com/glossar/signature-look/); Wirkung (https://eskyna.com/glossar/wirkung/); Stilberatung (https://eskyna.com/glossar/stilberatung/); Personal Style (https://eskyna.com/glossar/personal-style/); Garderobenlogik (https://eskyna.com/glossar/garderobenlogik/)","https://eskyna.com/glossar/garderobenlogik/; https://eskyna.com/glossar/kategorie/stil-wirkung/; https://eskyna.com/glossar/personal-style/; https://eskyna.com/glossar/signature-look/; https://eskyna.com/glossar/stilberatung/; https://eskyna.com/glossar/wirkung/; https://eskyna.com/praesenz/","content/de/glossar/koerperform.md"
"korsett-top","Korsett-Top","korsett-top","https://eskyna.com/glossar/korsett-top/","published","Materialien & Details","","korsett-top; was bedeutet korsett-top; korsett-top stilberatung","Natalia Kleemann","2026-07-09","https://eskyna.com/images/glossar/korsett-top.png","Editoriale Glossar-Grafik zu Korsett-Top mit ruhigen Farbfeldern und feiner Linienführung","Materialfall (https://eskyna.com/glossar/materialfall/); Struktur (https://eskyna.com/glossar/struktur/); Glanzgrad (https://eskyna.com/glossar/glanzgrad/); Accessoire (https://eskyna.com/glossar/accessoire/)","https://eskyna.com/glossar/accessoire/; https://eskyna.com/glossar/glanzgrad/; https://eskyna.com/glossar/kategorie/materialien-details/; https://eskyna.com/glossar/materialfall/; https://eskyna.com/glossar/struktur/; https://eskyna.com/stilfrage/","content/de/glossar/korsett-top.md"
"kostuem-jacke-rock-ensemble","Kostüm - Jacke-Rock-Ensemble","kostuem-jacke-rock-ensemble","https://eskyna.com/glossar/kostuem-jacke-rock-ensemble/","published","Garderobe & Alltag","","kostuem jacke rock ensemble; was ist kostüm - jacke-rock-ensemble; kostüm - jacke-rock-ensemble","Natalia Kleemann","2026-07-18","https://eskyna.com/images/glossar/kostuem-jacke-rock-ensemble.png","Glossar-Illustration zu Kostüm - Jacke-Rock-Ensemble","","","content/de/glossar/kostuem-jacke-rock-ensemble.md"
"kunstleder","Kunstleder","kunstleder","https://eskyna.com/glossar/kunstleder/","published","Materialien & Details","","kunstleder; was bedeutet kunstleder; kunstleder stilberatung","Natalia Kleemann","2026-07-09","https://eskyna.com/images/glossar/kunstleder.png","Editoriale Glossar-Grafik zu Kunstleder mit ruhigen Farbfeldern und feiner Linienführung","Materialfall (https://eskyna.com/glossar/materialfall/); Struktur (https://eskyna.com/glossar/struktur/); Glanzgrad (https://eskyna.com/glossar/glanzgrad/); Accessoire (https://eskyna.com/glossar/accessoire/)","https://eskyna.com/glossar/accessoire/; https://eskyna.com/glossar/glanzgrad/; https://eskyna.com/glossar/kategorie/materialien-details/; https://eskyna.com/glossar/materialfall/; https://eskyna.com/glossar/struktur/; https://eskyna.com/stilfrage/","content/de/glossar/kunstleder.md"
"kupfer","Kupfer","kupfer","https://eskyna.com/glossar/kupfer/","published","Farb-Lexikon","","kupfer farbe bedeutung; kupfer kombinieren; kupfer metallic styling","Natalia Kleemann","2026-07-18","https://eskyna.com/images/glossar/kupfer.png","Glossar-Illustration zu Kupfer","Bronze (https://eskyna.com/glossar/bronze/); Gold (https://eskyna.com/glossar/gold/); Petrol (https://eskyna.com/glossar/petrol/); Navy (https://eskyna.com/glossar/navy/)","https://eskyna.com/glossar/petrol/; https://eskyna.com/glossar/tannengruen/","content/de/glossar/kupfer.md"
"kurzblazer","Kurzblazer","kurzblazer","https://eskyna.com/glossar/kurzblazer/","published","Garderobe & Alltag","","kurzblazer; was bedeutet kurzblazer; kurzblazer stilberatung","Natalia Kleemann","2026-07-09","https://eskyna.com/images/glossar/kurzblazer.png","Editoriale Glossar-Grafik zu Kurzblazer mit ruhigen Farbfeldern und feiner Linienführung","Capsule Wardrobe (https://eskyna.com/glossar/capsule-wardrobe/); Garderobenlogik (https://eskyna.com/glossar/garderobenlogik/); Outfit-Formel (https://eskyna.com/glossar/outfit-formel/); Key-Piece (https://eskyna.com/glossar/key-piece/); Fehlkauf (https://eskyna.com/glossar/fehlkauf/)","https://eskyna.com/glossar/capsule-wardrobe/; https://eskyna.com/glossar/fehlkauf/; https://eskyna.com/glossar/garderobenlogik/; https://eskyna.com/glossar/kategorie/garderobe-alltag/; https://eskyna.com/glossar/key-piece/; https://eskyna.com/glossar/outfit-formel/; https://eskyna.com/stilgarderobe/","content/de/glossar/kurzblazer.md"
"kurzjacke","Kurzjacke","kurzjacke","https://eskyna.com/glossar/kurzjacke/","published","Garderobe & Alltag","","kurzjacke; was ist eine kurzjacke; kurzjacke kombinieren","Natalia Kleemann","2026-07-12","https://eskyna.com/images/glossar/kurzjacke.png","Glossar-Illustration zu Kurzjacke","Jeansjacke (https://eskyna.com/glossar/jeansjacke/); Bomberjacke (https://eskyna.com/glossar/bomberjacke/); Blazer (https://eskyna.com/glossar/blazer/); High Waist (https://eskyna.com/glossar/high-waist/); Layering (https://eskyna.com/glossar/layering/)","https://eskyna.com/glossar/blazer/; https://eskyna.com/glossar/bomberjacke/; https://eskyna.com/glossar/high-waist/; https://eskyna.com/glossar/jeansjacke/; https://eskyna.com/glossar/layering/","content/de/glossar/kurzjacke.md"
"laced-up-lace-aesthetic","Laced Up","laced-up-lace-aesthetic","https://eskyna.com/glossar/laced-up-lace-aesthetic/","published","Materialien & Details","","laced up bedeutung; lace aesthetic trend; spitze modern stylen","Natalia Kleemann","2026-07-17","https://eskyna.com/images/glossar/laced-up-lace-aesthetic.png","Glossar-Illustration zu Laced Up","Spitze (https://eskyna.com/glossar/spitze/); Korsett-Top (https://eskyna.com/glossar/korsett-top/); Ballerina (https://eskyna.com/glossar/ballerina/); Bluse (https://eskyna.com/glossar/bluse/); Stilbruch (https://eskyna.com/glossar/stilbruch/)","https://eskyna.com/glossar/ballerina/; https://eskyna.com/glossar/blazer/; https://eskyna.com/glossar/bluse/; https://eskyna.com/glossar/jeans/; https://eskyna.com/glossar/korsett-top/; https://eskyna.com/glossar/spitze/; https://eskyna.com/glossar/stilbruch/; https://eskyna.com/glossar/sweatshirt/","content/de/glossar/laced-up-lace-aesthetic.md"
"lammfell","Lammfell","lammfell","https://eskyna.com/glossar/lammfell/","published","Materialien & Details","","lammfell; was bedeutet lammfell; lammfell stilberatung","Natalia Kleemann","2026-07-09","https://eskyna.com/images/glossar/lammfell.png","Editoriale Glossar-Grafik zu Lammfell mit ruhigen Farbfeldern und feiner Linienführung","Materialfall (https://eskyna.com/glossar/materialfall/); Struktur (https://eskyna.com/glossar/struktur/); Glanzgrad (https://eskyna.com/glossar/glanzgrad/); Accessoire (https://eskyna.com/glossar/accessoire/)","https://eskyna.com/glossar/accessoire/; https://eskyna.com/glossar/glanzgrad/; https://eskyna.com/glossar/kategorie/materialien-details/; https://eskyna.com/glossar/materialfall/; https://eskyna.com/glossar/struktur/; https://eskyna.com/stilfrage/","content/de/glossar/lammfell.md"
"langlebigkeit","Langlebigkeit","langlebigkeit","https://eskyna.com/glossar/langlebigkeit/","published","Garderobe & Alltag","","langlebigkeit; reparatur kleidung; änderungsschneiderei; haltbare kleidung","Natalia Kleemann","2026-07-09","https://eskyna.com/images/glossar/langlebigkeit.png","Glossar-Illustration zu Langlebigkeit","Qualität (https://eskyna.com/glossar/qualitaet/); Pflegeetikett (https://eskyna.com/glossar/pflegeetikett/); Materialqualität (https://eskyna.com/glossar/materialqualitaet/); Slow Fashion (https://eskyna.com/glossar/slow-fashion/); Circular Fashion (https://eskyna.com/glossar/circular-fashion/)","https://eskyna.com/glossar/circular-fashion/; https://eskyna.com/glossar/kategorie/garderobe-alltag/; https://eskyna.com/glossar/materialqualitaet/; https://eskyna.com/glossar/pflegeetikett/; https://eskyna.com/glossar/qualitaet/; https://eskyna.com/glossar/slow-fashion/; https://eskyna.com/stilgarderobe/","content/de/glossar/langlebigkeit.md"
"laengsstreckung","Längsstreckung","laengsstreckung","https://eskyna.com/glossar/laengsstreckung/","published","Stil & Wirkung","","längsstreckung; was bedeutet längsstreckung; längsstreckung stilberatung","Natalia Kleemann","2026-07-09","https://eskyna.com/images/glossar/laengsstreckung.png","Editoriale Glossar-Grafik zu Längsstreckung mit ruhigen Farbfeldern und feiner Linienführung","Signature Look (https://eskyna.com/glossar/signature-look/); Wirkung (https://eskyna.com/glossar/wirkung/); Stilberatung (https://eskyna.com/glossar/stilberatung/); Personal Style (https://eskyna.com/glossar/personal-style/); Garderobenlogik (https://eskyna.com/glossar/garderobenlogik/)","https://eskyna.com/glossar/garderobenlogik/; https://eskyna.com/glossar/kategorie/stil-wirkung/; https://eskyna.com/glossar/personal-style/; https://eskyna.com/glossar/signature-look/; https://eskyna.com/glossar/stilberatung/; https://eskyna.com/glossar/wirkung/; https://eskyna.com/praesenz/","content/de/glossar/laengsstreckung.md"
"laengsstreifen","Längsstreifen","laengsstreifen","https://eskyna.com/glossar/laengsstreifen/","published","Materialien & Details","","längsstreifen; was bedeutet längsstreifen; längsstreifen stilberatung","Natalia Kleemann","2026-07-09","https://eskyna.com/images/glossar/laengsstreifen.png","Editoriale Glossar-Grafik zu Längsstreifen mit ruhigen Farbfeldern und feiner Linienführung","Materialfall (https://eskyna.com/glossar/materialfall/); Struktur (https://eskyna.com/glossar/struktur/); Glanzgrad (https://eskyna.com/glossar/glanzgrad/); Accessoire (https://eskyna.com/glossar/accessoire/)","https://eskyna.com/glossar/accessoire/; https://eskyna.com/glossar/glanzgrad/; https://eskyna.com/glossar/kategorie/materialien-details/; https://eskyna.com/glossar/materialfall/; https://eskyna.com/glossar/struktur/; https://eskyna.com/stilfrage/","content/de/glossar/laengsstreifen.md"
"lapel-pin","Lapel Pin","lapel-pin","https://eskyna.com/glossar/lapel-pin/","published","Materialien & Details","","lapel pin; reversnadel; anstecker am revers","Natalia Kleemann","2026-07-09","https://eskyna.com/images/glossar/lapel-pin.png","Glossar-Illustration zu Lapel Pin","Brooched (https://eskyna.com/glossar/brooched/); Blazer (https://eskyna.com/glossar/blazer/); Mantel (https://eskyna.com/glossar/mantel/); Accessoire (https://eskyna.com/glossar/accessoire/); Statement-Schmuck (https://eskyna.com/glossar/statement-schmuck/)","https://eskyna.com/glossar/accessoire/; https://eskyna.com/glossar/blazer/; https://eskyna.com/glossar/brooched/; https://eskyna.com/glossar/kategorie/materialien-details/; https://eskyna.com/glossar/mantel/; https://eskyna.com/glossar/statement-schmuck/; https://eskyna.com/stilfrage/","content/de/glossar/lapel-pin.md"
"laessig","Lässig","laessig","https://eskyna.com/glossar/laessig/","published","Stil & Wirkung","","lässig; was bedeutet lässig; lässig stilberatung","Natalia Kleemann","2026-07-09","https://eskyna.com/images/glossar/laessig.png","Editoriale Glossar-Grafik zu Lässig mit ruhigen Farbfeldern und feiner Linienführung","Signature Look (https://eskyna.com/glossar/signature-look/); Wirkung (https://eskyna.com/glossar/wirkung/); Personal Style (https://eskyna.com/glossar/personal-style/); Garderobenlogik (https://eskyna.com/glossar/garderobenlogik/)","https://eskyna.com/glossar/garderobenlogik/; https://eskyna.com/glossar/kategorie/stil-wirkung/; https://eskyna.com/glossar/personal-style/; https://eskyna.com/glossar/signature-look/; https://eskyna.com/glossar/wirkung/; https://eskyna.com/praesenz/","content/de/glossar/laessig.md"
"laufsteg-runway","Laufsteg/Runway","laufsteg-runway","https://eskyna.com/glossar/laufsteg-runway/","published","Garderobe & Alltag","","laufsteg runway; was ist laufsteg/runway; laufsteg/runway","Natalia Kleemann","2026-07-18","https://eskyna.com/images/glossar/laufsteg-runway.png","Glossar-Illustration zu Laufsteg/Runway","","","content/de/glossar/laufsteg-runway.md"
"layering","Layering","layering","https://eskyna.com/glossar/layering/","published","Schnitt, Proportion & Passform","","layering; was ist layering; layering mode; kleidung schichten kombinieren","Natalia Kleemann","2026-07-09","https://eskyna.com/images/glossar/layering.png","Editoriale Grafik mit übereinanderliegenden Stoffschichten, Längenlinien und ruhigen neutralen Flächen","Silhouette (https://eskyna.com/glossar/silhouette/); Proportion (https://eskyna.com/glossar/proportion/); Saumlänge (https://eskyna.com/glossar/saumlange/); Materialfall (https://eskyna.com/glossar/materialfall/); Oversized (https://eskyna.com/glossar/oversized/); Overshirt (https://eskyna.com/glossar/overshirt/); Weste (https://eskyna.com/glossar/weste/)","https://eskyna.com/glossar/kategorie/schnitt-proportion-passform/; https://eskyna.com/stilfrage/","content/de/glossar/layering.md"
"layering-laenge","Layering-Länge","layering-laenge","https://eskyna.com/glossar/layering-laenge/","published","Schnitt, Proportion & Passform","","layering-länge; schichten längen outfit; layering proportion","Natalia Kleemann","2026-07-09","https://eskyna.com/images/glossar/layering-laenge.png","Glossar-Illustration zu Layering-Länge","Layering (https://eskyna.com/glossar/layering/); Drittel-Regel im Outfit (https://eskyna.com/glossar/drittel-regel-im-outfit/); Vertikale Linie (https://eskyna.com/glossar/vertikale-linie/); Saumlänge (https://eskyna.com/glossar/saumlange/); Proportion (https://eskyna.com/glossar/proportion/)","https://eskyna.com/glossar/drittel-regel-im-outfit/; https://eskyna.com/glossar/kategorie/schnitt-proportion-passform/; https://eskyna.com/glossar/layering/; https://eskyna.com/glossar/proportion/; https://eskyna.com/glossar/saumlange/; https://eskyna.com/glossar/vertikale-linie/; https://eskyna.com/stilfrage/","content/de/glossar/layering-laenge.md"
"leadership-style","Leadership Style","leadership-style","https://eskyna.com/glossar/leadership-style/","published","Stil & Wirkung","","leadership style; führungsstil kleidung; authority dressing","Natalia Kleemann","2026-07-09","https://eskyna.com/images/glossar/leadership-style.png","Glossar-Illustration zu Leadership Style","Executive Presence (https://eskyna.com/glossar/executive-presence/); Wirkungsprofil (https://eskyna.com/glossar/wirkungsprofil/); Personal Branding (https://eskyna.com/glossar/personal-branding/); Auftreten (https://eskyna.com/glossar/auftreten/); Image-Strategie (https://eskyna.com/glossar/image-strategie/)","https://eskyna.com/glossar/auftreten/; https://eskyna.com/glossar/executive-presence/; https://eskyna.com/glossar/image-strategie/; https://eskyna.com/glossar/kategorie/stil-wirkung/; https://eskyna.com/glossar/personal-branding/; https://eskyna.com/glossar/wirkungsprofil/; https://eskyna.com/praesenz/","content/de/glossar/leadership-style.md"
"leder","Leder","leder","https://eskyna.com/glossar/leder/","published","Materialien & Details","","leder; was bedeutet leder; leder stilberatung","Natalia Kleemann","2026-07-09","https://eskyna.com/images/glossar/leder.png","Editoriale Glossar-Grafik zu Leder mit ruhigen Farbfeldern und feiner Linienführung","Materialfall (https://eskyna.com/glossar/materialfall/); Struktur (https://eskyna.com/glossar/struktur/); Glanzgrad (https://eskyna.com/glossar/glanzgrad/); Accessoire (https://eskyna.com/glossar/accessoire/)","https://eskyna.com/glossar/accessoire/; https://eskyna.com/glossar/glanzgrad/; https://eskyna.com/glossar/kategorie/materialien-details/; https://eskyna.com/glossar/materialfall/; https://eskyna.com/glossar/struktur/; https://eskyna.com/stilfrage/","content/de/glossar/leder.md"
"lederguertel","Ledergürtel","lederguertel","https://eskyna.com/glossar/lederguertel/","published","Materialien & Details","","ledergürtel; was bedeutet ledergürtel; ledergürtel stilberatung","Natalia Kleemann","2026-07-09","https://eskyna.com/images/glossar/lederguertel.png","Editoriale Glossar-Grafik zu Ledergürtel mit ruhigen Farbfeldern und feiner Linienführung","Materialfall (https://eskyna.com/glossar/materialfall/); Struktur (https://eskyna.com/glossar/struktur/); Glanzgrad (https://eskyna.com/glossar/glanzgrad/); Accessoire (https://eskyna.com/glossar/accessoire/)","https://eskyna.com/glossar/accessoire/; https://eskyna.com/glossar/glanzgrad/; https://eskyna.com/glossar/kategorie/materialien-details/; https://eskyna.com/glossar/materialfall/; https://eskyna.com/glossar/struktur/; https://eskyna.com/stilfrage/","content/de/glossar/lederguertel.md"
"lederjacke","Lederjacke","lederjacke","https://eskyna.com/glossar/lederjacke/","published","Garderobe & Alltag","","lederjacke; was ist eine lederjacke; lederjacke kombinieren","Natalia Kleemann","2026-07-09","https://eskyna.com/images/glossar/lederjacke.png","Editoriale Grafik mit stilisierter Lederjacke, Reissverschlussdetails und dunkler Struktur","Stilbruch (https://eskyna.com/glossar/stilbruch/); Schwarz (https://eskyna.com/glossar/schwarz/); Struktur (https://eskyna.com/glossar/struktur/); Jeans (https://eskyna.com/glossar/jeans/); Boots (https://eskyna.com/glossar/chelsea-boots/)","https://eskyna.com/glossar/kategorie/garderobe-alltag/; https://eskyna.com/stilgarderobe/","content/de/glossar/lederjacke.md"
"ledertasche","Ledertasche","ledertasche","https://eskyna.com/glossar/ledertasche/","published","Materialien & Details","","ledertasche; was bedeutet ledertasche; ledertasche stilberatung","Natalia Kleemann","2026-07-09","https://eskyna.com/images/glossar/ledertasche.png","Editoriale Glossar-Grafik zu Ledertasche mit ruhigen Farbfeldern und feiner Linienführung","Materialfall (https://eskyna.com/glossar/materialfall/); Struktur (https://eskyna.com/glossar/struktur/); Glanzgrad (https://eskyna.com/glossar/glanzgrad/); Accessoire (https://eskyna.com/glossar/accessoire/)","https://eskyna.com/glossar/accessoire/; https://eskyna.com/glossar/glanzgrad/; https://eskyna.com/glossar/kategorie/materialien-details/; https://eskyna.com/glossar/materialfall/; https://eskyna.com/glossar/struktur/; https://eskyna.com/stilfrage/","content/de/glossar/ledertasche.md"
"leggings","Leggings","leggings","https://eskyna.com/glossar/leggings/","published","Garderobe & Alltag","","leggings; was sind leggings; leggings kombinieren","Natalia Kleemann","2026-07-09","https://eskyna.com/images/glossar/leggings.png","Editoriale Grafik zu Leggings mit ruhigen Formen, Stofflinien und ESKYNA Farbwelt","Layering (https://eskyna.com/glossar/layering/); Oversized (https://eskyna.com/glossar/oversized/); Blazer (https://eskyna.com/glossar/blazer/); Materialfall (https://eskyna.com/glossar/materialfall/); Sneaker (https://eskyna.com/glossar/sneaker/)","https://eskyna.com/glossar/kategorie/garderobe-alltag/; https://eskyna.com/stilgarderobe/","content/de/glossar/leggings.md"
"leibhoehe","Leibhöhe","leibhoehe","https://eskyna.com/glossar/leibhoehe/","published","Schnitt, Proportion & Passform","","leibhoehe; was ist leibhöhe; leibhöhe","Natalia Kleemann","2026-07-18","https://eskyna.com/images/glossar/leibhoehe.png","Glossar-Illustration zu Leibhöhe","","","content/de/glossar/leibhoehe.md"
"leinen","Leinen","leinen","https://eskyna.com/glossar/leinen/","published","Materialien & Details","","leinen; was ist leinen; leinen kleidung; leinen kombinieren","Natalia Kleemann","2026-07-09","https://eskyna.com/images/glossar/leinen.png","Editoriale Grafik mit stilisierter Leinenstruktur, Stoffbahn und ruhigen Naturtönen","Baumwolle (https://eskyna.com/glossar/baumwolle/); Materialfall (https://eskyna.com/glossar/materialfall/); Struktur (https://eskyna.com/glossar/struktur/); Beige (https://eskyna.com/glossar/beige/); Trenchcoat (https://eskyna.com/glossar/trenchcoat/)","https://eskyna.com/glossar/kategorie/materialien-details/; https://eskyna.com/stilfrage/","content/de/glossar/leinen.md"
"leo-print","Leo-Print","leo-print","https://eskyna.com/glossar/leo-print/","published","Materialien & Details","","leo-print; was bedeutet leo-print; leo-print stilberatung","Natalia Kleemann","2026-07-09","https://eskyna.com/images/glossar/leo-print.png","Editoriale Glossar-Grafik zu Leo-Print mit ruhigen Farbfeldern und feiner Linienführung","Materialfall (https://eskyna.com/glossar/materialfall/); Struktur (https://eskyna.com/glossar/struktur/); Glanzgrad (https://eskyna.com/glossar/glanzgrad/); Accessoire (https://eskyna.com/glossar/accessoire/)","https://eskyna.com/glossar/accessoire/; https://eskyna.com/glossar/glanzgrad/; https://eskyna.com/glossar/kategorie/materialien-details/; https://eskyna.com/glossar/materialfall/; https://eskyna.com/glossar/struktur/; https://eskyna.com/stilfrage/","content/de/glossar/leo-print.md"
"lieblingsstueck","Lieblingsstück","lieblingsstueck","https://eskyna.com/glossar/lieblingsstueck/","published","Stil & Wirkung","","lieblingsstück; was bedeutet lieblingsstück; lieblingsstück stilberatung","Natalia Kleemann","2026-07-09","https://eskyna.com/images/glossar/lieblingsstueck.png","Editoriale Glossar-Grafik zu Lieblingsstück mit ruhigen Farbfeldern und feiner Linienführung","Signature Look (https://eskyna.com/glossar/signature-look/); Wirkung (https://eskyna.com/glossar/wirkung/); Personal Style (https://eskyna.com/glossar/personal-style/); Garderobenlogik (https://eskyna.com/glossar/garderobenlogik/)","https://eskyna.com/glossar/garderobenlogik/; https://eskyna.com/glossar/kategorie/stil-wirkung/; https://eskyna.com/glossar/personal-style/; https://eskyna.com/glossar/signature-look/; https://eskyna.com/glossar/wirkung/; https://eskyna.com/praesenz/","content/de/glossar/lieblingsstueck.md"
"light-academia","Light Academia","light-academia","https://eskyna.com/glossar/light-academia/","published","Stil & Wirkung","","light academia; light academia style; helle akademische ästhetik","Natalia Kleemann","2026-07-09","https://eskyna.com/images/glossar/light-academia.png","Glossar-Illustration zu Light Academia","Dark Academia (https://eskyna.com/glossar/dark-academia/); Poetcore (https://eskyna.com/glossar/poetcore/); Creme (https://eskyna.com/glossar/creme/); Leinen (https://eskyna.com/glossar/leinen/); Vintage (https://eskyna.com/glossar/vintage/)","https://eskyna.com/glossar/creme/; https://eskyna.com/glossar/dark-academia/; https://eskyna.com/glossar/kategorie/stil-wirkung/; https://eskyna.com/glossar/leinen/; https://eskyna.com/glossar/poetcore/; https://eskyna.com/glossar/vintage/; https://eskyna.com/praesenz/","content/de/glossar/light-academia.md"
"lila","Lila","lila","https://eskyna.com/glossar/lila/","published","Farb-Lexikon","","lila kleidung; lila kombinieren; violett farbberatung; flieder kleidung","Natalia Kleemann","2026-07-09","https://eskyna.com/images/glossar/lila.png","Editoriale Grafik mit Lila-Nuancen, ruhigen Farbfeldern und feiner Stoffstruktur","Pink (https://eskyna.com/glossar/pink/); Rosa (https://eskyna.com/glossar/rosa/); Blau (https://eskyna.com/glossar/blau/); Farbtemperatur (https://eskyna.com/glossar/farbtemperatur/); Sättigung (https://eskyna.com/glossar/saettigung/); Flieder (https://eskyna.com/glossar/flieder/); Violett (https://eskyna.com/glossar/violett/); Fuchsia (https://eskyna.com/glossar/fuchsia/)","https://eskyna.com/glossar/kategorie/farb-lexikon/; https://eskyna.com/stilgefuehl/","content/de/glossar/lila.md"
"linkedin-outfit","LinkedIn-Outfit","linkedin-outfit","https://eskyna.com/glossar/linkedin-outfit/","published","Garderobe & Alltag","","linkedin-outfit; profilbild outfit; business fotos kleidung","Natalia Kleemann","2026-07-09","https://eskyna.com/images/glossar/linkedin-outfit.png","Glossar-Illustration zu LinkedIn-Outfit","Personal Branding (https://eskyna.com/glossar/personal-branding/); Kamera-Look (https://eskyna.com/glossar/kamera-look/); Fotoshooting-Outfit (https://eskyna.com/glossar/fotoshooting-outfit/); Image-Strategie (https://eskyna.com/glossar/image-strategie/); First Impression (https://eskyna.com/glossar/first-impression/)","https://eskyna.com/glossar/first-impression/; https://eskyna.com/glossar/fotoshooting-outfit/; https://eskyna.com/glossar/image-strategie/; https://eskyna.com/glossar/kamera-look/; https://eskyna.com/glossar/kategorie/garderobe-alltag/; https://eskyna.com/glossar/personal-branding/; https://eskyna.com/praesenz/; https://eskyna.com/stilgarderobe/","content/de/glossar/linkedin-outfit.md"
"loafer","Loafer","loafer","https://eskyna.com/glossar/loafer/","published","Garderobe & Alltag","","loafer; was sind loafer; loafer kombinieren; schlupfschuhe","Natalia Kleemann","2026-07-09","https://eskyna.com/images/glossar/loafer.png","Editoriale Grafik mit stilisiertem Loafer, klarer Schuhform und ruhigen Farbfeldern","Business Casual (https://eskyna.com/glossar/business-casual/); Chinos (https://eskyna.com/glossar/chinos/); Blazer (https://eskyna.com/glossar/blazer/); Outfit-Formel (https://eskyna.com/glossar/outfit-formel/); Proportion (https://eskyna.com/glossar/proportion/)","https://eskyna.com/glossar/kategorie/garderobe-alltag/; https://eskyna.com/stilgarderobe/","content/de/glossar/loafer.md"
"longblazer","Longblazer","longblazer","https://eskyna.com/glossar/longblazer/","published","Garderobe & Alltag","","longblazer; was bedeutet longblazer; longblazer stilberatung","Natalia Kleemann","2026-07-09","https://eskyna.com/images/glossar/longblazer.png","Editoriale Glossar-Grafik zu Longblazer mit ruhigen Farbfeldern und feiner Linienführung","Capsule Wardrobe (https://eskyna.com/glossar/capsule-wardrobe/); Garderobenlogik (https://eskyna.com/glossar/garderobenlogik/); Outfit-Formel (https://eskyna.com/glossar/outfit-formel/); Key-Piece (https://eskyna.com/glossar/key-piece/); Fehlkauf (https://eskyna.com/glossar/fehlkauf/)","https://eskyna.com/glossar/capsule-wardrobe/; https://eskyna.com/glossar/fehlkauf/; https://eskyna.com/glossar/garderobenlogik/; https://eskyna.com/glossar/kategorie/garderobe-alltag/; https://eskyna.com/glossar/key-piece/; https://eskyna.com/glossar/outfit-formel/; https://eskyna.com/stilgarderobe/","content/de/glossar/longblazer.md"
"longline","Longline","longline","https://eskyna.com/glossar/longline/","published","Schnitt, Proportion & Passform","","longline; was bedeutet longline; longline stilberatung","Natalia Kleemann","2026-07-09","https://eskyna.com/images/glossar/longline.png","Editoriale Glossar-Grafik zu Longline mit ruhigen Farbfeldern und feiner Linienführung","Passform (https://eskyna.com/glossar/passform/); Silhouette (https://eskyna.com/glossar/silhouette/); Proportion (https://eskyna.com/glossar/proportion/); Saumlänge (https://eskyna.com/glossar/saumlange/); Taillierung (https://eskyna.com/glossar/taillierung/)","https://eskyna.com/glossar/kategorie/schnitt-proportion-passform/; https://eskyna.com/glossar/passform/; https://eskyna.com/glossar/proportion/; https://eskyna.com/glossar/saumlange/; https://eskyna.com/glossar/silhouette/; https://eskyna.com/glossar/taillierung/; https://eskyna.com/stilfrage/","content/de/glossar/longline.md"
"longsleeve","Longsleeve","longsleeve","https://eskyna.com/glossar/longsleeve/","published","Garderobe & Alltag","","longsleeve; was ist ein longsleeve; langarmshirt kombinieren","Natalia Kleemann","2026-07-09","https://eskyna.com/images/glossar/longsleeve.png","Editoriale Grafik mit stilisiertem Longsleeve, langen Ärmeln und ruhigen Farbfeldern","T-Shirt (https://eskyna.com/glossar/t-shirt/); Layering (https://eskyna.com/glossar/layering/); Baumwolle (https://eskyna.com/glossar/baumwolle/); Passform (https://eskyna.com/glossar/passform/); Cardigan (https://eskyna.com/glossar/cardigan/)","https://eskyna.com/glossar/kategorie/garderobe-alltag/; https://eskyna.com/stilgarderobe/","content/de/glossar/longsleeve.md"
"look","Look","look","https://eskyna.com/glossar/look/","published","Stil & Wirkung","","look; was bedeutet look; look stilberatung","Natalia Kleemann","2026-07-09","https://eskyna.com/images/glossar/look.png","Editoriale Glossar-Grafik zu Look mit ruhigen Farbfeldern und feiner Linienführung","Signature Look (https://eskyna.com/glossar/signature-look/); Garderobenlogik (https://eskyna.com/glossar/garderobenlogik/); Passform (https://eskyna.com/glossar/passform/); Silhouette (https://eskyna.com/glossar/silhouette/); Outfit-Formel (https://eskyna.com/glossar/outfit-formel/)","https://eskyna.com/glossar/garderobenlogik/; https://eskyna.com/glossar/kategorie/stil-wirkung/; https://eskyna.com/glossar/outfit-formel/; https://eskyna.com/glossar/passform/; https://eskyna.com/glossar/signature-look/; https://eskyna.com/glossar/silhouette/; https://eskyna.com/praesenz/","content/de/glossar/look.md"
"lookbook","Lookbook","lookbook","https://eskyna.com/glossar/lookbook/","published","Garderobe & Alltag","","lookbook; was ist lookbook; lookbook","Natalia Kleemann","2026-07-18","https://eskyna.com/images/glossar/lookbook.png","Glossar-Illustration zu Lookbook","","","content/de/glossar/lookbook.md"
"loose-fit","Loose Fit","loose-fit","https://eskyna.com/glossar/loose-fit/","published","Schnitt, Proportion & Passform","","loose fit; was bedeutet loose fit; loose fit stilberatung","Natalia Kleemann","2026-07-09","https://eskyna.com/images/glossar/loose-fit.png","Editoriale Glossar-Grafik zu Loose Fit mit ruhigen Farbfeldern und feiner Linienführung","Passform (https://eskyna.com/glossar/passform/); Silhouette (https://eskyna.com/glossar/silhouette/); Proportion (https://eskyna.com/glossar/proportion/); Saumlänge (https://eskyna.com/glossar/saumlange/); Taillierung (https://eskyna.com/glossar/taillierung/)","https://eskyna.com/glossar/kategorie/schnitt-proportion-passform/; https://eskyna.com/glossar/passform/; https://eskyna.com/glossar/proportion/; https://eskyna.com/glossar/saumlange/; https://eskyna.com/glossar/silhouette/; https://eskyna.com/glossar/taillierung/; https://eskyna.com/stilfrage/","content/de/glossar/loose-fit.md"
"low-waist","Low Waist","low-waist","https://eskyna.com/glossar/low-waist/","published","Schnitt, Proportion & Passform","","low waist; was bedeutet low waist; low waist stilberatung","Natalia Kleemann","2026-07-09","https://eskyna.com/images/glossar/low-waist.png","Editoriale Glossar-Grafik zu Low Waist mit ruhigen Farbfeldern und feiner Linienführung","Passform (https://eskyna.com/glossar/passform/); Silhouette (https://eskyna.com/glossar/silhouette/); Proportion (https://eskyna.com/glossar/proportion/); Saumlänge (https://eskyna.com/glossar/saumlange/); Taillierung (https://eskyna.com/glossar/taillierung/)","https://eskyna.com/glossar/kategorie/schnitt-proportion-passform/; https://eskyna.com/glossar/passform/; https://eskyna.com/glossar/proportion/; https://eskyna.com/glossar/saumlange/; https://eskyna.com/glossar/silhouette/; https://eskyna.com/glossar/taillierung/; https://eskyna.com/stilfrage/","content/de/glossar/low-waist.md"
"lyocell","Lyocell","lyocell","https://eskyna.com/glossar/lyocell/","published","Materialien & Details","","lyocell; was bedeutet lyocell; lyocell stilberatung","Natalia Kleemann","2026-07-09","https://eskyna.com/images/glossar/lyocell.png","Editoriale Glossar-Grafik zu Lyocell mit ruhigen Farbfeldern und feiner Linienführung","Materialfall (https://eskyna.com/glossar/materialfall/); Struktur (https://eskyna.com/glossar/struktur/); Glanzgrad (https://eskyna.com/glossar/glanzgrad/); Accessoire (https://eskyna.com/glossar/accessoire/)","https://eskyna.com/glossar/accessoire/; https://eskyna.com/glossar/glanzgrad/; https://eskyna.com/glossar/kategorie/materialien-details/; https://eskyna.com/glossar/materialfall/; https://eskyna.com/glossar/struktur/; https://eskyna.com/stilfrage/","content/de/glossar/lyocell.md"
"manschette","Manschette","manschette","https://eskyna.com/glossar/manschette/","published","Schnitt, Proportion & Passform","","manschette; was bedeutet manschette; manschette stilberatung","Natalia Kleemann","2026-07-09","https://eskyna.com/images/glossar/manschette.png","Editoriale Glossar-Grafik zu Manschette mit ruhigen Farbfeldern und feiner Linienführung","Passform (https://eskyna.com/glossar/passform/); Silhouette (https://eskyna.com/glossar/silhouette/); Proportion (https://eskyna.com/glossar/proportion/); Saumlänge (https://eskyna.com/glossar/saumlange/); Taillierung (https://eskyna.com/glossar/taillierung/)","https://eskyna.com/glossar/kategorie/schnitt-proportion-passform/; https://eskyna.com/glossar/passform/; https://eskyna.com/glossar/proportion/; https://eskyna.com/glossar/saumlange/; https://eskyna.com/glossar/silhouette/; https://eskyna.com/glossar/taillierung/; https://eskyna.com/stilfrage/","content/de/glossar/manschette.md"
"manschettenknoepfe","Manschettenknöpfe","manschettenknoepfe","https://eskyna.com/glossar/manschettenknoepfe/","published","Garderobe & Alltag","","manschettenknoepfe; was sind manschettenknöpfe; manschettenknöpfe","Natalia Kleemann","2026-07-18","https://eskyna.com/images/glossar/manschettenknoepfe.png","Glossar-Illustration zu Manschettenknöpfe","","","content/de/glossar/manschettenknoepfe.md"
"mantel","Mantel","mantel","https://eskyna.com/glossar/mantel/","published","Garderobe & Alltag","","mantel; was bedeutet mantel; mantel stilberatung","Natalia Kleemann","2026-07-09","https://eskyna.com/images/glossar/mantel.png","Editoriale Glossar-Grafik zu Mantel mit ruhigen Farbfeldern und feiner Linienführung","Capsule Wardrobe (https://eskyna.com/glossar/capsule-wardrobe/); Garderobenlogik (https://eskyna.com/glossar/garderobenlogik/); Outfit-Formel (https://eskyna.com/glossar/outfit-formel/); Key-Piece (https://eskyna.com/glossar/key-piece/); Fehlkauf (https://eskyna.com/glossar/fehlkauf/)","https://eskyna.com/glossar/capsule-wardrobe/; https://eskyna.com/glossar/fehlkauf/; https://eskyna.com/glossar/garderobenlogik/; https://eskyna.com/glossar/kategorie/garderobe-alltag/; https://eskyna.com/glossar/key-piece/; https://eskyna.com/glossar/outfit-formel/; https://eskyna.com/stilgarderobe/","content/de/glossar/mantel.md"
"marlenehose","Marlenehose","marlenehose","https://eskyna.com/glossar/marlenehose/","published","Schnitt, Proportion & Passform","","marlenehose; was ist eine marlenehose; marlenehose kombinieren; weite elegante hose","Natalia Kleemann","2026-07-09","https://eskyna.com/images/glossar/marlenehose.png","Editoriale Grafik mit stilisierter Marlenehose, hoher Taille und langer weiter Beinlinie","Passform (https://eskyna.com/glossar/passform/); Proportion (https://eskyna.com/glossar/proportion/); Silhouette (https://eskyna.com/glossar/silhouette/); Blazer (https://eskyna.com/glossar/blazer/); Business Casual (https://eskyna.com/glossar/business-casual/)","https://eskyna.com/glossar/kategorie/schnitt-proportion-passform/; https://eskyna.com/stilfrage/","content/de/glossar/marlenehose.md"
"mary-jane","Mary Jane","mary-jane","https://eskyna.com/glossar/mary-jane/","published","Schuhe","","mary jane schuh; was sind mary janes; riemchenschuh","Natalia Kleemann","2026-07-09","https://eskyna.com/images/glossar/mary-jane.png","Editoriale ESKYNA Grafik zum Glossarbegriff Mary Jane mit ruhigen Formen und feinen Farbfeldern","Ballerina (https://eskyna.com/glossar/ballerina/); Pumps (https://eskyna.com/glossar/pumps/); Loafer (https://eskyna.com/glossar/loafer/); Kleid (https://eskyna.com/glossar/kleid/)","https://eskyna.com/glossar/kategorie/schuhe/; https://eskyna.com/stilfrage/","content/de/glossar/mary-jane.md"
"maskuliner-stil","Maskuliner Stil","maskuliner-stil","https://eskyna.com/glossar/maskuliner-stil/","published","Stil & Wirkung","","maskuliner stil; was bedeutet maskuliner stil; maskuliner stil stilberatung","Natalia Kleemann","2026-07-09","https://eskyna.com/images/glossar/maskuliner-stil.png","Editoriale Glossar-Grafik zu Maskuliner Stil mit ruhigen Farbfeldern und feiner Linienführung","Signature Look (https://eskyna.com/glossar/signature-look/); Wirkung (https://eskyna.com/glossar/wirkung/); Personal Style (https://eskyna.com/glossar/personal-style/); Garderobenlogik (https://eskyna.com/glossar/garderobenlogik/)","https://eskyna.com/glossar/garderobenlogik/; https://eskyna.com/glossar/kategorie/stil-wirkung/; https://eskyna.com/glossar/personal-style/; https://eskyna.com/glossar/signature-look/; https://eskyna.com/glossar/wirkung/; https://eskyna.com/praesenz/","content/de/glossar/maskuliner-stil.md"
"massanfertigung-custom-made","Maßanfertigung/Custom-made","massanfertigung-custom-made","https://eskyna.com/glossar/massanfertigung-custom-made/","published","Garderobe & Alltag","","massanfertigung custom made; was ist maßanfertigung/custom-made; maßanfertigung/custom-made","Natalia Kleemann","2026-07-18","https://eskyna.com/images/glossar/massanfertigung-custom-made.png","Glossar-Illustration zu Maßanfertigung/Custom-made","","","content/de/glossar/massanfertigung-custom-made.md"
"materialfall","Materialfall","materialfall","https://eskyna.com/glossar/materialfall/","published","Materialien & Details","","materialfall; stoff fällt; kleidung materialfall; stoffwirkung","Natalia Kleemann","2026-07-09","https://eskyna.com/images/glossar/materialfall.png","Editoriale Grafik mit fließendem Stoff, klarer Stoffkante und ruhigen Materialflächen","Viskose (https://eskyna.com/glossar/viskose/); Seide (https://eskyna.com/glossar/seide/); Leinen (https://eskyna.com/glossar/leinen/); Struktur (https://eskyna.com/glossar/struktur/); Silhouette (https://eskyna.com/glossar/silhouette/)","https://eskyna.com/glossar/kategorie/materialien-details/; https://eskyna.com/stilfrage/","content/de/glossar/materialfall.md"
"materialprofil","Materialprofil","materialprofil","https://eskyna.com/glossar/materialprofil/","published","Stil & Wirkung","","materialprofil; was bedeutet materialprofil; materialprofil stilberatung","Natalia Kleemann","2026-07-09","https://eskyna.com/images/glossar/materialprofil.png","Editoriale Glossar-Grafik zu Materialprofil mit ruhigen Farbfeldern und feiner Linienführung","Signature Look (https://eskyna.com/glossar/signature-look/); Wirkung (https://eskyna.com/glossar/wirkung/); Stilberatung (https://eskyna.com/glossar/stilberatung/); Personal Style (https://eskyna.com/glossar/personal-style/); Garderobenlogik (https://eskyna.com/glossar/garderobenlogik/)","https://eskyna.com/glossar/garderobenlogik/; https://eskyna.com/glossar/kategorie/stil-wirkung/; https://eskyna.com/glossar/personal-style/; https://eskyna.com/glossar/signature-look/; https://eskyna.com/glossar/stilberatung/; https://eskyna.com/glossar/wirkung/; https://eskyna.com/praesenz/","content/de/glossar/materialprofil.md"
"materialqualitaet","Materialqualität","materialqualitaet","https://eskyna.com/glossar/materialqualitaet/","published","Materialien & Details","","materialqualität; stoffqualität; griff fall haltbarkeit","Natalia Kleemann","2026-07-09","https://eskyna.com/images/glossar/materialqualitaet.png","Glossar-Illustration zu Materialqualität","Qualität (https://eskyna.com/glossar/qualitaet/); Griff (https://eskyna.com/glossar/griff/); Materialfall (https://eskyna.com/glossar/materialfall/); Faser-Mix (https://eskyna.com/glossar/faser-mix/); Langlebigkeit (https://eskyna.com/glossar/langlebigkeit/)","https://eskyna.com/glossar/faser-mix/; https://eskyna.com/glossar/griff/; https://eskyna.com/glossar/kategorie/materialien-details/; https://eskyna.com/glossar/langlebigkeit/; https://eskyna.com/glossar/materialfall/; https://eskyna.com/glossar/qualitaet/; https://eskyna.com/stilfrage/","content/de/glossar/materialqualitaet.md"
"mauve","Mauve","mauve","https://eskyna.com/glossar/mauve/","published","Farb-Lexikon","","mauve bedeutung; mauve kombinieren; mauve farbwirkung","Natalia Kleemann","2026-07-18","https://eskyna.com/images/glossar/mauve.png","Glossar-Illustration zu Mauve","Altrosa (https://eskyna.com/glossar/puderrosa-und-altrosa/); Flieder (https://eskyna.com/glossar/flieder/); Aubergine (https://eskyna.com/glossar/aubergine/); Taupe (https://eskyna.com/glossar/taupe/)","https://eskyna.com/glossar/greige/; https://eskyna.com/glossar/navy/","content/de/glossar/mauve.md"
"maxikleid","Maxikleid","maxikleid","https://eskyna.com/glossar/maxikleid/","published","Kleider & Röcke","","maxikleid; was ist ein maxikleid; maxikleid kombinieren","Natalia Kleemann","2026-07-09","https://eskyna.com/images/glossar/maxikleid.png","Editoriale ESKYNA Grafik zum Glossarbegriff Maxikleid mit ruhigen Formen und feinen Farbfeldern","Kleid (https://eskyna.com/glossar/kleid/); Saumlänge (https://eskyna.com/glossar/saumlange/); Silhouette (https://eskyna.com/glossar/silhouette/); Materialfall (https://eskyna.com/glossar/materialfall/)","https://eskyna.com/glossar/kategorie/kleider-roecke/; https://eskyna.com/stilfrage/","content/de/glossar/maxikleid.md"
"maximalismus","Maximalismus","maximalismus","https://eskyna.com/glossar/maximalismus/","published","Stil & Wirkung","","maximalismus; was ist maximalismus; maximalismus","Natalia Kleemann","2026-07-18","https://eskyna.com/images/glossar/maximalismus.png","Glossar-Illustration zu Maximalismus","","","content/de/glossar/maximalismus.md"
"maxirock","Maxirock","maxirock","https://eskyna.com/glossar/maxirock/","published","Kleider & Röcke","","maxirock; was ist ein maxirock; maxirock kombinieren","Natalia Kleemann","2026-07-09","https://eskyna.com/images/glossar/maxirock.png","Editoriale ESKYNA Grafik zum Glossarbegriff Maxirock mit ruhigen Formen und feinen Farbfeldern","Rocklänge (https://eskyna.com/glossar/rocklange/); Saumlänge (https://eskyna.com/glossar/saumlange/); Proportion (https://eskyna.com/glossar/proportion/); Materialfall (https://eskyna.com/glossar/materialfall/)","https://eskyna.com/glossar/kategorie/kleider-roecke/; https://eskyna.com/stilfrage/","content/de/glossar/maxirock.md"
"meeting-look","Meeting-Look","meeting-look","https://eskyna.com/glossar/meeting-look/","published","Garderobe & Alltag","","meeting-look; was bedeutet meeting-look; meeting-look stilberatung","Natalia Kleemann","2026-07-09","https://eskyna.com/images/glossar/meeting-look.png","Editoriale Glossar-Grafik zu Meeting-Look mit ruhigen Farbfeldern und feiner Linienführung","Capsule Wardrobe (https://eskyna.com/glossar/capsule-wardrobe/); Garderobenlogik (https://eskyna.com/glossar/garderobenlogik/); Outfit-Formel (https://eskyna.com/glossar/outfit-formel/); Key-Piece (https://eskyna.com/glossar/key-piece/); Fehlkauf (https://eskyna.com/glossar/fehlkauf/)","https://eskyna.com/glossar/capsule-wardrobe/; https://eskyna.com/glossar/fehlkauf/; https://eskyna.com/glossar/garderobenlogik/; https://eskyna.com/glossar/kategorie/garderobe-alltag/; https://eskyna.com/glossar/key-piece/; https://eskyna.com/glossar/outfit-formel/; https://eskyna.com/stilgarderobe/","content/de/glossar/meeting-look.md"
"merinowolle","Merinowolle","merinowolle","https://eskyna.com/glossar/merinowolle/","published","Materialien & Details","","merinowolle; was bedeutet merinowolle; merinowolle stilberatung","Natalia Kleemann","2026-07-09","https://eskyna.com/images/glossar/merinowolle.png","Editoriale Glossar-Grafik zu Merinowolle mit ruhigen Farbfeldern und feiner Linienführung","Materialfall (https://eskyna.com/glossar/materialfall/); Struktur (https://eskyna.com/glossar/struktur/); Glanzgrad (https://eskyna.com/glossar/glanzgrad/); Accessoire (https://eskyna.com/glossar/accessoire/)","https://eskyna.com/glossar/accessoire/; https://eskyna.com/glossar/glanzgrad/; https://eskyna.com/glossar/kategorie/materialien-details/; https://eskyna.com/glossar/materialfall/; https://eskyna.com/glossar/struktur/; https://eskyna.com/stilfrage/","content/de/glossar/merinowolle.md"
"metallic","Metallic","metallic","https://eskyna.com/glossar/metallic/","published","Farb-Lexikon","","metallic kleidung; metallic kombinieren; gold silber mode; farbberatung","Natalia Kleemann","2026-07-09","https://eskyna.com/images/glossar/metallic.png","Editoriale Grafik zu Metallic mit Farbfeldern, Materialflächen und ruhigen Kombinationsakzenten","Gold (https://eskyna.com/glossar/gold/); Silber (https://eskyna.com/glossar/silber/); Roségold (https://eskyna.com/glossar/rosegold/); Glanzgrad (https://eskyna.com/glossar/glanzgrad/); Accessoire (https://eskyna.com/glossar/accessoire/)","https://eskyna.com/glossar/accessoire/; https://eskyna.com/glossar/kategorie/farb-lexikon/; https://eskyna.com/stilgefuehl/","content/de/glossar/metallic.md"
"metamerie","Metamerie","metamerie","https://eskyna.com/glossar/metamerie/","published","Farbberatung & Farbe","","metamerie; was ist metamerie; metamerie","Natalia Kleemann","2026-07-18","https://eskyna.com/images/glossar/metamerie.png","Glossar-Illustration zu Metamerie","","","content/de/glossar/metamerie.md"
"mid-waist","Mid Waist","mid-waist","https://eskyna.com/glossar/mid-waist/","published","Schnitt, Proportion & Passform","","mid waist; was bedeutet mid waist; mid waist stilberatung","Natalia Kleemann","2026-07-09","https://eskyna.com/images/glossar/mid-waist.png","Editoriale Glossar-Grafik zu Mid Waist mit ruhigen Farbfeldern und feiner Linienführung","Passform (https://eskyna.com/glossar/passform/); Silhouette (https://eskyna.com/glossar/silhouette/); Proportion (https://eskyna.com/glossar/proportion/); Saumlänge (https://eskyna.com/glossar/saumlange/); Taillierung (https://eskyna.com/glossar/taillierung/)","https://eskyna.com/glossar/kategorie/schnitt-proportion-passform/; https://eskyna.com/glossar/passform/; https://eskyna.com/glossar/proportion/; https://eskyna.com/glossar/saumlange/; https://eskyna.com/glossar/silhouette/; https://eskyna.com/glossar/taillierung/; https://eskyna.com/stilfrage/","content/de/glossar/mid-waist.md"
"midikleid","Midikleid","midikleid","https://eskyna.com/glossar/midikleid/","published","Kleider & Röcke","","midikleid; was ist ein midikleid; midikleid kombinieren","Natalia Kleemann","2026-07-09","https://eskyna.com/images/glossar/midikleid.png","Editoriale ESKYNA Grafik zum Glossarbegriff Midikleid mit ruhigen Formen und feinen Farbfeldern","Kleid (https://eskyna.com/glossar/kleid/); Saumlänge (https://eskyna.com/glossar/saumlange/); Proportion (https://eskyna.com/glossar/proportion/); Stiefelette (https://eskyna.com/glossar/stiefelette/)","https://eskyna.com/glossar/kategorie/kleider-roecke/; https://eskyna.com/stilfrage/","content/de/glossar/midikleid.md"
"midirock","Midirock","midirock","https://eskyna.com/glossar/midirock/","published","Kleider & Röcke","","midirock; was ist ein midirock; midirock kombinieren","Natalia Kleemann","2026-07-09","https://eskyna.com/images/glossar/midirock.png","Editoriale ESKYNA Grafik zum Glossarbegriff Midirock mit ruhigen Formen und feinen Farbfeldern","Rocklänge (https://eskyna.com/glossar/rocklange/); Plisseerock (https://eskyna.com/glossar/plisseerock/); Bleistiftrock (https://eskyna.com/glossar/bleistiftrock/); Saumlänge (https://eskyna.com/glossar/saumlange/)","https://eskyna.com/glossar/kategorie/kleider-roecke/; https://eskyna.com/stilfrage/","content/de/glossar/midirock.md"
"mietmode-fashion-rental","Mietmode/Fashion Rental","mietmode-fashion-rental","https://eskyna.com/glossar/mietmode-fashion-rental/","published","Garderobe & Alltag","","mietmode fashion rental; was ist mietmode/fashion rental; mietmode/fashion rental","Natalia Kleemann","2026-07-18","https://eskyna.com/images/glossar/mietmode-fashion-rental.png","Glossar-Illustration zu Mietmode/Fashion Rental","","","content/de/glossar/mietmode-fashion-rental.md"
"minikleid","Minikleid","minikleid","https://eskyna.com/glossar/minikleid/","published","Kleider & Röcke","","minikleid; was ist ein minikleid; kurzes kleid","Natalia Kleemann","2026-07-09","https://eskyna.com/images/glossar/minikleid.png","Editoriale ESKYNA Grafik zum Glossarbegriff Minikleid mit ruhigen Formen und feinen Farbfeldern","Kleid (https://eskyna.com/glossar/kleid/); Saumlänge (https://eskyna.com/glossar/saumlange/); Blazer (https://eskyna.com/glossar/blazer/); Chelsea Boots (https://eskyna.com/glossar/chelsea-boots/)","https://eskyna.com/glossar/kategorie/kleider-roecke/; https://eskyna.com/stilfrage/","content/de/glossar/minikleid.md"
"minimalismus","Minimalismus","minimalismus","https://eskyna.com/glossar/minimalismus/","published","Stil & Wirkung","","minimalismus; was bedeutet minimalismus; minimalismus stilberatung","Natalia Kleemann","2026-07-09","https://eskyna.com/images/glossar/minimalismus.png","Editoriale Glossar-Grafik zu Minimalismus mit ruhigen Farbfeldern und feiner Linienführung","Signature Look (https://eskyna.com/glossar/signature-look/); Wirkung (https://eskyna.com/glossar/wirkung/); Personal Style (https://eskyna.com/glossar/personal-style/); Garderobenlogik (https://eskyna.com/glossar/garderobenlogik/)","https://eskyna.com/glossar/garderobenlogik/; https://eskyna.com/glossar/kategorie/stil-wirkung/; https://eskyna.com/glossar/personal-style/; https://eskyna.com/glossar/signature-look/; https://eskyna.com/glossar/wirkung/; https://eskyna.com/praesenz/","content/de/glossar/minimalismus.md"
"minimalist-hiking-sandal","Minimalist Hiking Sandal","minimalist-hiking-sandal","https://eskyna.com/glossar/minimalist-hiking-sandal/","published","Schuhe","","minimalist hiking sandal; was ist eine minimalist hiking sandal; hiking sandal styling","Natalia Kleemann","2026-07-12","https://eskyna.com/images/glossar/minimalist-hiking-sandal.png","Glossar-Illustration zu Minimalist Hiking Sandal","Sandale (https://eskyna.com/glossar/sandale/); Maxirock (https://eskyna.com/glossar/maxirock/); Stoffhose (https://eskyna.com/glossar/stoffhose/); Kleid (https://eskyna.com/glossar/kleid/); Ton-in-Ton (https://eskyna.com/glossar/ton-in-ton/)","https://eskyna.com/glossar/kleid/; https://eskyna.com/glossar/maxirock/; https://eskyna.com/glossar/sandale/; https://eskyna.com/glossar/stoffhose/; https://eskyna.com/glossar/ton-in-ton/","content/de/glossar/minimalist-hiking-sandal.md"
"minimalist-wedge","Minimalist Wedge","minimalist-wedge","https://eskyna.com/glossar/minimalist-wedge/","published","Schuhe","","minimalist wedge; keilsandalette; minimalistische keilschuhe","Natalia Kleemann","2026-07-09","https://eskyna.com/images/glossar/minimalist-wedge.png","Glossar-Illustration zu Minimalist Wedge","Plateau (https://eskyna.com/glossar/plateau/); Sandalette (https://eskyna.com/glossar/sandalette/); Blockabsatz (https://eskyna.com/glossar/blockabsatz/); Elevated Flip-Flop (https://eskyna.com/glossar/elevated-flip-flop/); Saumlänge (https://eskyna.com/glossar/saumlange/)","https://eskyna.com/glossar/blockabsatz/; https://eskyna.com/glossar/elevated-flip-flop/; https://eskyna.com/glossar/kategorie/schuhe/; https://eskyna.com/glossar/plateau/; https://eskyna.com/glossar/sandalette/; https://eskyna.com/glossar/saumlange/; https://eskyna.com/stilfrage/","content/de/glossar/minimalist-wedge.md"
"minirock","Minirock","minirock","https://eskyna.com/glossar/minirock/","published","Kleider & Röcke","","minirock; was ist ein minirock; kurzer rock","Natalia Kleemann","2026-07-09","https://eskyna.com/images/glossar/minirock.png","Editoriale ESKYNA Grafik zum Glossarbegriff Minirock mit ruhigen Formen und feinen Farbfeldern","Rocklänge (https://eskyna.com/glossar/rocklange/); Saumlänge (https://eskyna.com/glossar/saumlange/); Blazer (https://eskyna.com/glossar/blazer/); Loafer (https://eskyna.com/glossar/loafer/)","https://eskyna.com/glossar/kategorie/kleider-roecke/; https://eskyna.com/stilfrage/","content/de/glossar/minirock.md"
"mintgruen","Mintgrün","mintgruen","https://eskyna.com/glossar/mintgruen/","published","Farbberatung & Farbe","","mintgrün; was bedeutet mintgrün; mintgrün kombinieren","Natalia Kleemann","2026-07-12","https://eskyna.com/images/glossar/mintgruen.png","Glossar-Illustration zu Mintgrün","Gruen (https://eskyna.com/glossar/gruen/); Blau (https://eskyna.com/glossar/blau/); Gedaempfte Farben (https://eskyna.com/glossar/gedaempfte-farben/); Farbpalette (https://eskyna.com/glossar/farbpalette/); Accessoire (https://eskyna.com/glossar/accessoire/)","https://eskyna.com/glossar/accessoire/; https://eskyna.com/glossar/blau/; https://eskyna.com/glossar/farbpalette/; https://eskyna.com/glossar/gedaempfte-farben/; https://eskyna.com/glossar/gruen/","content/de/glossar/mintgruen.md"
"mob-wife-aesthetic","Mob Wife Aesthetic","mob-wife-aesthetic","https://eskyna.com/glossar/mob-wife-aesthetic/","published","Stil & Wirkung","","mob wife aesthetic; mob wife style; lauter glamour look","Natalia Kleemann","2026-07-09","https://eskyna.com/images/glossar/mob-wife-aesthetic.png","Glossar-Illustration zu Mob Wife Aesthetic","Animal Print (https://eskyna.com/glossar/animal-print/); Gold (https://eskyna.com/glossar/gold/); Statement-Schmuck (https://eskyna.com/glossar/statement-schmuck/); Glamoratti (https://eskyna.com/glossar/glamoratti/); Schwarz (https://eskyna.com/glossar/schwarz/)","https://eskyna.com/glossar/animal-print/; https://eskyna.com/glossar/glamoratti/; https://eskyna.com/glossar/gold/; https://eskyna.com/glossar/kategorie/stil-wirkung/; https://eskyna.com/glossar/schwarz/; https://eskyna.com/glossar/statement-schmuck/; https://eskyna.com/praesenz/","content/de/glossar/mob-wife-aesthetic.md"
"mock-neck","Mock Neck","mock-neck","https://eskyna.com/glossar/mock-neck/","published","Materialien & Details","","mock neck; was bedeutet mock neck; mock neck stilberatung","Natalia Kleemann","2026-07-09","https://eskyna.com/images/glossar/mock-neck.png","Editoriale Glossar-Grafik zu Mock Neck mit ruhigen Farbfeldern und feiner Linienführung","Materialfall (https://eskyna.com/glossar/materialfall/); Struktur (https://eskyna.com/glossar/struktur/); Glanzgrad (https://eskyna.com/glossar/glanzgrad/); Accessoire (https://eskyna.com/glossar/accessoire/)","https://eskyna.com/glossar/accessoire/; https://eskyna.com/glossar/glanzgrad/; https://eskyna.com/glossar/kategorie/materialien-details/; https://eskyna.com/glossar/materialfall/; https://eskyna.com/glossar/struktur/; https://eskyna.com/stilfrage/","content/de/glossar/mock-neck.md"
"modal","Modal","modal","https://eskyna.com/glossar/modal/","published","Materialien & Details","","modal; was bedeutet modal; modal stilberatung","Natalia Kleemann","2026-07-09","https://eskyna.com/images/glossar/modal.png","Editoriale Glossar-Grafik zu Modal mit ruhigen Farbfeldern und feiner Linienführung","Materialfall (https://eskyna.com/glossar/materialfall/); Struktur (https://eskyna.com/glossar/struktur/); Glanzgrad (https://eskyna.com/glossar/glanzgrad/); Accessoire (https://eskyna.com/glossar/accessoire/)","https://eskyna.com/glossar/accessoire/; https://eskyna.com/glossar/glanzgrad/; https://eskyna.com/glossar/kategorie/materialien-details/; https://eskyna.com/glossar/materialfall/; https://eskyna.com/glossar/struktur/; https://eskyna.com/stilfrage/","content/de/glossar/modal.md"
"mode","Mode","mode","https://eskyna.com/glossar/mode/","published","Stil & Wirkung","","mode; was bedeutet mode; mode stilberatung","Natalia Kleemann","2026-07-09","https://eskyna.com/images/glossar/mode.png","Editoriale Glossar-Grafik zu Mode mit ruhigen Farbfeldern und feiner Linienführung","Signature Look (https://eskyna.com/glossar/signature-look/); Garderobenlogik (https://eskyna.com/glossar/garderobenlogik/); Passform (https://eskyna.com/glossar/passform/); Silhouette (https://eskyna.com/glossar/silhouette/); Outfit-Formel (https://eskyna.com/glossar/outfit-formel/)","https://eskyna.com/glossar/garderobenlogik/; https://eskyna.com/glossar/kategorie/stil-wirkung/; https://eskyna.com/glossar/outfit-formel/; https://eskyna.com/glossar/passform/; https://eskyna.com/glossar/signature-look/; https://eskyna.com/glossar/silhouette/; https://eskyna.com/praesenz/","content/de/glossar/mode.md"
"modern","Modern","modern","https://eskyna.com/glossar/modern/","published","Stil & Wirkung","","modern; was bedeutet modern; modern stilberatung","Natalia Kleemann","2026-07-09","https://eskyna.com/images/glossar/modern.png","Editoriale Glossar-Grafik zu Modern mit ruhigen Farbfeldern und feiner Linienführung","Signature Look (https://eskyna.com/glossar/signature-look/); Wirkung (https://eskyna.com/glossar/wirkung/); Personal Style (https://eskyna.com/glossar/personal-style/); Garderobenlogik (https://eskyna.com/glossar/garderobenlogik/)","https://eskyna.com/glossar/garderobenlogik/; https://eskyna.com/glossar/kategorie/stil-wirkung/; https://eskyna.com/glossar/personal-style/; https://eskyna.com/glossar/signature-look/; https://eskyna.com/glossar/wirkung/; https://eskyna.com/praesenz/","content/de/glossar/modern.md"
"modeschmuck","Modeschmuck","modeschmuck","https://eskyna.com/glossar/modeschmuck/","published","Materialien & Details","","modeschmuck; was bedeutet modeschmuck; modeschmuck stilberatung","Natalia Kleemann","2026-07-09","https://eskyna.com/images/glossar/modeschmuck.png","Editoriale Glossar-Grafik zu Modeschmuck mit ruhigen Farbfeldern und feiner Linienführung","Materialfall (https://eskyna.com/glossar/materialfall/); Struktur (https://eskyna.com/glossar/struktur/); Glanzgrad (https://eskyna.com/glossar/glanzgrad/); Accessoire (https://eskyna.com/glossar/accessoire/)","https://eskyna.com/glossar/accessoire/; https://eskyna.com/glossar/glanzgrad/; https://eskyna.com/glossar/kategorie/materialien-details/; https://eskyna.com/glossar/materialfall/; https://eskyna.com/glossar/struktur/; https://eskyna.com/stilfrage/","content/de/glossar/modeschmuck.md"
"modest-fashion","Modest Fashion","modest-fashion","https://eskyna.com/glossar/modest-fashion/","published","Stil & Wirkung","","modest fashion; was ist modest fashion; modest fashion","Natalia Kleemann","2026-07-18","https://eskyna.com/images/glossar/modest-fashion.png","Glossar-Illustration zu Modest Fashion","","","content/de/glossar/modest-fashion.md"
"mohair","Mohair","mohair","https://eskyna.com/glossar/mohair/","published","Materialien & Details","","mohair; was ist mohair; mohair","Natalia Kleemann","2026-07-18","https://eskyna.com/images/glossar/mohair.png","Glossar-Illustration zu Mohair","","","content/de/glossar/mohair.md"
"mokassin","Mokassin","mokassin","https://eskyna.com/glossar/mokassin/","published","Schuhe","","mokassin; was ist ein mokassin; mokassins kombinieren","Natalia Kleemann","2026-07-09","https://eskyna.com/images/glossar/mokassin.png","Editoriale ESKYNA Grafik zum Glossarbegriff Mokassin mit ruhigen Formen und feinen Farbfeldern","Loafer (https://eskyna.com/glossar/loafer/); Chinos (https://eskyna.com/glossar/chinos/); Lederjacke (https://eskyna.com/glossar/lederjacke/)","https://eskyna.com/glossar/kategorie/schuhe/; https://eskyna.com/stilfrage/","content/de/glossar/mokassin.md"
"mom-jeans","Mom Jeans","mom-jeans","https://eskyna.com/glossar/mom-jeans/","published","Garderobe & Alltag","","mom jeans; was sind mom jeans; mom jeans kombinieren","Natalia Kleemann","2026-07-09","https://eskyna.com/images/glossar/mom-jeans.png","Editoriale Grafik zu Mom Jeans mit ruhigen Formen, Stofflinien und ESKYNA Farbwelt","Jeans (https://eskyna.com/glossar/jeans/); Denim (https://eskyna.com/glossar/denim/); Tapered Fit (https://eskyna.com/glossar/tapered-fit/); Passform (https://eskyna.com/glossar/passform/); Sneaker (https://eskyna.com/glossar/sneaker/)","https://eskyna.com/glossar/kategorie/garderobe-alltag/; https://eskyna.com/stilgarderobe/","content/de/glossar/mom-jeans.md"
"monkstrap","Monkstrap","monkstrap","https://eskyna.com/glossar/monkstrap/","published","Schuhe","","monkstrap; was ist monkstrap; monkstrap","Natalia Kleemann","2026-07-18","https://eskyna.com/images/glossar/monkstrap.png","Glossar-Illustration zu Monkstrap","","","content/de/glossar/monkstrap.md"
"monochrom","Monochrom","monochrom","https://eskyna.com/glossar/monochrom/","published","Farbberatung & Farbe","","monochrom outfit; monochrom kleidung; ton in ton look; farben kombinieren","Natalia Kleemann","2026-07-09","https://eskyna.com/images/glossar/monochrom.png","Editoriale Grafik zum Glossarbegriff Monochrom mit ruhigen Farbfeldern und klarer Linienführung","Ton-in-Ton (https://eskyna.com/glossar/ton-in-ton/); Neutrale Farben (https://eskyna.com/glossar/neutrale-farben/); Farbpalette (https://eskyna.com/glossar/farbpalette/); Helligkeit (https://eskyna.com/glossar/helligkeit/); Materialfall (https://eskyna.com/glossar/materialfall/)","https://eskyna.com/glossar/kategorie/farbberatung-farbe/; https://eskyna.com/stilgefuehl/","content/de/glossar/monochrom.md"
"moosgruen","Moosgrün","moosgruen","https://eskyna.com/glossar/moosgruen/","published","Farb-Lexikon","","moosgrün bedeutung; moosgrün kombinieren; moosgrün vs oliv","Natalia Kleemann","2026-07-18","https://eskyna.com/images/glossar/moosgruen.png","Glossar-Illustration zu Moosgrün","Oliv (https://eskyna.com/glossar/oliv/); Tannengrün (https://eskyna.com/glossar/tannengruen/); Ocker (https://eskyna.com/glossar/ocker/); Cognac (https://eskyna.com/glossar/cognac/)","https://eskyna.com/glossar/ecru/; https://eskyna.com/glossar/oliv/; https://eskyna.com/glossar/schokoladenbraun/; https://eskyna.com/glossar/tannengruen/","content/de/glossar/moosgruen.md"
"morning-dress-cutaway","Morning Dress/Cutaway","morning-dress-cutaway","https://eskyna.com/glossar/morning-dress-cutaway/","published","Dresscodes & Anlässe","","morning dress cutaway; was ist morning dress/cutaway; morning dress/cutaway","Natalia Kleemann","2026-07-18","https://eskyna.com/images/glossar/morning-dress-cutaway.png","Glossar-Illustration zu Morning Dress/Cutaway","","","content/de/glossar/morning-dress-cutaway.md"
"mule","Mule","mule","https://eskyna.com/glossar/mule/","published","Schuhe","","mule schuh; was sind mules; pantoletten","Natalia Kleemann","2026-07-09","https://eskyna.com/images/glossar/mule.png","Editoriale ESKYNA Grafik zum Glossarbegriff Mule mit ruhigen Formen und feinen Farbfeldern","Slingback (https://eskyna.com/glossar/slingback/); Sandale (https://eskyna.com/glossar/sandale/); Pumps (https://eskyna.com/glossar/pumps/); Saumlänge (https://eskyna.com/glossar/saumlange/)","https://eskyna.com/glossar/kategorie/schuhe/; https://eskyna.com/stilfrage/","content/de/glossar/mule.md"
"mulesing-freie-wolle","Mulesing-freie Wolle","mulesing-freie-wolle","https://eskyna.com/glossar/mulesing-freie-wolle/","published","Materialien & Details","","mulesing-freie wolle; mulesing frei; ethische wolle","Natalia Kleemann","2026-07-09","https://eskyna.com/images/glossar/mulesing-freie-wolle.png","Glossar-Illustration zu Mulesing-freie Wolle","Wolle (https://eskyna.com/glossar/wolle/); Merinowolle (https://eskyna.com/glossar/merinowolle/); Materialqualität (https://eskyna.com/glossar/materialqualitaet/); Slow Fashion (https://eskyna.com/glossar/slow-fashion/); Qualität (https://eskyna.com/glossar/qualitaet/)","https://eskyna.com/glossar/kategorie/materialien-details/; https://eskyna.com/glossar/materialqualitaet/; https://eskyna.com/glossar/merinowolle/; https://eskyna.com/glossar/qualitaet/; https://eskyna.com/glossar/slow-fashion/; https://eskyna.com/glossar/wolle/; https://eskyna.com/stilfrage/","content/de/glossar/mulesing-freie-wolle.md"
"musselin","Musselin","musselin","https://eskyna.com/glossar/musselin/","published","Materialien & Details","","musselin; was ist musselin; musselin","Natalia Kleemann","2026-07-18","https://eskyna.com/images/glossar/musselin.png","Glossar-Illustration zu Musselin","","","content/de/glossar/musselin.md"
"muster","Muster","muster","https://eskyna.com/glossar/muster/","published","Materialien & Details","","muster; was bedeutet muster; muster stilberatung","Natalia Kleemann","2026-07-09","https://eskyna.com/images/glossar/muster.png","Editoriale Glossar-Grafik zu Muster mit ruhigen Farbfeldern und feiner Linienführung","Materialfall (https://eskyna.com/glossar/materialfall/); Struktur (https://eskyna.com/glossar/struktur/); Glanzgrad (https://eskyna.com/glossar/glanzgrad/); Accessoire (https://eskyna.com/glossar/accessoire/)","https://eskyna.com/glossar/accessoire/; https://eskyna.com/glossar/glanzgrad/; https://eskyna.com/glossar/kategorie/materialien-details/; https://eskyna.com/glossar/materialfall/; https://eskyna.com/glossar/struktur/; https://eskyna.com/stilfrage/","content/de/glossar/muster.md"
"nachhaltige-garderobe","Nachhaltige Garderobe","nachhaltige-garderobe","https://eskyna.com/glossar/nachhaltige-garderobe/","published","Garderobe & Alltag","","nachhaltige garderobe; was bedeutet nachhaltige garderobe; nachhaltige garderobe stilberatung","Natalia Kleemann","2026-07-09","https://eskyna.com/images/glossar/nachhaltige-garderobe.png","Editoriale Glossar-Grafik zu Nachhaltige Garderobe mit ruhigen Farbfeldern und feiner Linienführung","Capsule Wardrobe (https://eskyna.com/glossar/capsule-wardrobe/); Garderobenlogik (https://eskyna.com/glossar/garderobenlogik/); Outfit-Formel (https://eskyna.com/glossar/outfit-formel/); Key-Piece (https://eskyna.com/glossar/key-piece/); Fehlkauf (https://eskyna.com/glossar/fehlkauf/)","https://eskyna.com/glossar/capsule-wardrobe/; https://eskyna.com/glossar/fehlkauf/; https://eskyna.com/glossar/garderobenlogik/; https://eskyna.com/glossar/kategorie/garderobe-alltag/; https://eskyna.com/glossar/key-piece/; https://eskyna.com/glossar/outfit-formel/; https://eskyna.com/stilgarderobe/","content/de/glossar/nachhaltige-garderobe.md"
"nadelstreifen","Nadelstreifen","nadelstreifen","https://eskyna.com/glossar/nadelstreifen/","published","Materialien & Details","","nadelstreifen; was bedeutet nadelstreifen; nadelstreifen stilberatung","Natalia Kleemann","2026-07-09","https://eskyna.com/images/glossar/nadelstreifen.png","Editoriale Glossar-Grafik zu Nadelstreifen mit ruhigen Farbfeldern und feiner Linienführung","Materialfall (https://eskyna.com/glossar/materialfall/); Struktur (https://eskyna.com/glossar/struktur/); Glanzgrad (https://eskyna.com/glossar/glanzgrad/); Accessoire (https://eskyna.com/glossar/accessoire/)","https://eskyna.com/glossar/accessoire/; https://eskyna.com/glossar/glanzgrad/; https://eskyna.com/glossar/kategorie/materialien-details/; https://eskyna.com/glossar/materialfall/; https://eskyna.com/glossar/struktur/; https://eskyna.com/stilfrage/","content/de/glossar/nadelstreifen.md"
"naht","Naht","naht","https://eskyna.com/glossar/naht/","published","Materialien & Details","","naht; was bedeutet naht; naht stilberatung","Natalia Kleemann","2026-07-09","https://eskyna.com/images/glossar/naht.png","Editoriale Glossar-Grafik zu Naht mit ruhigen Farbfeldern und feiner Linienführung","Materialfall (https://eskyna.com/glossar/materialfall/); Struktur (https://eskyna.com/glossar/struktur/); Glanzgrad (https://eskyna.com/glossar/glanzgrad/); Accessoire (https://eskyna.com/glossar/accessoire/)","https://eskyna.com/glossar/accessoire/; https://eskyna.com/glossar/glanzgrad/; https://eskyna.com/glossar/kategorie/materialien-details/; https://eskyna.com/glossar/materialfall/; https://eskyna.com/glossar/struktur/; https://eskyna.com/stilfrage/","content/de/glossar/naht.md"
"nahtbild","Nahtbild","nahtbild","https://eskyna.com/glossar/nahtbild/","published","Materialien & Details","","nahtbild; was bedeutet nahtbild; nahtbild stilberatung","Natalia Kleemann","2026-07-09","https://eskyna.com/images/glossar/nahtbild.png","Editoriale Glossar-Grafik zu Nahtbild mit ruhigen Farbfeldern und feiner Linienführung","Materialfall (https://eskyna.com/glossar/materialfall/); Struktur (https://eskyna.com/glossar/struktur/); Glanzgrad (https://eskyna.com/glossar/glanzgrad/); Accessoire (https://eskyna.com/glossar/accessoire/); Qualität (https://eskyna.com/glossar/qualitaet/)","https://eskyna.com/glossar/accessoire/; https://eskyna.com/glossar/glanzgrad/; https://eskyna.com/glossar/kategorie/materialien-details/; https://eskyna.com/glossar/materialfall/; https://eskyna.com/glossar/qualitaet/; https://eskyna.com/glossar/struktur/; https://eskyna.com/stilfrage/","content/de/glossar/nahtbild.md"
"nahtzugabe","Nahtzugabe","nahtzugabe","https://eskyna.com/glossar/nahtzugabe/","published","Schnitt, Proportion & Passform","","nahtzugabe; was ist nahtzugabe; nahtzugabe","Natalia Kleemann","2026-07-18","https://eskyna.com/images/glossar/nahtzugabe.png","Glossar-Illustration zu Nahtzugabe","","","content/de/glossar/nahtzugabe.md"
"navy","Navy","navy","https://eskyna.com/glossar/navy/","published","Farb-Lexikon","","navy kleidung; dunkelblau kombinieren; farbberatung; stilberatung","Natalia Kleemann","2026-07-09","https://eskyna.com/images/glossar/navy.png","Editoriale Grafik mit Navy-Farbfeldern, hellen Akzenten und ruhigen Stofflagen","Blau (https://eskyna.com/glossar/blau/); Schwarz (https://eskyna.com/glossar/schwarz/); Weiß (https://eskyna.com/glossar/weiss/); Kontrast (https://eskyna.com/glossar/kontrast/); Farbtyp (https://eskyna.com/glossar/farbtyp/); Grau (https://eskyna.com/glossar/grau/); Neutrale Farben (https://eskyna.com/glossar/neutrale-farben/)","https://eskyna.com/glossar/unterton/","content/de/glossar/navy.md"
"neckholder","Neckholder","neckholder","https://eskyna.com/glossar/neckholder/","published","Garderobe & Alltag","","neckholder; was ist neckholder; neckholder","Natalia Kleemann","2026-07-18","https://eskyna.com/images/glossar/neckholder.png","Glossar-Illustration zu Neckholder","","","content/de/glossar/neckholder.md"
"netted-shopper","Netted Shopper","netted-shopper","https://eskyna.com/glossar/netted-shopper/","published","Materialien & Details","","netted shopper; netztasche; netz shopper","Natalia Kleemann","2026-07-09","https://eskyna.com/images/glossar/netted-shopper.png","Glossar-Illustration zu Netted Shopper","Shopper (https://eskyna.com/glossar/shopper/); Raffia Bag (https://eskyna.com/glossar/raffia-bag/); Wochenendlook (https://eskyna.com/glossar/wochenendlook/); Casual (https://eskyna.com/glossar/casual/); Leinen (https://eskyna.com/glossar/leinen/)","https://eskyna.com/glossar/casual/; https://eskyna.com/glossar/kategorie/materialien-details/; https://eskyna.com/glossar/leinen/; https://eskyna.com/glossar/raffia-bag/; https://eskyna.com/glossar/shopper/; https://eskyna.com/glossar/wochenendlook/; https://eskyna.com/stilfrage/","content/de/glossar/netted-shopper.md"
"neutrale-farben","Neutrale Farben","neutrale-farben","https://eskyna.com/glossar/neutrale-farben/","published","Farbberatung & Farbe","","neutrale farben; basisfarben garderobe; farben kombinieren; capsule wardrobe farben","Natalia Kleemann","2026-07-09","https://eskyna.com/images/glossar/neutrale-farben.png","Editoriale Grafik zum Glossarbegriff Neutrale Farben mit ruhigen Farbfeldern und klarer Linienführung","Farbpalette (https://eskyna.com/glossar/farbpalette/); Schwarz (https://eskyna.com/glossar/schwarz/); Weiß (https://eskyna.com/glossar/weiss/); Beige (https://eskyna.com/glossar/beige/); Navy (https://eskyna.com/glossar/navy/); Off-White (https://eskyna.com/glossar/off-white/); Anthrazit (https://eskyna.com/glossar/anthrazit/)","https://eskyna.com/glossar/kategorie/farbberatung-farbe/; https://eskyna.com/stilgefuehl/","content/de/glossar/neutrale-farben.md"
"nude-toene","Nude-Töne","nude-toene","https://eskyna.com/glossar/nude-toene/","published","Farb-Lexikon","","nude töne bedeutung; hautfarbene töne; nude schuhe unterwäsche","Natalia Kleemann","2026-07-18","https://eskyna.com/images/glossar/nude-toene.png","Glossar-Illustration zu Nude-Töne","Beige (https://eskyna.com/glossar/beige/); Ecru (https://eskyna.com/glossar/ecru/); Champagner (https://eskyna.com/glossar/champagner/); Unterton (https://eskyna.com/glossar/unterton/)","","content/de/glossar/nude-toene.md"
"o-linie","O-Linie","o-linie","https://eskyna.com/glossar/o-linie/","published","Schnitt, Proportion & Passform","","o-linie; was bedeutet o-linie; o-linie stilberatung","Natalia Kleemann","2026-07-09","https://eskyna.com/images/glossar/o-linie.png","Editoriale Glossar-Grafik zu O-Linie mit ruhigen Farbfeldern und feiner Linienführung","Passform (https://eskyna.com/glossar/passform/); Silhouette (https://eskyna.com/glossar/silhouette/); Proportion (https://eskyna.com/glossar/proportion/); Saumlänge (https://eskyna.com/glossar/saumlange/); Taillierung (https://eskyna.com/glossar/taillierung/)","https://eskyna.com/glossar/kategorie/schnitt-proportion-passform/; https://eskyna.com/glossar/passform/; https://eskyna.com/glossar/proportion/; https://eskyna.com/glossar/saumlange/; https://eskyna.com/glossar/silhouette/; https://eskyna.com/glossar/taillierung/; https://eskyna.com/stilfrage/","content/de/glossar/o-linie.md"
"oberkoerperlaenge","Oberkörperlänge","oberkoerperlaenge","https://eskyna.com/glossar/oberkoerperlaenge/","published","Schnitt, Proportion & Passform","","oberkörperlänge; oberkörper wirkt lang; verhältnis beine oberkörper","Natalia Kleemann","2026-07-09","https://eskyna.com/images/glossar/oberkoerperlaenge.png","Glossar-Illustration zu Oberkörperlänge","Taillenposition (https://eskyna.com/glossar/taillenposition/); Beinlänge (https://eskyna.com/glossar/beinlaenge/); Proportion (https://eskyna.com/glossar/proportion/); Drop Waist (https://eskyna.com/glossar/drop-waist/); Drittel-Regel im Outfit (https://eskyna.com/glossar/drittel-regel-im-outfit/)","https://eskyna.com/glossar/beinlaenge/; https://eskyna.com/glossar/drittel-regel-im-outfit/; https://eskyna.com/glossar/drop-waist/; https://eskyna.com/glossar/kategorie/schnitt-proportion-passform/; https://eskyna.com/glossar/proportion/; https://eskyna.com/glossar/taillenposition/; https://eskyna.com/stilfrage/","content/de/glossar/oberkoerperlaenge.md"
"ocker","Ocker","ocker","https://eskyna.com/glossar/ocker/","published","Farb-Lexikon","","ocker bedeutung; ocker kombinieren; ocker farbwirkung","Natalia Kleemann","2026-07-18","https://eskyna.com/images/glossar/ocker.png","Glossar-Illustration zu Ocker","Senfgelb (https://eskyna.com/glossar/senfgelb/); Rostorange (https://eskyna.com/glossar/rostorange/); Oliv (https://eskyna.com/glossar/oliv/); Schokoladenbraun (https://eskyna.com/glossar/schokoladenbraun/)","https://eskyna.com/glossar/navy/; https://eskyna.com/glossar/petrol/","content/de/glossar/ocker.md"
"off-white","Off-White","off-white","https://eskyna.com/glossar/off-white/","published","Farb-Lexikon","","off-white kleidung; off-white kombinieren; weissnuancen; farbberatung","Natalia Kleemann","2026-07-09","https://eskyna.com/images/glossar/off-white.png","Editoriale Grafik zu Off-White mit Farbfeldern, Materialflächen und ruhigen Kombinationsakzenten","Weiß (https://eskyna.com/glossar/weiss/); Creme (https://eskyna.com/glossar/creme/); Beige (https://eskyna.com/glossar/beige/); Neutrale Farben (https://eskyna.com/glossar/neutrale-farben/); Unterton (https://eskyna.com/glossar/unterton/)","https://eskyna.com/glossar/kategorie/farb-lexikon/; https://eskyna.com/glossar/unterton/; https://eskyna.com/stilgefuehl/","content/de/glossar/off-white.md"
"office-look","Office Look","office-look","https://eskyna.com/glossar/office-look/","published","Garderobe & Alltag","","office look; was bedeutet office look; office look stilberatung","Natalia Kleemann","2026-07-09","https://eskyna.com/images/glossar/office-look.png","Editoriale Glossar-Grafik zu Office Look mit ruhigen Farbfeldern und feiner Linienführung","Capsule Wardrobe (https://eskyna.com/glossar/capsule-wardrobe/); Garderobenlogik (https://eskyna.com/glossar/garderobenlogik/); Outfit-Formel (https://eskyna.com/glossar/outfit-formel/); Key-Piece (https://eskyna.com/glossar/key-piece/); Fehlkauf (https://eskyna.com/glossar/fehlkauf/)","https://eskyna.com/glossar/capsule-wardrobe/; https://eskyna.com/glossar/fehlkauf/; https://eskyna.com/glossar/garderobenlogik/; https://eskyna.com/glossar/kategorie/garderobe-alltag/; https://eskyna.com/glossar/key-piece/; https://eskyna.com/glossar/outfit-formel/; https://eskyna.com/praesenz/; https://eskyna.com/stilgarderobe/","content/de/glossar/office-look.md"
"office-siren","Office Siren","office-siren","https://eskyna.com/glossar/office-siren/","published","Stil & Wirkung","","office siren; office siren aesthetic; sinnliche business ästhetik","Natalia Kleemann","2026-07-09","https://eskyna.com/images/glossar/office-siren.png","Glossar-Illustration zu Office Siren","Bleistiftrock (https://eskyna.com/glossar/bleistiftrock/); Business Professional (https://eskyna.com/glossar/business-professional/); Brille (https://eskyna.com/glossar/brille/); Executive Presence (https://eskyna.com/glossar/executive-presence/); Image (https://eskyna.com/glossar/image/)","https://eskyna.com/glossar/bleistiftrock/; https://eskyna.com/glossar/brille/; https://eskyna.com/glossar/business-professional/; https://eskyna.com/glossar/executive-presence/; https://eskyna.com/glossar/image/; https://eskyna.com/glossar/kategorie/stil-wirkung/; https://eskyna.com/praesenz/","content/de/glossar/office-siren.md"
"ohrringe","Ohrringe","ohrringe","https://eskyna.com/glossar/ohrringe/","published","Materialien & Details","","ohrringe; was bedeutet ohrringe; ohrringe stilberatung","Natalia Kleemann","2026-07-09","https://eskyna.com/images/glossar/ohrringe.png","Editoriale Glossar-Grafik zu Ohrringe mit ruhigen Farbfeldern und feiner Linienführung","Materialfall (https://eskyna.com/glossar/materialfall/); Struktur (https://eskyna.com/glossar/struktur/); Glanzgrad (https://eskyna.com/glossar/glanzgrad/); Accessoire (https://eskyna.com/glossar/accessoire/)","https://eskyna.com/glossar/accessoire/; https://eskyna.com/glossar/glanzgrad/; https://eskyna.com/glossar/kategorie/materialien-details/; https://eskyna.com/glossar/materialfall/; https://eskyna.com/glossar/struktur/; https://eskyna.com/stilfrage/","content/de/glossar/ohrringe.md"
"old-money-style","Old Money Style","old-money-style","https://eskyna.com/glossar/old-money-style/","published","Stil & Wirkung","","old money style; was bedeutet old money style; old money style stilberatung","Natalia Kleemann","2026-07-09","https://eskyna.com/images/glossar/old-money-style.png","Editoriale Glossar-Grafik zu Old Money Style mit ruhigen Farbfeldern und feiner Linienführung","Signature Look (https://eskyna.com/glossar/signature-look/); Wirkung (https://eskyna.com/glossar/wirkung/); Personal Style (https://eskyna.com/glossar/personal-style/); Garderobenlogik (https://eskyna.com/glossar/garderobenlogik/)","https://eskyna.com/glossar/garderobenlogik/; https://eskyna.com/glossar/kategorie/stil-wirkung/; https://eskyna.com/glossar/personal-style/; https://eskyna.com/glossar/signature-look/; https://eskyna.com/glossar/wirkung/; https://eskyna.com/praesenz/","content/de/glossar/old-money-style.md"
"oliv","Oliv","oliv","https://eskyna.com/glossar/oliv/","published","Farb-Lexikon","","oliv kleidung; oliv kombinieren; olivgrün; farbberatung","Natalia Kleemann","2026-07-09","https://eskyna.com/images/glossar/oliv.png","Editoriale Grafik zu Oliv mit Farbfeldern, Materialflächen und ruhigen Kombinationsakzenten","Grün (https://eskyna.com/glossar/gruen/); Khaki (https://eskyna.com/glossar/khaki/); Braun (https://eskyna.com/glossar/braun/); Chinos (https://eskyna.com/glossar/chinos/); Unterton (https://eskyna.com/glossar/unterton/)","https://eskyna.com/glossar/kategorie/farb-lexikon/; https://eskyna.com/stilgefuehl/","content/de/glossar/oliv.md"
"ombre","Ombré","ombre","https://eskyna.com/glossar/ombre/","published","Farbberatung & Farbe","","ombre; was ist ombré; ombré","Natalia Kleemann","2026-07-18","https://eskyna.com/images/glossar/ombre.png","Glossar-Illustration zu Ombré","","","content/de/glossar/ombre.md"
"optische-streckung","Optische Streckung","optische-streckung","https://eskyna.com/glossar/optische-streckung/","published","Schnitt, Proportion & Passform","","optische streckung; länger wirken styling; vertikaler look","Natalia Kleemann","2026-07-09","https://eskyna.com/images/glossar/optische-streckung.png","Glossar-Illustration zu Optische Streckung","Vertikale Linie (https://eskyna.com/glossar/vertikale-linie/); Längsstreckung (https://eskyna.com/glossar/laengsstreckung/); Beinlänge (https://eskyna.com/glossar/beinlaenge/); Schuh-Saum-Beziehung (https://eskyna.com/glossar/schuh-saum-beziehung/); Drittel-Regel im Outfit (https://eskyna.com/glossar/drittel-regel-im-outfit/)","https://eskyna.com/glossar/beinlaenge/; https://eskyna.com/glossar/drittel-regel-im-outfit/; https://eskyna.com/glossar/kategorie/schnitt-proportion-passform/; https://eskyna.com/glossar/laengsstreckung/; https://eskyna.com/glossar/schuh-saum-beziehung/; https://eskyna.com/glossar/vertikale-linie/; https://eskyna.com/stilfrage/","content/de/glossar/optische-streckung.md"
"orange","Orange","orange","https://eskyna.com/glossar/orange/","published","Farb-Lexikon","","orange kleidung; orange kombinieren; orange farbberatung; warme farben","Natalia Kleemann","2026-07-09","https://eskyna.com/images/glossar/orange.png","Editoriale Grafik mit Orange-Nuancen, ruhigen Farbfeldern und feiner Stoffstruktur","Rot (https://eskyna.com/glossar/rot/); Terracotta (https://eskyna.com/glossar/terracotta/); Braun (https://eskyna.com/glossar/braun/); Akzentfarbe (https://eskyna.com/glossar/akzentfarbe/); Unterton (https://eskyna.com/glossar/unterton/); Gelb (https://eskyna.com/glossar/gelb/); Senfgelb (https://eskyna.com/glossar/senfgelb/)","https://eskyna.com/glossar/kategorie/farb-lexikon/; https://eskyna.com/stilgefuehl/","content/de/glossar/orange.md"
"organza","Organza","organza","https://eskyna.com/glossar/organza/","published","Materialien & Details","","organza; was bedeutet organza; organza stilberatung","Natalia Kleemann","2026-07-09","https://eskyna.com/images/glossar/organza.png","Editoriale Glossar-Grafik zu Organza mit ruhigen Farbfeldern und feiner Linienführung","Materialfall (https://eskyna.com/glossar/materialfall/); Struktur (https://eskyna.com/glossar/struktur/); Glanzgrad (https://eskyna.com/glossar/glanzgrad/); Accessoire (https://eskyna.com/glossar/accessoire/)","https://eskyna.com/glossar/accessoire/; https://eskyna.com/glossar/glanzgrad/; https://eskyna.com/glossar/kategorie/materialien-details/; https://eskyna.com/glossar/materialfall/; https://eskyna.com/glossar/struktur/; https://eskyna.com/stilfrage/","content/de/glossar/organza.md"
"outfit","Outfit","outfit","https://eskyna.com/glossar/outfit/","published","Stil & Wirkung","","outfit; was bedeutet outfit; outfit stilberatung","Natalia Kleemann","2026-07-09","https://eskyna.com/images/glossar/outfit.png","Editoriale Glossar-Grafik zu Outfit mit ruhigen Farbfeldern und feiner Linienführung","Signature Look (https://eskyna.com/glossar/signature-look/); Garderobenlogik (https://eskyna.com/glossar/garderobenlogik/); Passform (https://eskyna.com/glossar/passform/); Silhouette (https://eskyna.com/glossar/silhouette/); Outfit-Formel (https://eskyna.com/glossar/outfit-formel/)","https://eskyna.com/glossar/garderobenlogik/; https://eskyna.com/glossar/kategorie/stil-wirkung/; https://eskyna.com/glossar/outfit-formel/; https://eskyna.com/glossar/passform/; https://eskyna.com/glossar/signature-look/; https://eskyna.com/glossar/silhouette/; https://eskyna.com/praesenz/","content/de/glossar/outfit.md"
"outfit-analyse","Outfit-Analyse","outfit-analyse","https://eskyna.com/glossar/outfit-analyse/","published","Stil & Wirkung","","outfit-analyse; was bedeutet outfit-analyse; outfit-analyse stilberatung","Natalia Kleemann","2026-07-09","https://eskyna.com/images/glossar/outfit-analyse.png","Editoriale Glossar-Grafik zu Outfit-Analyse mit ruhigen Farbfeldern und feiner Linienführung","Signature Look (https://eskyna.com/glossar/signature-look/); Wirkung (https://eskyna.com/glossar/wirkung/); Stilberatung (https://eskyna.com/glossar/stilberatung/); Personal Style (https://eskyna.com/glossar/personal-style/); Garderobenlogik (https://eskyna.com/glossar/garderobenlogik/)","https://eskyna.com/glossar/garderobenlogik/; https://eskyna.com/glossar/kategorie/stil-wirkung/; https://eskyna.com/glossar/personal-style/; https://eskyna.com/glossar/signature-look/; https://eskyna.com/glossar/stilberatung/; https://eskyna.com/glossar/wirkung/; https://eskyna.com/praesenz/","content/de/glossar/outfit-analyse.md"
"outfit-formel","Outfit-Formel","outfit-formel","https://eskyna.com/glossar/outfit-formel/","published","Garderobe & Alltag","","outfit-formel; outfits kombinieren; garderobe planen; stilberatung","Natalia Kleemann","2026-07-09","https://eskyna.com/images/glossar/outfit-formel.png","Editoriale Grafik mit modularen Outfit-Bausteinen als visuelle Formel für einen stimmigen Look","Basic (https://eskyna.com/glossar/basic/); Smart Casual (https://eskyna.com/glossar/smart-casual/); Garderobenlogik (https://eskyna.com/glossar/garderobenlogik/); Capsule Wardrobe (https://eskyna.com/glossar/capsule-wardrobe/); Key-Piece (https://eskyna.com/glossar/key-piece/)","https://eskyna.com/glossar/kategorie/garderobe-alltag/; https://eskyna.com/stilgarderobe/","content/de/glossar/outfit-formel.md"
"overknees","Overknees","overknees","https://eskyna.com/glossar/overknees/","published","Garderobe & Alltag","","overknees; was bedeutet overknees; overknees stilberatung","Natalia Kleemann","2026-07-09","https://eskyna.com/images/glossar/overknees.png","Editoriale Glossar-Grafik zu Overknees mit ruhigen Farbfeldern und feiner Linienführung","Capsule Wardrobe (https://eskyna.com/glossar/capsule-wardrobe/); Garderobenlogik (https://eskyna.com/glossar/garderobenlogik/); Outfit-Formel (https://eskyna.com/glossar/outfit-formel/); Key-Piece (https://eskyna.com/glossar/key-piece/); Fehlkauf (https://eskyna.com/glossar/fehlkauf/)","https://eskyna.com/glossar/capsule-wardrobe/; https://eskyna.com/glossar/fehlkauf/; https://eskyna.com/glossar/garderobenlogik/; https://eskyna.com/glossar/kategorie/garderobe-alltag/; https://eskyna.com/glossar/key-piece/; https://eskyna.com/glossar/outfit-formel/; https://eskyna.com/stilgarderobe/","content/de/glossar/overknees.md"
"overshirt","Overshirt","overshirt","https://eskyna.com/glossar/overshirt/","published","Garderobe & Alltag","","overshirt; was ist ein overshirt; hemdjacke kombinieren","Natalia Kleemann","2026-07-09","https://eskyna.com/images/glossar/overshirt.png","Editoriale Grafik mit stilisiertem Overshirt, Taschen und klarer Hemdjackenform","Hemd (https://eskyna.com/glossar/hemd/); Layering (https://eskyna.com/glossar/layering/); Jacke (https://eskyna.com/glossar/blazer/); T-Shirt (https://eskyna.com/glossar/t-shirt/); Jeans (https://eskyna.com/glossar/jeans/)","https://eskyna.com/glossar/kategorie/garderobe-alltag/; https://eskyna.com/stilgarderobe/","content/de/glossar/overshirt.md"
"oversized","Oversized","oversized","https://eskyna.com/glossar/oversized/","published","Schnitt, Proportion & Passform","","oversized; was bedeutet oversized; oversized blazer; oversized schnitt","Natalia Kleemann","2026-07-09","https://eskyna.com/images/glossar/oversized.png","Editoriale Grafik mit großzügiger Oversized-Silhouette, Körperrahmen und ruhigen Volumenflächen","Layering (https://eskyna.com/glossar/layering/); Taillierung (https://eskyna.com/glossar/taillierung/); Blazer (https://eskyna.com/glossar/blazer/); Silhouette (https://eskyna.com/glossar/silhouette/); Proportion (https://eskyna.com/glossar/proportion/)","https://eskyna.com/glossar/kategorie/schnitt-proportion-passform/; https://eskyna.com/stilfrage/","content/de/glossar/oversized.md"
"oversized-blazer","Oversized-Blazer","oversized-blazer","https://eskyna.com/glossar/oversized-blazer/","published","Garderobe & Alltag","","oversized-blazer; was bedeutet oversized-blazer; oversized-blazer stilberatung","Natalia Kleemann","2026-07-09","https://eskyna.com/images/glossar/oversized-blazer.png","Editoriale Glossar-Grafik zu Oversized-Blazer mit ruhigen Farbfeldern und feiner Linienführung","Capsule Wardrobe (https://eskyna.com/glossar/capsule-wardrobe/); Garderobenlogik (https://eskyna.com/glossar/garderobenlogik/); Outfit-Formel (https://eskyna.com/glossar/outfit-formel/); Key-Piece (https://eskyna.com/glossar/key-piece/); Fehlkauf (https://eskyna.com/glossar/fehlkauf/)","https://eskyna.com/glossar/capsule-wardrobe/; https://eskyna.com/glossar/fehlkauf/; https://eskyna.com/glossar/garderobenlogik/; https://eskyna.com/glossar/kategorie/garderobe-alltag/; https://eskyna.com/glossar/key-piece/; https://eskyna.com/glossar/outfit-formel/; https://eskyna.com/stilgarderobe/","content/de/glossar/oversized-blazer.md"
"oxford-schuh","Oxford-Schuh","oxford-schuh","https://eskyna.com/glossar/oxford-schuh/","published","Schuhe","","oxford schuh; was ist oxford-schuh; oxford-schuh","Natalia Kleemann","2026-07-18","https://eskyna.com/images/glossar/oxford-schuh.png","Glossar-Illustration zu Oxford-Schuh","","","content/de/glossar/oxford-schuh.md"
"paisley","Paisley","paisley","https://eskyna.com/glossar/paisley/","published","Materialien & Details","","paisley; was bedeutet paisley; paisley stilberatung","Natalia Kleemann","2026-07-09","https://eskyna.com/images/glossar/paisley.png","Editoriale Glossar-Grafik zu Paisley mit ruhigen Farbfeldern und feiner Linienführung","Materialfall (https://eskyna.com/glossar/materialfall/); Struktur (https://eskyna.com/glossar/struktur/); Glanzgrad (https://eskyna.com/glossar/glanzgrad/); Accessoire (https://eskyna.com/glossar/accessoire/)","https://eskyna.com/glossar/accessoire/; https://eskyna.com/glossar/glanzgrad/; https://eskyna.com/glossar/kategorie/materialien-details/; https://eskyna.com/glossar/materialfall/; https://eskyna.com/glossar/struktur/; https://eskyna.com/stilfrage/","content/de/glossar/paisley.md"
"palazzo-hose","Palazzo-Hose","palazzo-hose","https://eskyna.com/glossar/palazzo-hose/","published","Garderobe & Alltag","","palazzo hose; was ist eine palazzo hose; palazzo hose kombinieren","Natalia Kleemann","2026-07-09","https://eskyna.com/images/glossar/palazzo-hose.png","Editoriale Grafik zu Palazzo-Hose mit ruhigen Formen, Stofflinien und ESKYNA Farbwelt","Wide Leg (https://eskyna.com/glossar/wide-leg/); Viskose (https://eskyna.com/glossar/viskose/); Seide (https://eskyna.com/glossar/seide/); Materialfall (https://eskyna.com/glossar/materialfall/); Proportion (https://eskyna.com/glossar/proportion/)","https://eskyna.com/glossar/kategorie/garderobe-alltag/; https://eskyna.com/stilgarderobe/","content/de/glossar/palazzo-hose.md"
"paperbag-hose","Paperbag-Hose","paperbag-hose","https://eskyna.com/glossar/paperbag-hose/","published","Garderobe & Alltag","","paperbag hose; was ist eine paperbag hose; paperbag hose kombinieren","Natalia Kleemann","2026-07-09","https://eskyna.com/images/glossar/paperbag-hose.png","Editoriale Grafik zu Paperbag-Hose mit ruhigen Formen, Stofflinien und ESKYNA Farbwelt","Taillierung (https://eskyna.com/glossar/taillierung/); Proportion (https://eskyna.com/glossar/proportion/); Leinen (https://eskyna.com/glossar/leinen/); Viskose (https://eskyna.com/glossar/viskose/); Bluse (https://eskyna.com/glossar/bluse/)","https://eskyna.com/glossar/kategorie/garderobe-alltag/; https://eskyna.com/stilgarderobe/","content/de/glossar/paperbag-hose.md"
"parisian-chic","Parisian Chic","parisian-chic","https://eskyna.com/glossar/parisian-chic/","published","Stil & Wirkung","","parisian chic; was bedeutet parisian chic; parisian chic stilberatung","Natalia Kleemann","2026-07-09","https://eskyna.com/images/glossar/parisian-chic.png","Editoriale Glossar-Grafik zu Parisian Chic mit ruhigen Farbfeldern und feiner Linienführung","Signature Look (https://eskyna.com/glossar/signature-look/); Wirkung (https://eskyna.com/glossar/wirkung/); Personal Style (https://eskyna.com/glossar/personal-style/); Garderobenlogik (https://eskyna.com/glossar/garderobenlogik/)","https://eskyna.com/glossar/garderobenlogik/; https://eskyna.com/glossar/kategorie/stil-wirkung/; https://eskyna.com/glossar/personal-style/; https://eskyna.com/glossar/signature-look/; https://eskyna.com/glossar/wirkung/; https://eskyna.com/praesenz/","content/de/glossar/parisian-chic.md"
"parka","Parka","parka","https://eskyna.com/glossar/parka/","published","Garderobe & Alltag","","parka; was bedeutet parka; parka stilberatung","Natalia Kleemann","2026-07-09","https://eskyna.com/images/glossar/parka.png","Editoriale Glossar-Grafik zu Parka mit ruhigen Farbfeldern und feiner Linienführung","Capsule Wardrobe (https://eskyna.com/glossar/capsule-wardrobe/); Garderobenlogik (https://eskyna.com/glossar/garderobenlogik/); Outfit-Formel (https://eskyna.com/glossar/outfit-formel/); Key-Piece (https://eskyna.com/glossar/key-piece/); Fehlkauf (https://eskyna.com/glossar/fehlkauf/)","https://eskyna.com/glossar/capsule-wardrobe/; https://eskyna.com/glossar/fehlkauf/; https://eskyna.com/glossar/garderobenlogik/; https://eskyna.com/glossar/kategorie/garderobe-alltag/; https://eskyna.com/glossar/key-piece/; https://eskyna.com/glossar/outfit-formel/; https://eskyna.com/stilgarderobe/","content/de/glossar/parka.md"
"paspel","Paspel","paspel","https://eskyna.com/glossar/paspel/","published","Materialien & Details","","paspel; was bedeutet paspel; paspel stilberatung","Natalia Kleemann","2026-07-09","https://eskyna.com/images/glossar/paspel.png","Editoriale Glossar-Grafik zu Paspel mit ruhigen Farbfeldern und feiner Linienführung","Materialfall (https://eskyna.com/glossar/materialfall/); Struktur (https://eskyna.com/glossar/struktur/); Glanzgrad (https://eskyna.com/glossar/glanzgrad/); Accessoire (https://eskyna.com/glossar/accessoire/)","https://eskyna.com/glossar/accessoire/; https://eskyna.com/glossar/glanzgrad/; https://eskyna.com/glossar/kategorie/materialien-details/; https://eskyna.com/glossar/materialfall/; https://eskyna.com/glossar/struktur/; https://eskyna.com/stilfrage/","content/de/glossar/paspel.md"
"passe","Passe","passe","https://eskyna.com/glossar/passe/","published","Schnitt, Proportion & Passform","","passe; was ist passe; passe","Natalia Kleemann","2026-07-18","https://eskyna.com/images/glossar/passe.png","Glossar-Illustration zu Passe","","","content/de/glossar/passe.md"
"passform","Passform","passform","https://eskyna.com/glossar/passform/","published","Schnitt, Proportion & Passform","","passform; kleidung sitzt richtig; schnitt; stilberatung","Natalia Kleemann","2026-07-09","https://eskyna.com/images/glossar/passform.png","Grafik eines Blazers mit Linien zur Erklärung von Passform","Silhouette (https://eskyna.com/glossar/silhouette/); Proportion (https://eskyna.com/glossar/proportion/); Taillierung (https://eskyna.com/glossar/taillierung/); Saumlänge (https://eskyna.com/glossar/saumlange/); Materialfall (https://eskyna.com/glossar/materialfall/)","https://eskyna.com/angebote/; https://eskyna.com/glossar/materialfall/; https://eskyna.com/glossar/proportion/; https://eskyna.com/glossar/saumlange/; https://eskyna.com/glossar/silhouette/; https://eskyna.com/glossar/taillierung/; https://eskyna.com/stilgefuehl/","content/de/glossar/passform.md"
"patchwork","Patchwork","patchwork","https://eskyna.com/glossar/patchwork/","published","Farbberatung & Farbe","","patchwork; was ist patchwork; patchwork","Natalia Kleemann","2026-07-18","https://eskyna.com/images/glossar/patchwork.png","Glossar-Illustration zu Patchwork","","","content/de/glossar/patchwork.md"
"peacoat","Peacoat","peacoat","https://eskyna.com/glossar/peacoat/","published","Garderobe & Alltag","","peacoat; was bedeutet peacoat; peacoat stilberatung","Natalia Kleemann","2026-07-09","https://eskyna.com/images/glossar/peacoat.png","Editoriale Glossar-Grafik zu Peacoat mit ruhigen Farbfeldern und feiner Linienführung","Capsule Wardrobe (https://eskyna.com/glossar/capsule-wardrobe/); Garderobenlogik (https://eskyna.com/glossar/garderobenlogik/); Outfit-Formel (https://eskyna.com/glossar/outfit-formel/); Key-Piece (https://eskyna.com/glossar/key-piece/); Fehlkauf (https://eskyna.com/glossar/fehlkauf/)","https://eskyna.com/glossar/capsule-wardrobe/; https://eskyna.com/glossar/fehlkauf/; https://eskyna.com/glossar/garderobenlogik/; https://eskyna.com/glossar/kategorie/garderobe-alltag/; https://eskyna.com/glossar/key-piece/; https://eskyna.com/glossar/outfit-formel/; https://eskyna.com/stilgarderobe/","content/de/glossar/peacoat.md"
"peplum-top","Peplum-Top","peplum-top","https://eskyna.com/glossar/peplum-top/","published","Materialien & Details","","peplum-top; was bedeutet peplum-top; peplum-top stilberatung","Natalia Kleemann","2026-07-09","https://eskyna.com/images/glossar/peplum-top.png","Editoriale Glossar-Grafik zu Peplum-Top mit ruhigen Farbfeldern und feiner Linienführung","Materialfall (https://eskyna.com/glossar/materialfall/); Struktur (https://eskyna.com/glossar/struktur/); Glanzgrad (https://eskyna.com/glossar/glanzgrad/); Accessoire (https://eskyna.com/glossar/accessoire/)","https://eskyna.com/glossar/accessoire/; https://eskyna.com/glossar/glanzgrad/; https://eskyna.com/glossar/kategorie/materialien-details/; https://eskyna.com/glossar/materialfall/; https://eskyna.com/glossar/struktur/; https://eskyna.com/stilfrage/","content/de/glossar/peplum-top.md"
"personal-branding","Personal Branding","personal-branding","https://eskyna.com/glossar/personal-branding/","published","Stil & Wirkung","","personal branding; persönliche marke; personal branding outfit; imageberatung","Natalia Kleemann","2026-07-09","https://eskyna.com/images/glossar/personal-branding.png","Glossar-Illustration zu Personal Branding","Image (https://eskyna.com/glossar/image/); Signature Look (https://eskyna.com/glossar/signature-look/); Wirkungsprofil (https://eskyna.com/glossar/wirkungsprofil/); Imageberatung (https://eskyna.com/glossar/imageberatung/); Stilbotschaft (https://eskyna.com/glossar/stilbotschaft/)","https://eskyna.com/glossar/image/; https://eskyna.com/glossar/imageberatung/; https://eskyna.com/glossar/kategorie/stil-wirkung/; https://eskyna.com/glossar/signature-look/; https://eskyna.com/glossar/stilbotschaft/; https://eskyna.com/glossar/wirkungsprofil/; https://eskyna.com/praesenz/","content/de/glossar/personal-branding.md"
"personal-shopping","Personal Shopping","personal-shopping","https://eskyna.com/glossar/personal-shopping/","published","Stil & Wirkung","","personal shopping; was bedeutet personal shopping; personal shopping stilberatung","Natalia Kleemann","2026-07-09","https://eskyna.com/images/glossar/personal-shopping.png","Editoriale Glossar-Grafik zu Personal Shopping mit ruhigen Farbfeldern und feiner Linienführung","Signature Look (https://eskyna.com/glossar/signature-look/); Wirkung (https://eskyna.com/glossar/wirkung/); Stilberatung (https://eskyna.com/glossar/stilberatung/); Personal Style (https://eskyna.com/glossar/personal-style/); Garderobenlogik (https://eskyna.com/glossar/garderobenlogik/)","https://eskyna.com/angebote/; https://eskyna.com/glossar/garderobenlogik/; https://eskyna.com/glossar/personal-style/; https://eskyna.com/glossar/signature-look/; https://eskyna.com/glossar/stilberatung/; https://eskyna.com/glossar/wirkung/","content/de/glossar/personal-shopping.md"
"personal-style","Personal Style","personal-style","https://eskyna.com/glossar/personal-style/","published","Stil & Wirkung","","personal style; was bedeutet personal style; personal style stilberatung","Natalia Kleemann","2026-07-09","https://eskyna.com/images/glossar/personal-style.png","Editoriale Glossar-Grafik zu Personal Style mit ruhigen Farbfeldern und feiner Linienführung","Signature Look (https://eskyna.com/glossar/signature-look/); Garderobenlogik (https://eskyna.com/glossar/garderobenlogik/); Passform (https://eskyna.com/glossar/passform/); Silhouette (https://eskyna.com/glossar/silhouette/); Outfit-Formel (https://eskyna.com/glossar/outfit-formel/)","https://eskyna.com/angebote/; https://eskyna.com/glossar/garderobenlogik/; https://eskyna.com/glossar/outfit-formel/; https://eskyna.com/glossar/passform/; https://eskyna.com/glossar/signature-look/; https://eskyna.com/glossar/silhouette/","content/de/glossar/personal-style.md"
"personal-uniform","Personal Uniform","personal-uniform","https://eskyna.com/glossar/personal-uniform/","published","Garderobe & Alltag","","personal uniform; outfit formel; uniform stil","Natalia Kleemann","2026-07-09","https://eskyna.com/images/glossar/personal-uniform.png","Glossar-Illustration zu Personal Uniform","Signature Look (https://eskyna.com/glossar/signature-look/); Alltagsuniform (https://eskyna.com/glossar/alltagsuniform/); Brand Wardrobe (https://eskyna.com/glossar/brand-wardrobe/); Outfit-Formel (https://eskyna.com/glossar/outfit-formel/); Garderobenlogik (https://eskyna.com/glossar/garderobenlogik/)","https://eskyna.com/glossar/alltagsuniform/; https://eskyna.com/glossar/brand-wardrobe/; https://eskyna.com/glossar/garderobenlogik/; https://eskyna.com/glossar/kategorie/garderobe-alltag/; https://eskyna.com/glossar/outfit-formel/; https://eskyna.com/glossar/signature-look/; https://eskyna.com/stilgarderobe/","content/de/glossar/personal-uniform.md"
"petite-styling","Petite Styling","petite-styling","https://eskyna.com/glossar/petite-styling/","published","Schnitt, Proportion & Passform","","petite styling; kleine körpergröße styling; proportion petite","Natalia Kleemann","2026-07-09","https://eskyna.com/images/glossar/petite-styling.png","Glossar-Illustration zu Petite Styling","Saumlänge (https://eskyna.com/glossar/saumlange/); Vertikale Linie (https://eskyna.com/glossar/vertikale-linie/); Drittel-Regel im Outfit (https://eskyna.com/glossar/drittel-regel-im-outfit/); Beinlänge (https://eskyna.com/glossar/beinlaenge/); Passform (https://eskyna.com/glossar/passform/)","https://eskyna.com/glossar/beinlaenge/; https://eskyna.com/glossar/drittel-regel-im-outfit/; https://eskyna.com/glossar/kategorie/schnitt-proportion-passform/; https://eskyna.com/glossar/passform/; https://eskyna.com/glossar/saumlange/; https://eskyna.com/glossar/vertikale-linie/; https://eskyna.com/stilfrage/","content/de/glossar/petite-styling.md"
"petrol","Petrol","petrol","https://eskyna.com/glossar/petrol/","published","Farb-Lexikon","","petrol kleidung; petrol kombinieren; petrol farbe; farbberatung","Natalia Kleemann","2026-07-09","https://eskyna.com/images/glossar/petrol.png","Editoriale Grafik zu Petrol mit Farbfeldern, Materialflächen und ruhigen Kombinationsakzenten","Türkis (https://eskyna.com/glossar/tuerkis/); Blau (https://eskyna.com/glossar/blau/); Grün (https://eskyna.com/glossar/gruen/); Navy (https://eskyna.com/glossar/navy/); Bordeaux (https://eskyna.com/glossar/bordeaux/)","https://eskyna.com/glossar/kategorie/farb-lexikon/; https://eskyna.com/stilgefuehl/","content/de/glossar/petrol.md"
"pflege","Pflege","pflege","https://eskyna.com/glossar/pflege/","published","Garderobe & Alltag","","pflege; was bedeutet pflege; pflege stilberatung","Natalia Kleemann","2026-07-09","https://eskyna.com/images/glossar/pflege.png","Editoriale Glossar-Grafik zu Pflege mit ruhigen Farbfeldern und feiner Linienführung","Capsule Wardrobe (https://eskyna.com/glossar/capsule-wardrobe/); Garderobenlogik (https://eskyna.com/glossar/garderobenlogik/); Outfit-Formel (https://eskyna.com/glossar/outfit-formel/); Key-Piece (https://eskyna.com/glossar/key-piece/); Fehlkauf (https://eskyna.com/glossar/fehlkauf/)","https://eskyna.com/glossar/capsule-wardrobe/; https://eskyna.com/glossar/fehlkauf/; https://eskyna.com/glossar/garderobenlogik/; https://eskyna.com/glossar/kategorie/garderobe-alltag/; https://eskyna.com/glossar/key-piece/; https://eskyna.com/glossar/outfit-formel/; https://eskyna.com/stilgarderobe/","content/de/glossar/pflege.md"
"pflegeetikett","Pflegeetikett","pflegeetikett","https://eskyna.com/glossar/pflegeetikett/","published","Materialien & Details","","pflegeetikett; was bedeutet pflegeetikett; pflegeetikett stilberatung","Natalia Kleemann","2026-07-09","https://eskyna.com/images/glossar/pflegeetikett.png","Editoriale Glossar-Grafik zu Pflegeetikett mit ruhigen Farbfeldern und feiner Linienführung","Materialfall (https://eskyna.com/glossar/materialfall/); Struktur (https://eskyna.com/glossar/struktur/); Glanzgrad (https://eskyna.com/glossar/glanzgrad/); Accessoire (https://eskyna.com/glossar/accessoire/); Qualität (https://eskyna.com/glossar/qualitaet/)","https://eskyna.com/glossar/accessoire/; https://eskyna.com/glossar/glanzgrad/; https://eskyna.com/glossar/kategorie/materialien-details/; https://eskyna.com/glossar/materialfall/; https://eskyna.com/glossar/qualitaet/; https://eskyna.com/glossar/struktur/; https://eskyna.com/stilfrage/","content/de/glossar/pflegeetikett.md"
"pilling","Pilling","pilling","https://eskyna.com/glossar/pilling/","published","Materialien & Details","","pilling; was bedeutet pilling; pilling stilberatung","Natalia Kleemann","2026-07-09","https://eskyna.com/images/glossar/pilling.png","Editoriale Glossar-Grafik zu Pilling mit ruhigen Farbfeldern und feiner Linienführung","Materialfall (https://eskyna.com/glossar/materialfall/); Struktur (https://eskyna.com/glossar/struktur/); Glanzgrad (https://eskyna.com/glossar/glanzgrad/); Accessoire (https://eskyna.com/glossar/accessoire/); Qualität (https://eskyna.com/glossar/qualitaet/)","https://eskyna.com/glossar/accessoire/; https://eskyna.com/glossar/glanzgrad/; https://eskyna.com/glossar/kategorie/materialien-details/; https://eskyna.com/glossar/materialfall/; https://eskyna.com/glossar/qualitaet/; https://eskyna.com/glossar/struktur/; https://eskyna.com/stilfrage/","content/de/glossar/pilling.md"
"pink","Pink","pink","https://eskyna.com/glossar/pink/","published","Farb-Lexikon","","pink kleidung; pink kombinieren; fuchsia; pink im business","Natalia Kleemann","2026-07-09","https://eskyna.com/images/glossar/pink.png","Editoriale Grafik mit Pink-Nuancen, ruhigen Farbfeldern und feiner Stoffstruktur","Rosa (https://eskyna.com/glossar/rosa/); Rot (https://eskyna.com/glossar/rot/); Lila (https://eskyna.com/glossar/lila/); Akzentfarbe (https://eskyna.com/glossar/akzentfarbe/); Sättigung (https://eskyna.com/glossar/saettigung/); Fuchsia (https://eskyna.com/glossar/fuchsia/); Violett (https://eskyna.com/glossar/violett/)","https://eskyna.com/glossar/kategorie/farb-lexikon/; https://eskyna.com/stilgefuehl/","content/de/glossar/pink.md"
"plateau","Plateau","plateau","https://eskyna.com/glossar/plateau/","published","Garderobe & Alltag","","plateau; was bedeutet plateau; plateau stilberatung","Natalia Kleemann","2026-07-09","https://eskyna.com/images/glossar/plateau.png","Editoriale Glossar-Grafik zu Plateau mit ruhigen Farbfeldern und feiner Linienführung","Capsule Wardrobe (https://eskyna.com/glossar/capsule-wardrobe/); Garderobenlogik (https://eskyna.com/glossar/garderobenlogik/); Outfit-Formel (https://eskyna.com/glossar/outfit-formel/); Key-Piece (https://eskyna.com/glossar/key-piece/); Fehlkauf (https://eskyna.com/glossar/fehlkauf/)","https://eskyna.com/glossar/capsule-wardrobe/; https://eskyna.com/glossar/fehlkauf/; https://eskyna.com/glossar/garderobenlogik/; https://eskyna.com/glossar/kategorie/garderobe-alltag/; https://eskyna.com/glossar/key-piece/; https://eskyna.com/glossar/outfit-formel/; https://eskyna.com/stilgarderobe/","content/de/glossar/plateau.md"
"platzierter-print","Platzierter Print","platzierter-print","https://eskyna.com/glossar/platzierter-print/","published","Materialien & Details","","platzierter print; was bedeutet platzierter print; platzierter print stilberatung","Natalia Kleemann","2026-07-09","https://eskyna.com/images/glossar/platzierter-print.png","Editoriale Glossar-Grafik zu Platzierter Print mit ruhigen Farbfeldern und feiner Linienführung","Materialfall (https://eskyna.com/glossar/materialfall/); Struktur (https://eskyna.com/glossar/struktur/); Glanzgrad (https://eskyna.com/glossar/glanzgrad/); Accessoire (https://eskyna.com/glossar/accessoire/)","https://eskyna.com/glossar/accessoire/; https://eskyna.com/glossar/glanzgrad/; https://eskyna.com/glossar/kategorie/materialien-details/; https://eskyna.com/glossar/materialfall/; https://eskyna.com/glossar/struktur/; https://eskyna.com/stilfrage/","content/de/glossar/platzierter-print.md"
"plissee","Plissee","plissee","https://eskyna.com/glossar/plissee/","published","Materialien & Details","","plissee; was bedeutet plissee; plissee stilberatung","Natalia Kleemann","2026-07-09","https://eskyna.com/images/glossar/plissee.png","Editoriale Glossar-Grafik zu Plissee mit ruhigen Farbfeldern und feiner Linienführung","Materialfall (https://eskyna.com/glossar/materialfall/); Struktur (https://eskyna.com/glossar/struktur/); Glanzgrad (https://eskyna.com/glossar/glanzgrad/); Accessoire (https://eskyna.com/glossar/accessoire/)","https://eskyna.com/glossar/accessoire/; https://eskyna.com/glossar/glanzgrad/; https://eskyna.com/glossar/kategorie/materialien-details/; https://eskyna.com/glossar/materialfall/; https://eskyna.com/glossar/struktur/; https://eskyna.com/stilfrage/","content/de/glossar/plissee.md"
"plisseerock","Plisseerock","plisseerock","https://eskyna.com/glossar/plisseerock/","published","Garderobe & Alltag","","plisseerock; was ist ein plisseerock; plisseerock kombinieren","Natalia Kleemann","2026-07-09","https://eskyna.com/images/glossar/plisseerock.png","Editoriale Grafik mit stilisiertem Plisseerock, feinen Falten und fließender Bewegung","Struktur (https://eskyna.com/glossar/struktur/); Saumlänge (https://eskyna.com/glossar/saumlange/); Silhouette (https://eskyna.com/glossar/silhouette/); Sneaker (https://eskyna.com/glossar/sneaker/); Blazer (https://eskyna.com/glossar/blazer/)","https://eskyna.com/glossar/kategorie/garderobe-alltag/; https://eskyna.com/stilgarderobe/","content/de/glossar/plisseerock.md"
"plus-size-styling","Plus-Size-Styling","plus-size-styling","https://eskyna.com/glossar/plus-size-styling/","published","Schnitt, Proportion & Passform","","plus-size-styling; plus size styling; größere größen styling","Natalia Kleemann","2026-07-09","https://eskyna.com/images/glossar/plus-size-styling.png","Glossar-Illustration zu Plus-Size-Styling","Curvy Styling (https://eskyna.com/glossar/curvy-styling/); Passform (https://eskyna.com/glossar/passform/); Körperform (https://eskyna.com/glossar/koerperform/); Proportion (https://eskyna.com/glossar/proportion/); Qualität (https://eskyna.com/glossar/qualitaet/)","https://eskyna.com/glossar/curvy-styling/; https://eskyna.com/glossar/kategorie/schnitt-proportion-passform/; https://eskyna.com/glossar/koerperform/; https://eskyna.com/glossar/passform/; https://eskyna.com/glossar/proportion/; https://eskyna.com/glossar/qualitaet/; https://eskyna.com/stilfrage/","content/de/glossar/plus-size-styling.md"
"pocket-vest","Pocket Vest","pocket-vest","https://eskyna.com/glossar/pocket-vest/","published","Garderobe & Alltag","","pocket vest; taschenweste; utility weste","Natalia Kleemann","2026-07-09","https://eskyna.com/images/glossar/pocket-vest.png","Glossar-Illustration zu Pocket Vest","Weste (https://eskyna.com/glossar/weste/); Adventure Streetwear (https://eskyna.com/glossar/adventure-streetwear/); Gorpcore (https://eskyna.com/glossar/gorpcore/); Khaki (https://eskyna.com/glossar/khaki/); Utility Jacket (https://eskyna.com/glossar/utility-jacket/)","https://eskyna.com/glossar/adventure-streetwear/; https://eskyna.com/glossar/gorpcore/; https://eskyna.com/glossar/kategorie/garderobe-alltag/; https://eskyna.com/glossar/khaki/; https://eskyna.com/glossar/utility-jacket/; https://eskyna.com/glossar/weste/; https://eskyna.com/stilgarderobe/","content/de/glossar/pocket-vest.md"
"poetcore","Poetcore","poetcore","https://eskyna.com/glossar/poetcore/","published","Stil & Wirkung","","poetcore; poet core; poet aesthetic; romantisch intellektueller stil","Natalia Kleemann","2026-07-09","https://eskyna.com/images/glossar/poetcore.png","Glossar-Illustration zu Poetcore","Dark Academia (https://eskyna.com/glossar/dark-academia/); Light Academia (https://eskyna.com/glossar/light-academia/); Vintage (https://eskyna.com/glossar/vintage/); Romantisch (https://eskyna.com/glossar/romantisch/); Personal Style (https://eskyna.com/glossar/personal-style/)","https://eskyna.com/glossar/dark-academia/; https://eskyna.com/glossar/kategorie/stil-wirkung/; https://eskyna.com/glossar/light-academia/; https://eskyna.com/glossar/personal-style/; https://eskyna.com/glossar/romantisch/; https://eskyna.com/glossar/vintage/; https://eskyna.com/praesenz/","content/de/glossar/poetcore.md"
"polka-dots","Polka Dots","polka-dots","https://eskyna.com/glossar/polka-dots/","published","Materialien & Details","","polka dots; was bedeutet polka dots; polka dots stilberatung","Natalia Kleemann","2026-07-09","https://eskyna.com/images/glossar/polka-dots.png","Editoriale Glossar-Grafik zu Polka Dots mit ruhigen Farbfeldern und feiner Linienführung","Materialfall (https://eskyna.com/glossar/materialfall/); Struktur (https://eskyna.com/glossar/struktur/); Glanzgrad (https://eskyna.com/glossar/glanzgrad/); Accessoire (https://eskyna.com/glossar/accessoire/)","https://eskyna.com/glossar/accessoire/; https://eskyna.com/glossar/glanzgrad/; https://eskyna.com/glossar/kategorie/materialien-details/; https://eskyna.com/glossar/materialfall/; https://eskyna.com/glossar/struktur/; https://eskyna.com/stilfrage/","content/de/glossar/polka-dots.md"
"poloshirt","Poloshirt","poloshirt","https://eskyna.com/glossar/poloshirt/","published","Materialien & Details","","poloshirt; was bedeutet poloshirt; poloshirt stilberatung","Natalia Kleemann","2026-07-09","https://eskyna.com/images/glossar/poloshirt.png","Editoriale Glossar-Grafik zu Poloshirt mit ruhigen Farbfeldern und feiner Linienführung","Materialfall (https://eskyna.com/glossar/materialfall/); Struktur (https://eskyna.com/glossar/struktur/); Glanzgrad (https://eskyna.com/glossar/glanzgrad/); Accessoire (https://eskyna.com/glossar/accessoire/)","https://eskyna.com/glossar/accessoire/; https://eskyna.com/glossar/glanzgrad/; https://eskyna.com/glossar/kategorie/materialien-details/; https://eskyna.com/glossar/materialfall/; https://eskyna.com/glossar/struktur/; https://eskyna.com/stilfrage/","content/de/glossar/poloshirt.md"
"polyamid","Polyamid","polyamid","https://eskyna.com/glossar/polyamid/","published","Materialien & Details","","polyamid; was bedeutet polyamid; polyamid stilberatung","Natalia Kleemann","2026-07-09","https://eskyna.com/images/glossar/polyamid.png","Editoriale Glossar-Grafik zu Polyamid mit ruhigen Farbfeldern und feiner Linienführung","Materialfall (https://eskyna.com/glossar/materialfall/); Struktur (https://eskyna.com/glossar/struktur/); Glanzgrad (https://eskyna.com/glossar/glanzgrad/); Accessoire (https://eskyna.com/glossar/accessoire/)","https://eskyna.com/glossar/accessoire/; https://eskyna.com/glossar/glanzgrad/; https://eskyna.com/glossar/kategorie/materialien-details/; https://eskyna.com/glossar/materialfall/; https://eskyna.com/glossar/struktur/; https://eskyna.com/stilfrage/","content/de/glossar/polyamid.md"
"polyester","Polyester","polyester","https://eskyna.com/glossar/polyester/","published","Materialien & Details","","polyester; was bedeutet polyester; polyester stilberatung","Natalia Kleemann","2026-07-09","https://eskyna.com/images/glossar/polyester.png","Editoriale Glossar-Grafik zu Polyester mit ruhigen Farbfeldern und feiner Linienführung","Materialfall (https://eskyna.com/glossar/materialfall/); Struktur (https://eskyna.com/glossar/struktur/); Glanzgrad (https://eskyna.com/glossar/glanzgrad/); Accessoire (https://eskyna.com/glossar/accessoire/)","https://eskyna.com/glossar/accessoire/; https://eskyna.com/glossar/glanzgrad/; https://eskyna.com/glossar/kategorie/materialien-details/; https://eskyna.com/glossar/materialfall/; https://eskyna.com/glossar/struktur/; https://eskyna.com/stilfrage/","content/de/glossar/polyester.md"
"poncho","Poncho","poncho","https://eskyna.com/glossar/poncho/","published","Garderobe & Alltag","","poncho; was bedeutet poncho; poncho stilberatung","Natalia Kleemann","2026-07-09","https://eskyna.com/images/glossar/poncho.png","Editoriale Glossar-Grafik zu Poncho mit ruhigen Farbfeldern und feiner Linienführung","Capsule Wardrobe (https://eskyna.com/glossar/capsule-wardrobe/); Garderobenlogik (https://eskyna.com/glossar/garderobenlogik/); Outfit-Formel (https://eskyna.com/glossar/outfit-formel/); Key-Piece (https://eskyna.com/glossar/key-piece/); Fehlkauf (https://eskyna.com/glossar/fehlkauf/)","https://eskyna.com/glossar/capsule-wardrobe/; https://eskyna.com/glossar/fehlkauf/; https://eskyna.com/glossar/garderobenlogik/; https://eskyna.com/glossar/kategorie/garderobe-alltag/; https://eskyna.com/glossar/key-piece/; https://eskyna.com/glossar/outfit-formel/; https://eskyna.com/stilgarderobe/","content/de/glossar/poncho.md"
"popeline","Popeline","popeline","https://eskyna.com/glossar/popeline/","published","Materialien & Details","","popeline; was bedeutet popeline; popeline stilberatung","Natalia Kleemann","2026-07-09","https://eskyna.com/images/glossar/popeline.png","Editoriale Glossar-Grafik zu Popeline mit ruhigen Farbfeldern und feiner Linienführung","Materialfall (https://eskyna.com/glossar/materialfall/); Struktur (https://eskyna.com/glossar/struktur/); Glanzgrad (https://eskyna.com/glossar/glanzgrad/); Accessoire (https://eskyna.com/glossar/accessoire/)","https://eskyna.com/glossar/accessoire/; https://eskyna.com/glossar/glanzgrad/; https://eskyna.com/glossar/kategorie/materialien-details/; https://eskyna.com/glossar/materialfall/; https://eskyna.com/glossar/struktur/; https://eskyna.com/stilfrage/","content/de/glossar/popeline.md"
"power-dressing","Power Dressing","power-dressing","https://eskyna.com/glossar/power-dressing/","published","Stil & Wirkung","","power dressing; was ist power dressing; power dressing","Natalia Kleemann","2026-07-18","https://eskyna.com/images/glossar/power-dressing.png","Glossar-Illustration zu Power Dressing","","","content/de/glossar/power-dressing.md"
"praesenz","Präsenz","praesenz","https://eskyna.com/glossar/praesenz/","published","Stil & Wirkung","","präsenz; präsenz im raum; ausstrahlung kleidung","Natalia Kleemann","2026-07-09","https://eskyna.com/images/glossar/praesenz.png","Glossar-Illustration zu Präsenz","Ausstrahlung (https://eskyna.com/glossar/ausstrahlung/); Auftreten (https://eskyna.com/glossar/auftreten/); Wirkung (https://eskyna.com/glossar/wirkung/); Executive Presence (https://eskyna.com/glossar/executive-presence/); Meeting-Look (https://eskyna.com/glossar/meeting-look/)","https://eskyna.com/glossar/auftreten/; https://eskyna.com/glossar/ausstrahlung/; https://eskyna.com/glossar/executive-presence/; https://eskyna.com/glossar/kategorie/stil-wirkung/; https://eskyna.com/glossar/meeting-look/; https://eskyna.com/glossar/wirkung/; https://eskyna.com/praesenz/","content/de/glossar/praesenz.md"
"preis-pro-tragen-strategie","Preis-pro-Tragen-Strategie","preis-pro-tragen-strategie","https://eskyna.com/glossar/preis-pro-tragen-strategie/","published","Garderobe & Alltag","","preis-pro-tragen-strategie; cost per wear strategie; preis pro tragen","Natalia Kleemann","2026-07-09","https://eskyna.com/images/glossar/preis-pro-tragen-strategie.png","Glossar-Illustration zu Preis-pro-Tragen-Strategie","Cost per Wear (https://eskyna.com/glossar/cost-per-wear/); Kaufkriterien (https://eskyna.com/glossar/kaufkriterien/); Slow Fashion (https://eskyna.com/glossar/slow-fashion/); Qualität (https://eskyna.com/glossar/qualitaet/); Fehlkauf (https://eskyna.com/glossar/fehlkauf/)","https://eskyna.com/glossar/cost-per-wear/; https://eskyna.com/glossar/fehlkauf/; https://eskyna.com/glossar/kategorie/garderobe-alltag/; https://eskyna.com/glossar/kaufkriterien/; https://eskyna.com/glossar/qualitaet/; https://eskyna.com/glossar/slow-fashion/; https://eskyna.com/stilgarderobe/","content/de/glossar/preis-pro-tragen-strategie.md"
"preppy","Preppy","preppy","https://eskyna.com/glossar/preppy/","published","Stil & Wirkung","","preppy; was bedeutet preppy; preppy stilberatung","Natalia Kleemann","2026-07-09","https://eskyna.com/images/glossar/preppy.png","Editoriale Glossar-Grafik zu Preppy mit ruhigen Farbfeldern und feiner Linienführung","Signature Look (https://eskyna.com/glossar/signature-look/); Wirkung (https://eskyna.com/glossar/wirkung/); Personal Style (https://eskyna.com/glossar/personal-style/); Garderobenlogik (https://eskyna.com/glossar/garderobenlogik/)","https://eskyna.com/glossar/garderobenlogik/; https://eskyna.com/glossar/kategorie/stil-wirkung/; https://eskyna.com/glossar/personal-style/; https://eskyna.com/glossar/signature-look/; https://eskyna.com/glossar/wirkung/; https://eskyna.com/praesenz/","content/de/glossar/preppy.md"
"pret-a-porter-ready-to-wear","Prêt-à-porter/Ready-to-wear","pret-a-porter-ready-to-wear","https://eskyna.com/glossar/pret-a-porter-ready-to-wear/","published","Garderobe & Alltag","","pret a porter ready to wear; was ist prêt-à-porter/ready-to-wear; prêt-à-porter/ready-to-wear","Natalia Kleemann","2026-07-18","https://eskyna.com/images/glossar/pret-a-porter-ready-to-wear.png","Glossar-Illustration zu Prêt-à-porter/Ready-to-wear","","","content/de/glossar/pret-a-porter-ready-to-wear.md"
"print","Print","print","https://eskyna.com/glossar/print/","published","Materialien & Details","","print; was bedeutet print; print stilberatung","Natalia Kleemann","2026-07-09","https://eskyna.com/images/glossar/print.png","Editoriale Glossar-Grafik zu Print mit ruhigen Farbfeldern und feiner Linienführung","Materialfall (https://eskyna.com/glossar/materialfall/); Struktur (https://eskyna.com/glossar/struktur/); Glanzgrad (https://eskyna.com/glossar/glanzgrad/); Accessoire (https://eskyna.com/glossar/accessoire/)","https://eskyna.com/glossar/accessoire/; https://eskyna.com/glossar/glanzgrad/; https://eskyna.com/glossar/kategorie/materialien-details/; https://eskyna.com/glossar/materialfall/; https://eskyna.com/glossar/struktur/; https://eskyna.com/stilfrage/","content/de/glossar/print.md"
"prinzessnaht-wiener-naht","Prinzessnaht einschließlich Wiener Naht","prinzessnaht-wiener-naht","https://eskyna.com/glossar/prinzessnaht-wiener-naht/","published","Schnitt, Proportion & Passform","","prinzessnaht wiener naht; was ist prinzessnaht einschließlich wiener naht; prinzessnaht einschließlich wiener naht","Natalia Kleemann","2026-07-18","https://eskyna.com/images/glossar/prinzessnaht-wiener-naht.png","Glossar-Illustration zu Prinzessnaht einschließlich Wiener Naht","","","content/de/glossar/prinzessnaht-wiener-naht.md"
"proportion","Proportion","proportion","https://eskyna.com/glossar/proportion/","published","Schnitt, Proportion & Passform","","proportion mode; proportionen outfit; schnitt; stilberatung","Natalia Kleemann","2026-07-09","https://eskyna.com/images/glossar/proportion.png","Grafik mit Outfit-Linien und Flächen zur Erklärung von Proportion","Silhouette (https://eskyna.com/glossar/silhouette/); Passform (https://eskyna.com/glossar/passform/); Saumlänge (https://eskyna.com/glossar/saumlange/); Layering (https://eskyna.com/glossar/layering/); Taillierung (https://eskyna.com/glossar/taillierung/)","https://eskyna.com/angebote/; https://eskyna.com/glossar/layering/; https://eskyna.com/glossar/passform/; https://eskyna.com/glossar/saumlange/; https://eskyna.com/glossar/silhouette/; https://eskyna.com/glossar/taillierung/; https://eskyna.com/stilgefuehl/","content/de/glossar/proportion.md"
"proportionsbruch","Proportionsbruch","proportionsbruch","https://eskyna.com/glossar/proportionsbruch/","published","Schnitt, Proportion & Passform","","proportionsbruch; ungewöhnliche proportion outfit; drop waist","Natalia Kleemann","2026-07-09","https://eskyna.com/images/glossar/proportionsbruch.png","Glossar-Illustration zu Proportionsbruch","Proportion (https://eskyna.com/glossar/proportion/); Oversized (https://eskyna.com/glossar/oversized/); Drop Waist (https://eskyna.com/glossar/drop-waist/); Drittel-Regel im Outfit (https://eskyna.com/glossar/drittel-regel-im-outfit/); Volumenverteilung (https://eskyna.com/glossar/volumenverteilung/)","https://eskyna.com/glossar/drittel-regel-im-outfit/; https://eskyna.com/glossar/drop-waist/; https://eskyna.com/glossar/kategorie/schnitt-proportion-passform/; https://eskyna.com/glossar/oversized/; https://eskyna.com/glossar/proportion/; https://eskyna.com/glossar/volumenverteilung/; https://eskyna.com/stilfrage/","content/de/glossar/proportionsbruch.md"
"puderrosa-und-altrosa","Puderrosa und Altrosa","puderrosa-und-altrosa","https://eskyna.com/glossar/puderrosa-und-altrosa/","published","Farb-Lexikon","","puderrosa bedeutung; altrosa kombinieren; dusty rose unterschied","Natalia Kleemann","2026-07-18","https://eskyna.com/images/glossar/puderrosa-und-altrosa.png","Glossar-Illustration zu Puderrosa und Altrosa","Mauve (https://eskyna.com/glossar/mauve/); Taupe (https://eskyna.com/glossar/taupe/); Navy (https://eskyna.com/glossar/navy/); Schokoladenbraun (https://eskyna.com/glossar/schokoladenbraun/)","https://eskyna.com/glossar/anthrazit/; https://eskyna.com/glossar/navy/","content/de/glossar/puderrosa-und-altrosa.md"
"puffaermel","Puffärmel","puffaermel","https://eskyna.com/glossar/puffaermel/","published","Schnitt, Proportion & Passform","","puffärmel; was bedeutet puffärmel; puffärmel stilberatung","Natalia Kleemann","2026-07-09","https://eskyna.com/images/glossar/puffaermel.png","Editoriale Glossar-Grafik zu Puffärmel mit ruhigen Farbfeldern und feiner Linienführung","Passform (https://eskyna.com/glossar/passform/); Silhouette (https://eskyna.com/glossar/silhouette/); Proportion (https://eskyna.com/glossar/proportion/); Saumlänge (https://eskyna.com/glossar/saumlange/); Taillierung (https://eskyna.com/glossar/taillierung/)","https://eskyna.com/glossar/kategorie/schnitt-proportion-passform/; https://eskyna.com/glossar/passform/; https://eskyna.com/glossar/proportion/; https://eskyna.com/glossar/saumlange/; https://eskyna.com/glossar/silhouette/; https://eskyna.com/glossar/taillierung/; https://eskyna.com/stilfrage/","content/de/glossar/puffaermel.md"
"pullover","Pullover","pullover","https://eskyna.com/glossar/pullover/","published","Garderobe & Alltag","","pullover; was ist ein pullover; pullover kombinieren; strickpullover","Natalia Kleemann","2026-07-09","https://eskyna.com/images/glossar/pullover.png","Editoriale Grafik mit stilisiertem Pullover, Strickstruktur und warmen ruhigen Farbfeldern","Cardigan (https://eskyna.com/glossar/cardigan/); Layering (https://eskyna.com/glossar/layering/); Oversized (https://eskyna.com/glossar/oversized/); Passform (https://eskyna.com/glossar/passform/); Baumwolle (https://eskyna.com/glossar/baumwolle/)","https://eskyna.com/glossar/kategorie/garderobe-alltag/; https://eskyna.com/stilgarderobe/","content/de/glossar/pullover.md"
"pumps","Pumps","pumps","https://eskyna.com/glossar/pumps/","published","Garderobe & Alltag","","pumps; was sind pumps; pumps kombinieren","Natalia Kleemann","2026-07-09","https://eskyna.com/images/glossar/pumps.png","Editoriale Grafik mit stilisiertem Pumps, Absatz und klarer Schuhlinie","Business Casual (https://eskyna.com/glossar/business-casual/); Etuikleid (https://eskyna.com/glossar/etuikleid/); Bleistiftrock (https://eskyna.com/glossar/bleistiftrock/); Slingback (https://eskyna.com/glossar/slingback/); Loafer (https://eskyna.com/glossar/loafer/)","https://eskyna.com/glossar/kategorie/garderobe-alltag/; https://eskyna.com/stilgarderobe/","content/de/glossar/pumps.md"
"punkte","Punkte","punkte","https://eskyna.com/glossar/punkte/","published","Materialien & Details","","punkte; was bedeutet punkte; punkte stilberatung","Natalia Kleemann","2026-07-09","https://eskyna.com/images/glossar/punkte.png","Editoriale Glossar-Grafik zu Punkte mit ruhigen Farbfeldern und feiner Linienführung","Materialfall (https://eskyna.com/glossar/materialfall/); Struktur (https://eskyna.com/glossar/struktur/); Glanzgrad (https://eskyna.com/glossar/glanzgrad/); Accessoire (https://eskyna.com/glossar/accessoire/)","https://eskyna.com/glossar/accessoire/; https://eskyna.com/glossar/glanzgrad/; https://eskyna.com/glossar/kategorie/materialien-details/; https://eskyna.com/glossar/materialfall/; https://eskyna.com/glossar/struktur/; https://eskyna.com/stilfrage/","content/de/glossar/punkte.md"
"qualitaet","Qualität","qualitaet","https://eskyna.com/glossar/qualitaet/","published","Garderobe & Alltag","","qualität; was bedeutet qualität; qualität stilberatung","Natalia Kleemann","2026-07-09","https://eskyna.com/images/glossar/qualitaet.png","Editoriale Glossar-Grafik zu Qualität mit ruhigen Farbfeldern und feiner Linienführung","Capsule Wardrobe (https://eskyna.com/glossar/capsule-wardrobe/); Garderobenlogik (https://eskyna.com/glossar/garderobenlogik/); Outfit-Formel (https://eskyna.com/glossar/outfit-formel/); Key-Piece (https://eskyna.com/glossar/key-piece/); Fehlkauf (https://eskyna.com/glossar/fehlkauf/)","https://eskyna.com/glossar/capsule-wardrobe/; https://eskyna.com/glossar/fehlkauf/; https://eskyna.com/glossar/garderobenlogik/; https://eskyna.com/glossar/kategorie/garderobe-alltag/; https://eskyna.com/glossar/key-piece/; https://eskyna.com/glossar/outfit-formel/; https://eskyna.com/stilgarderobe/","content/de/glossar/qualitaet.md"
"querstreifen","Querstreifen","querstreifen","https://eskyna.com/glossar/querstreifen/","published","Materialien & Details","","querstreifen; was bedeutet querstreifen; querstreifen stilberatung","Natalia Kleemann","2026-07-09","https://eskyna.com/images/glossar/querstreifen.png","Editoriale Glossar-Grafik zu Querstreifen mit ruhigen Farbfeldern und feiner Linienführung","Materialfall (https://eskyna.com/glossar/materialfall/); Struktur (https://eskyna.com/glossar/struktur/); Glanzgrad (https://eskyna.com/glossar/glanzgrad/); Accessoire (https://eskyna.com/glossar/accessoire/)","https://eskyna.com/glossar/accessoire/; https://eskyna.com/glossar/glanzgrad/; https://eskyna.com/glossar/kategorie/materialien-details/; https://eskyna.com/glossar/materialfall/; https://eskyna.com/glossar/struktur/; https://eskyna.com/stilfrage/","content/de/glossar/querstreifen.md"
"quiet-luxury","Quiet Luxury","quiet-luxury","https://eskyna.com/glossar/quiet-luxury/","published","Stil & Wirkung","","quiet luxury; leiser luxus; eleganter stil; stilberatung","Natalia Kleemann","2026-07-09","https://eskyna.com/images/glossar/quiet-luxury.png","Editoriale Grafik mit ruhigen Naturfarben, klaren Linien und hochwertigen Materialflächen","Signature Look (https://eskyna.com/glossar/signature-look/); Key-Piece (https://eskyna.com/glossar/key-piece/); Beige (https://eskyna.com/glossar/beige/); Braun (https://eskyna.com/glossar/braun/); Navy (https://eskyna.com/glossar/navy/)","https://eskyna.com/glossar/kategorie/stil-wirkung/; https://eskyna.com/praesenz/","content/de/glossar/quiet-luxury.md"
"raffia-bag","Raffia Bag","raffia-bag","https://eskyna.com/glossar/raffia-bag/","published","Materialien & Details","","raffia bag; basttasche; naturmaterial tasche","Natalia Kleemann","2026-07-09","https://eskyna.com/images/glossar/raffia-bag.png","Glossar-Illustration zu Raffia Bag","Shopper (https://eskyna.com/glossar/shopper/); Summer Clutch (https://eskyna.com/glossar/summer-clutch/); Leinen (https://eskyna.com/glossar/leinen/); Bucket Bag (https://eskyna.com/glossar/bucket-bag/); Wochenendlook (https://eskyna.com/glossar/wochenendlook/)","https://eskyna.com/glossar/bucket-bag/; https://eskyna.com/glossar/kategorie/materialien-details/; https://eskyna.com/glossar/leinen/; https://eskyna.com/glossar/shopper/; https://eskyna.com/glossar/summer-clutch/; https://eskyna.com/glossar/wochenendlook/; https://eskyna.com/stilfrage/","content/de/glossar/raffia-bag.md"
"raffung","Raffung","raffung","https://eskyna.com/glossar/raffung/","published","Materialien & Details","","raffung; was bedeutet raffung; raffung stilberatung","Natalia Kleemann","2026-07-09","https://eskyna.com/images/glossar/raffung.png","Editoriale Glossar-Grafik zu Raffung mit ruhigen Farbfeldern und feiner Linienführung","Materialfall (https://eskyna.com/glossar/materialfall/); Struktur (https://eskyna.com/glossar/struktur/); Glanzgrad (https://eskyna.com/glossar/glanzgrad/); Accessoire (https://eskyna.com/glossar/accessoire/)","https://eskyna.com/glossar/accessoire/; https://eskyna.com/glossar/glanzgrad/; https://eskyna.com/glossar/kategorie/materialien-details/; https://eskyna.com/glossar/materialfall/; https://eskyna.com/glossar/struktur/; https://eskyna.com/stilfrage/","content/de/glossar/raffung.md"
"raglanaermel","Raglanärmel","raglanaermel","https://eskyna.com/glossar/raglanaermel/","published","Schnitt, Proportion & Passform","","raglanärmel; was bedeutet raglanärmel; raglanärmel stilberatung","Natalia Kleemann","2026-07-09","https://eskyna.com/images/glossar/raglanaermel.png","Editoriale Glossar-Grafik zu Raglanärmel mit ruhigen Farbfeldern und feiner Linienführung","Passform (https://eskyna.com/glossar/passform/); Silhouette (https://eskyna.com/glossar/silhouette/); Proportion (https://eskyna.com/glossar/proportion/); Saumlänge (https://eskyna.com/glossar/saumlange/); Taillierung (https://eskyna.com/glossar/taillierung/)","https://eskyna.com/glossar/kategorie/schnitt-proportion-passform/; https://eskyna.com/glossar/passform/; https://eskyna.com/glossar/proportion/; https://eskyna.com/glossar/saumlange/; https://eskyna.com/glossar/silhouette/; https://eskyna.com/glossar/taillierung/; https://eskyna.com/stilfrage/","content/de/glossar/raglanaermel.md"
"rapport-musterwiederholung","Rapport/Musterwiederholung","rapport-musterwiederholung","https://eskyna.com/glossar/rapport-musterwiederholung/","published","Schnitt, Proportion & Passform","","rapport musterwiederholung; was ist rapport/musterwiederholung; rapport/musterwiederholung","Natalia Kleemann","2026-07-18","https://eskyna.com/images/glossar/rapport-musterwiederholung.png","Glossar-Illustration zu Rapport/Musterwiederholung","","","content/de/glossar/rapport-musterwiederholung.md"
"rechteck-silhouette","Rechteck-Silhouette","rechteck-silhouette","https://eskyna.com/glossar/rechteck-silhouette/","published","Schnitt, Proportion & Passform","","rechteck-silhouette; rectangle silhouette; gerade figur","Natalia Kleemann","2026-07-09","https://eskyna.com/images/glossar/rechteck-silhouette.png","Glossar-Illustration zu Rechteck-Silhouette","Silhouette (https://eskyna.com/glossar/silhouette/); H-Linie (https://eskyna.com/glossar/h-linie/); Androgyne Figur (https://eskyna.com/glossar/androgyne-figur/); Körperform (https://eskyna.com/glossar/koerperform/); Proportion (https://eskyna.com/glossar/proportion/)","https://eskyna.com/glossar/androgyne-figur/; https://eskyna.com/glossar/h-linie/; https://eskyna.com/glossar/kategorie/schnitt-proportion-passform/; https://eskyna.com/glossar/koerperform/; https://eskyna.com/glossar/proportion/; https://eskyna.com/glossar/silhouette/; https://eskyna.com/stilfrage/","content/de/glossar/rechteck-silhouette.md"
"regular-fit","Regular Fit","regular-fit","https://eskyna.com/glossar/regular-fit/","published","Schnitt, Proportion & Passform","","regular fit; was bedeutet regular fit; regular fit stilberatung","Natalia Kleemann","2026-07-09","https://eskyna.com/images/glossar/regular-fit.png","Editoriale Glossar-Grafik zu Regular Fit mit ruhigen Farbfeldern und feiner Linienführung","Passform (https://eskyna.com/glossar/passform/); Silhouette (https://eskyna.com/glossar/silhouette/); Proportion (https://eskyna.com/glossar/proportion/); Saumlänge (https://eskyna.com/glossar/saumlange/); Taillierung (https://eskyna.com/glossar/taillierung/)","https://eskyna.com/glossar/kategorie/schnitt-proportion-passform/; https://eskyna.com/glossar/passform/; https://eskyna.com/glossar/proportion/; https://eskyna.com/glossar/saumlange/; https://eskyna.com/glossar/silhouette/; https://eskyna.com/glossar/taillierung/; https://eskyna.com/stilfrage/","content/de/glossar/regular-fit.md"
"reinweiss","Reinweiß","reinweiss","https://eskyna.com/glossar/reinweiss/","published","Farbberatung & Farbe","","reinweiss; reines weiss; kühles weiss","Natalia Kleemann","2026-07-09","https://eskyna.com/images/glossar/reinweiss.png","Glossar-Illustration zu Reinweiß","Weiss (https://eskyna.com/glossar/weiss/); Creme (https://eskyna.com/glossar/creme/); Cremeweiss (https://eskyna.com/glossar/cremeweiss/); Unterton (https://eskyna.com/glossar/unterton/); Wintertyp (https://eskyna.com/glossar/wintertyp/)","https://eskyna.com/glossar/creme/; https://eskyna.com/glossar/cremeweiss/; https://eskyna.com/glossar/kategorie/farbberatung-farbe/; https://eskyna.com/glossar/unterton/; https://eskyna.com/glossar/weiss/; https://eskyna.com/glossar/wintertyp/; https://eskyna.com/stilgefuehl/","content/de/glossar/reinweiss.md"
"reise-capsule","Reise-Capsule","reise-capsule","https://eskyna.com/glossar/reise-capsule/","published","Garderobe & Alltag","","reise-capsule; was bedeutet reise-capsule; reise-capsule stilberatung","Natalia Kleemann","2026-07-09","https://eskyna.com/images/glossar/reise-capsule.png","Editoriale Glossar-Grafik zu Reise-Capsule mit ruhigen Farbfeldern und feiner Linienführung","Capsule Wardrobe (https://eskyna.com/glossar/capsule-wardrobe/); Garderobenlogik (https://eskyna.com/glossar/garderobenlogik/); Outfit-Formel (https://eskyna.com/glossar/outfit-formel/); Key-Piece (https://eskyna.com/glossar/key-piece/); Fehlkauf (https://eskyna.com/glossar/fehlkauf/)","https://eskyna.com/glossar/capsule-wardrobe/; https://eskyna.com/glossar/fehlkauf/; https://eskyna.com/glossar/garderobenlogik/; https://eskyna.com/glossar/kategorie/garderobe-alltag/; https://eskyna.com/glossar/key-piece/; https://eskyna.com/glossar/outfit-formel/; https://eskyna.com/stilgarderobe/","content/de/glossar/reise-capsule.md"
"reisegarderobe","Reisegarderobe","reisegarderobe","https://eskyna.com/glossar/reisegarderobe/","published","Garderobe & Alltag","","reisegarderobe; was bedeutet reisegarderobe; reisegarderobe stilberatung","Natalia Kleemann","2026-07-09","https://eskyna.com/images/glossar/reisegarderobe.png","Editoriale Glossar-Grafik zu Reisegarderobe mit ruhigen Farbfeldern und feiner Linienführung","Capsule Wardrobe (https://eskyna.com/glossar/capsule-wardrobe/); Garderobenlogik (https://eskyna.com/glossar/garderobenlogik/); Outfit-Formel (https://eskyna.com/glossar/outfit-formel/); Key-Piece (https://eskyna.com/glossar/key-piece/); Fehlkauf (https://eskyna.com/glossar/fehlkauf/)","https://eskyna.com/glossar/capsule-wardrobe/; https://eskyna.com/glossar/fehlkauf/; https://eskyna.com/glossar/garderobenlogik/; https://eskyna.com/glossar/kategorie/garderobe-alltag/; https://eskyna.com/glossar/key-piece/; https://eskyna.com/glossar/outfit-formel/; https://eskyna.com/stilgarderobe/","content/de/glossar/reisegarderobe.md"
"reissverschluss","Reißverschluss","reissverschluss","https://eskyna.com/glossar/reissverschluss/","published","Materialien & Details","","reißverschluss; was bedeutet reißverschluss; reißverschluss stilberatung","Natalia Kleemann","2026-07-09","https://eskyna.com/images/glossar/reissverschluss.png","Editoriale Glossar-Grafik zu Reißverschluss mit ruhigen Farbfeldern und feiner Linienführung","Materialfall (https://eskyna.com/glossar/materialfall/); Struktur (https://eskyna.com/glossar/struktur/); Glanzgrad (https://eskyna.com/glossar/glanzgrad/); Accessoire (https://eskyna.com/glossar/accessoire/); Qualität (https://eskyna.com/glossar/qualitaet/)","https://eskyna.com/glossar/accessoire/; https://eskyna.com/glossar/glanzgrad/; https://eskyna.com/glossar/kategorie/materialien-details/; https://eskyna.com/glossar/materialfall/; https://eskyna.com/glossar/qualitaet/; https://eskyna.com/glossar/struktur/; https://eskyna.com/stilfrage/","content/de/glossar/reissverschluss.md"
"relaxed-fit","Relaxed Fit","relaxed-fit","https://eskyna.com/glossar/relaxed-fit/","published","Schnitt, Proportion & Passform","","relaxed fit; was bedeutet relaxed fit; relaxed fit stilberatung","Natalia Kleemann","2026-07-09","https://eskyna.com/images/glossar/relaxed-fit.png","Editoriale Glossar-Grafik zu Relaxed Fit mit ruhigen Farbfeldern und feiner Linienführung","Passform (https://eskyna.com/glossar/passform/); Silhouette (https://eskyna.com/glossar/silhouette/); Proportion (https://eskyna.com/glossar/proportion/); Saumlänge (https://eskyna.com/glossar/saumlange/); Taillierung (https://eskyna.com/glossar/taillierung/)","https://eskyna.com/glossar/kategorie/schnitt-proportion-passform/; https://eskyna.com/glossar/passform/; https://eskyna.com/glossar/proportion/; https://eskyna.com/glossar/saumlange/; https://eskyna.com/glossar/silhouette/; https://eskyna.com/glossar/taillierung/; https://eskyna.com/stilfrage/","content/de/glossar/relaxed-fit.md"
"resort-casual","Resort Casual","resort-casual","https://eskyna.com/glossar/resort-casual/","published","Garderobe & Alltag","","resort casual; resort casual outfit; urlaub elegant","Natalia Kleemann","2026-07-09","https://eskyna.com/images/glossar/resort-casual.png","Glossar-Illustration zu Resort Casual","Beach Formal (https://eskyna.com/glossar/beach-formal/); Garden Party Attire (https://eskyna.com/glossar/garden-party-attire/); Casual (https://eskyna.com/glossar/casual/); Smart Casual (https://eskyna.com/glossar/smart-casual/); Leinen (https://eskyna.com/glossar/leinen/)","https://eskyna.com/glossar/beach-formal/; https://eskyna.com/glossar/casual/; https://eskyna.com/glossar/garden-party-attire/; https://eskyna.com/glossar/kategorie/garderobe-alltag/; https://eskyna.com/glossar/leinen/; https://eskyna.com/glossar/smart-casual/; https://eskyna.com/stilgarderobe/","content/de/glossar/resort-casual.md"
"retro","Retro","retro","https://eskyna.com/glossar/retro/","published","Stil & Wirkung","","retro; was bedeutet retro; retro stilberatung","Natalia Kleemann","2026-07-09","https://eskyna.com/images/glossar/retro.png","Editoriale Glossar-Grafik zu Retro mit ruhigen Farbfeldern und feiner Linienführung","Signature Look (https://eskyna.com/glossar/signature-look/); Wirkung (https://eskyna.com/glossar/wirkung/); Personal Style (https://eskyna.com/glossar/personal-style/); Garderobenlogik (https://eskyna.com/glossar/garderobenlogik/)","https://eskyna.com/glossar/garderobenlogik/; https://eskyna.com/glossar/kategorie/stil-wirkung/; https://eskyna.com/glossar/personal-style/; https://eskyna.com/glossar/signature-look/; https://eskyna.com/glossar/wirkung/; https://eskyna.com/praesenz/","content/de/glossar/retro.md"
"retro-clog","Retro Clog","retro-clog","https://eskyna.com/glossar/retro-clog/","published","Schuhe","","retro clog; clog; holzsohlen schuh","Natalia Kleemann","2026-07-09","https://eskyna.com/images/glossar/retro-clog.png","Glossar-Illustration zu Retro Clog","Mule (https://eskyna.com/glossar/mule/); Loafer (https://eskyna.com/glossar/loafer/); Casual (https://eskyna.com/glossar/casual/); Scandinavian Style (https://eskyna.com/glossar/scandinavian-style/); Saumlänge (https://eskyna.com/glossar/saumlange/)","https://eskyna.com/glossar/casual/; https://eskyna.com/glossar/kategorie/schuhe/; https://eskyna.com/glossar/loafer/; https://eskyna.com/glossar/mule/; https://eskyna.com/glossar/saumlange/; https://eskyna.com/glossar/scandinavian-style/; https://eskyna.com/stilfrage/","content/de/glossar/retro-clog.md"
"revers","Revers","revers","https://eskyna.com/glossar/revers/","published","Materialien & Details","","revers; was bedeutet revers; revers stilberatung","Natalia Kleemann","2026-07-09","https://eskyna.com/images/glossar/revers.png","Editoriale Glossar-Grafik zu Revers mit ruhigen Farbfeldern und feiner Linienführung","Materialfall (https://eskyna.com/glossar/materialfall/); Struktur (https://eskyna.com/glossar/struktur/); Glanzgrad (https://eskyna.com/glossar/glanzgrad/); Accessoire (https://eskyna.com/glossar/accessoire/)","https://eskyna.com/glossar/accessoire/; https://eskyna.com/glossar/glanzgrad/; https://eskyna.com/glossar/kategorie/materialien-details/; https://eskyna.com/glossar/materialfall/; https://eskyna.com/glossar/struktur/; https://eskyna.com/stilfrage/","content/de/glossar/revers.md"
"ring","Ring","ring","https://eskyna.com/glossar/ring/","published","Materialien & Details","","ring; was bedeutet ring; ring stilberatung","Natalia Kleemann","2026-07-09","https://eskyna.com/images/glossar/ring.png","Editoriale Glossar-Grafik zu Ring mit ruhigen Farbfeldern und feiner Linienführung","Materialfall (https://eskyna.com/glossar/materialfall/); Struktur (https://eskyna.com/glossar/struktur/); Glanzgrad (https://eskyna.com/glossar/glanzgrad/); Accessoire (https://eskyna.com/glossar/accessoire/)","https://eskyna.com/glossar/accessoire/; https://eskyna.com/glossar/glanzgrad/; https://eskyna.com/glossar/kategorie/materialien-details/; https://eskyna.com/glossar/materialfall/; https://eskyna.com/glossar/struktur/; https://eskyna.com/stilfrage/","content/de/glossar/ring.md"
"rippstrick","Rippstrick","rippstrick","https://eskyna.com/glossar/rippstrick/","published","Materialien & Details","","rippstrick; was bedeutet rippstrick; rippstrick stilberatung","Natalia Kleemann","2026-07-09","https://eskyna.com/images/glossar/rippstrick.png","Editoriale Glossar-Grafik zu Rippstrick mit ruhigen Farbfeldern und feiner Linienführung","Materialfall (https://eskyna.com/glossar/materialfall/); Struktur (https://eskyna.com/glossar/struktur/); Glanzgrad (https://eskyna.com/glossar/glanzgrad/); Accessoire (https://eskyna.com/glossar/accessoire/)","https://eskyna.com/glossar/accessoire/; https://eskyna.com/glossar/glanzgrad/; https://eskyna.com/glossar/kategorie/materialien-details/; https://eskyna.com/glossar/materialfall/; https://eskyna.com/glossar/struktur/; https://eskyna.com/stilfrage/","content/de/glossar/rippstrick.md"
"rock","Rock","rock","https://eskyna.com/glossar/rock/","published","Garderobe & Alltag","","rock; was bedeutet rock; rock stilberatung","Natalia Kleemann","2026-07-09","https://eskyna.com/images/glossar/rock.png","Editoriale Glossar-Grafik zu Rock mit ruhigen Farbfeldern und feiner Linienführung","Capsule Wardrobe (https://eskyna.com/glossar/capsule-wardrobe/); Garderobenlogik (https://eskyna.com/glossar/garderobenlogik/); Outfit-Formel (https://eskyna.com/glossar/outfit-formel/); Key-Piece (https://eskyna.com/glossar/key-piece/); Fehlkauf (https://eskyna.com/glossar/fehlkauf/)","https://eskyna.com/glossar/capsule-wardrobe/; https://eskyna.com/glossar/fehlkauf/; https://eskyna.com/glossar/garderobenlogik/; https://eskyna.com/glossar/kategorie/garderobe-alltag/; https://eskyna.com/glossar/key-piece/; https://eskyna.com/glossar/outfit-formel/; https://eskyna.com/stilgarderobe/","content/de/glossar/rock.md"
"rocklange","Rocklänge","rocklange","https://eskyna.com/glossar/rocklange/","published","Schnitt, Proportion & Passform","","","Natalia Kleemann","2026-07-09","https://eskyna.com/images/glossar/rocklange.png","Editoriale Grafik mit unterschiedlichen Rocklängen und ruhigen Proportionslinien","Kontrast (https://eskyna.com/glossar/kontrast/); Proportion (https://eskyna.com/glossar/proportion/); Silhouette (https://eskyna.com/glossar/silhouette/); Passform (https://eskyna.com/glossar/passform/); Outfit-Formel (https://eskyna.com/glossar/outfit-formel/)","","content/de/glossar/rocklange.md"
"rollkragen","Rollkragen","rollkragen","https://eskyna.com/glossar/rollkragen/","published","Materialien & Details","","rollkragen; was bedeutet rollkragen; rollkragen stilberatung","Natalia Kleemann","2026-07-09","https://eskyna.com/images/glossar/rollkragen.png","Editoriale Glossar-Grafik zu Rollkragen mit ruhigen Farbfeldern und feiner Linienführung","Materialfall (https://eskyna.com/glossar/materialfall/); Struktur (https://eskyna.com/glossar/struktur/); Glanzgrad (https://eskyna.com/glossar/glanzgrad/); Accessoire (https://eskyna.com/glossar/accessoire/)","https://eskyna.com/glossar/accessoire/; https://eskyna.com/glossar/glanzgrad/; https://eskyna.com/glossar/kategorie/materialien-details/; https://eskyna.com/glossar/materialfall/; https://eskyna.com/glossar/struktur/; https://eskyna.com/stilfrage/","content/de/glossar/rollkragen.md"
"rollkragenpullover","Rollkragenpullover","rollkragenpullover","https://eskyna.com/glossar/rollkragenpullover/","published","Materialien & Details","","rollkragenpullover; was bedeutet rollkragenpullover; rollkragenpullover stilberatung","Natalia Kleemann","2026-07-09","https://eskyna.com/images/glossar/rollkragenpullover.png","Editoriale Glossar-Grafik zu Rollkragenpullover mit ruhigen Farbfeldern und feiner Linienführung","Materialfall (https://eskyna.com/glossar/materialfall/); Struktur (https://eskyna.com/glossar/struktur/); Glanzgrad (https://eskyna.com/glossar/glanzgrad/); Accessoire (https://eskyna.com/glossar/accessoire/)","https://eskyna.com/glossar/accessoire/; https://eskyna.com/glossar/glanzgrad/; https://eskyna.com/glossar/kategorie/materialien-details/; https://eskyna.com/glossar/materialfall/; https://eskyna.com/glossar/struktur/; https://eskyna.com/stilfrage/","content/de/glossar/rollkragenpullover.md"
"romantisch","Romantisch","romantisch","https://eskyna.com/glossar/romantisch/","published","Stil & Wirkung","","romantisch; was bedeutet romantisch; romantisch stilberatung","Natalia Kleemann","2026-07-09","https://eskyna.com/images/glossar/romantisch.png","Editoriale Glossar-Grafik zu Romantisch mit ruhigen Farbfeldern und feiner Linienführung","Signature Look (https://eskyna.com/glossar/signature-look/); Wirkung (https://eskyna.com/glossar/wirkung/); Personal Style (https://eskyna.com/glossar/personal-style/); Garderobenlogik (https://eskyna.com/glossar/garderobenlogik/)","https://eskyna.com/glossar/garderobenlogik/; https://eskyna.com/glossar/kategorie/stil-wirkung/; https://eskyna.com/glossar/personal-style/; https://eskyna.com/glossar/signature-look/; https://eskyna.com/glossar/wirkung/; https://eskyna.com/praesenz/","content/de/glossar/romantisch.md"
"rosa","Rosa","rosa","https://eskyna.com/glossar/rosa/","published","Farb-Lexikon","","rosa kleidung; rosa kombinieren; farbberatung; stilberatung","Natalia Kleemann","2026-07-09","https://eskyna.com/images/glossar/rosa.png","Editoriale Grafik mit Rosa-Nuancen, feinen Stoffflächen und ruhigen Kombinationsfarben","Rot (https://eskyna.com/glossar/rot/); Bordeaux (https://eskyna.com/glossar/bordeaux/); Farbtyp (https://eskyna.com/glossar/farbtyp/); Unterton (https://eskyna.com/glossar/unterton/); Kontrast (https://eskyna.com/glossar/kontrast/); Pink (https://eskyna.com/glossar/pink/); Lila (https://eskyna.com/glossar/lila/); Fuchsia (https://eskyna.com/glossar/fuchsia/); Roségold (https://eskyna.com/glossar/rosegold/)","","content/de/glossar/rosa.md"
"rosegold","Roségold","rosegold","https://eskyna.com/glossar/rosegold/","published","Farb-Lexikon","","roségold kombinieren; rosegold schmuck; roségold kleidung; metallic","Natalia Kleemann","2026-07-09","https://eskyna.com/images/glossar/rosegold.png","Editoriale Grafik zu Roségold mit Farbfeldern, Materialflächen und ruhigen Kombinationsakzenten","Metallic (https://eskyna.com/glossar/metallic/); Gold (https://eskyna.com/glossar/gold/); Silber (https://eskyna.com/glossar/silber/); Rosa (https://eskyna.com/glossar/rosa/); Creme (https://eskyna.com/glossar/creme/)","https://eskyna.com/glossar/kategorie/farb-lexikon/; https://eskyna.com/stilgefuehl/","content/de/glossar/rosegold.md"
"rostorange","Rostorange","rostorange","https://eskyna.com/glossar/rostorange/","published","Farb-Lexikon","","rostorange bedeutung; rostorange kombinieren; rostorange vs terracotta","Natalia Kleemann","2026-07-18","https://eskyna.com/images/glossar/rostorange.png","Glossar-Illustration zu Rostorange","Terracotta (https://eskyna.com/glossar/terracotta/); Ocker (https://eskyna.com/glossar/ocker/); Schokoladenbraun (https://eskyna.com/glossar/schokoladenbraun/); Petrol (https://eskyna.com/glossar/petrol/)","https://eskyna.com/glossar/denim/; https://eskyna.com/glossar/navy/","content/de/glossar/rostorange.md"
"rot","Rot","rot","https://eskyna.com/glossar/rot/","published","Farb-Lexikon","","rot kleidung; rot kombinieren; farbberatung; stilberatung","Natalia Kleemann","2026-07-09","https://eskyna.com/images/glossar/rot.png","Editoriale Grafik mit roten Farbfeldern, Kontrastflächen und ruhigen Stofflagen","Bordeaux (https://eskyna.com/glossar/bordeaux/); Rosa (https://eskyna.com/glossar/rosa/); Schwarz (https://eskyna.com/glossar/schwarz/); Navy (https://eskyna.com/glossar/navy/); Kontrast (https://eskyna.com/glossar/kontrast/); Orange (https://eskyna.com/glossar/orange/); Pink (https://eskyna.com/glossar/pink/)","","content/de/glossar/rot.md"
"rundhalsausschnitt","Rundhalsausschnitt","rundhalsausschnitt","https://eskyna.com/glossar/rundhalsausschnitt/","published","Materialien & Details","","rundhalsausschnitt; was bedeutet rundhalsausschnitt; rundhalsausschnitt stilberatung","Natalia Kleemann","2026-07-09","https://eskyna.com/images/glossar/rundhalsausschnitt.png","Editoriale Glossar-Grafik zu Rundhalsausschnitt mit ruhigen Farbfeldern und feiner Linienführung","Materialfall (https://eskyna.com/glossar/materialfall/); Struktur (https://eskyna.com/glossar/struktur/); Glanzgrad (https://eskyna.com/glossar/glanzgrad/); Accessoire (https://eskyna.com/glossar/accessoire/)","https://eskyna.com/glossar/accessoire/; https://eskyna.com/glossar/glanzgrad/; https://eskyna.com/glossar/kategorie/materialien-details/; https://eskyna.com/glossar/materialfall/; https://eskyna.com/glossar/struktur/; https://eskyna.com/stilfrage/","content/de/glossar/rundhalsausschnitt.md"
"ruesche","Rüsche","ruesche","https://eskyna.com/glossar/ruesche/","published","Materialien & Details","","rüsche; was bedeutet rüsche; rüsche stilberatung","Natalia Kleemann","2026-07-09","https://eskyna.com/images/glossar/ruesche.png","Editoriale Glossar-Grafik zu Rüsche mit ruhigen Farbfeldern und feiner Linienführung","Materialfall (https://eskyna.com/glossar/materialfall/); Struktur (https://eskyna.com/glossar/struktur/); Glanzgrad (https://eskyna.com/glossar/glanzgrad/); Accessoire (https://eskyna.com/glossar/accessoire/)","https://eskyna.com/glossar/accessoire/; https://eskyna.com/glossar/glanzgrad/; https://eskyna.com/glossar/kategorie/materialien-details/; https://eskyna.com/glossar/materialfall/; https://eskyna.com/glossar/struktur/; https://eskyna.com/stilfrage/","content/de/glossar/ruesche.md"
"saisonwechsel","Saisonwechsel","saisonwechsel","https://eskyna.com/glossar/saisonwechsel/","published","Garderobe & Alltag","","saisonwechsel; was bedeutet saisonwechsel; saisonwechsel stilberatung","Natalia Kleemann","2026-07-09","https://eskyna.com/images/glossar/saisonwechsel.png","Editoriale Glossar-Grafik zu Saisonwechsel mit ruhigen Farbfeldern und feiner Linienführung","Capsule Wardrobe (https://eskyna.com/glossar/capsule-wardrobe/); Garderobenlogik (https://eskyna.com/glossar/garderobenlogik/); Outfit-Formel (https://eskyna.com/glossar/outfit-formel/); Key-Piece (https://eskyna.com/glossar/key-piece/); Fehlkauf (https://eskyna.com/glossar/fehlkauf/)","https://eskyna.com/glossar/capsule-wardrobe/; https://eskyna.com/glossar/fehlkauf/; https://eskyna.com/glossar/garderobenlogik/; https://eskyna.com/glossar/kategorie/garderobe-alltag/; https://eskyna.com/glossar/key-piece/; https://eskyna.com/glossar/outfit-formel/; https://eskyna.com/stilgarderobe/","content/de/glossar/saisonwechsel.md"
"sakko","Sakko","sakko","https://eskyna.com/glossar/sakko/","published","Garderobe & Alltag","","sakko; was bedeutet sakko; sakko stilberatung","Natalia Kleemann","2026-07-09","https://eskyna.com/images/glossar/sakko.png","Editoriale Glossar-Grafik zu Sakko mit ruhigen Farbfeldern und feiner Linienführung","Capsule Wardrobe (https://eskyna.com/glossar/capsule-wardrobe/); Garderobenlogik (https://eskyna.com/glossar/garderobenlogik/); Outfit-Formel (https://eskyna.com/glossar/outfit-formel/); Key-Piece (https://eskyna.com/glossar/key-piece/); Fehlkauf (https://eskyna.com/glossar/fehlkauf/)","https://eskyna.com/glossar/capsule-wardrobe/; https://eskyna.com/glossar/fehlkauf/; https://eskyna.com/glossar/garderobenlogik/; https://eskyna.com/glossar/kategorie/garderobe-alltag/; https://eskyna.com/glossar/key-piece/; https://eskyna.com/glossar/outfit-formel/; https://eskyna.com/stilgarderobe/","content/de/glossar/sakko.md"
"salbeigruen","Salbeigrün","salbeigruen","https://eskyna.com/glossar/salbeigruen/","published","Farb-Lexikon","","salbeigrün kleidung; salbeigrün kombinieren; gedämpftes grün; farbberatung","Natalia Kleemann","2026-07-09","https://eskyna.com/images/glossar/salbeigruen.png","Editoriale Grafik zu Salbeigrün mit Farbfeldern, Materialflächen und ruhigen Kombinationsakzenten","Grün (https://eskyna.com/glossar/gruen/); Oliv (https://eskyna.com/glossar/oliv/); Beige (https://eskyna.com/glossar/beige/); Creme (https://eskyna.com/glossar/creme/); Sättigung (https://eskyna.com/glossar/saettigung/)","https://eskyna.com/glossar/kategorie/farb-lexikon/; https://eskyna.com/stilgefuehl/","content/de/glossar/salbeigruen.md"
"samt","Samt","samt","https://eskyna.com/glossar/samt/","published","Materialien & Details","","samt; was bedeutet samt; samt stilberatung","Natalia Kleemann","2026-07-09","https://eskyna.com/images/glossar/samt.png","Editoriale Glossar-Grafik zu Samt mit ruhigen Farbfeldern und feiner Linienführung","Materialfall (https://eskyna.com/glossar/materialfall/); Struktur (https://eskyna.com/glossar/struktur/); Glanzgrad (https://eskyna.com/glossar/glanzgrad/); Accessoire (https://eskyna.com/glossar/accessoire/)","https://eskyna.com/glossar/accessoire/; https://eskyna.com/glossar/glanzgrad/; https://eskyna.com/glossar/kategorie/materialien-details/; https://eskyna.com/glossar/materialfall/; https://eskyna.com/glossar/struktur/; https://eskyna.com/stilfrage/","content/de/glossar/samt.md"
"sand","Sand","sand","https://eskyna.com/glossar/sand/","published","Farb-Lexikon","","sand farbe bedeutung; sand kombinieren; sand vs camel","Natalia Kleemann","2026-07-18","https://eskyna.com/images/glossar/sand.png","Glossar-Illustration zu Sand","Beige (https://eskyna.com/glossar/beige/); Camel (https://eskyna.com/glossar/camel/); Ecru (https://eskyna.com/glossar/ecru/); Navy (https://eskyna.com/glossar/navy/)","https://eskyna.com/glossar/denim/; https://eskyna.com/glossar/navy/; https://eskyna.com/glossar/trenchcoat/","content/de/glossar/sand.md"
"sandale","Sandale","sandale","https://eskyna.com/glossar/sandale/","published","Garderobe & Alltag","","sandale; was ist eine sandale; sandalen kombinieren","Natalia Kleemann","2026-07-09","https://eskyna.com/images/glossar/sandale.png","Editoriale Grafik zu Sandale mit ruhigen Formen, Stofflinien und ESKYNA Farbwelt","Shorts (https://eskyna.com/glossar/shorts/); Bermuda (https://eskyna.com/glossar/bermuda/); Metallic (https://eskyna.com/glossar/metallic/); Gold (https://eskyna.com/glossar/gold/); Silber (https://eskyna.com/glossar/silber/)","https://eskyna.com/glossar/kategorie/garderobe-alltag/; https://eskyna.com/stilgarderobe/","content/de/glossar/sandale.md"
"sandalette","Sandalette","sandalette","https://eskyna.com/glossar/sandalette/","published","Garderobe & Alltag","","sandalette; was bedeutet sandalette; sandalette stilberatung","Natalia Kleemann","2026-07-09","https://eskyna.com/images/glossar/sandalette.png","Editoriale Glossar-Grafik zu Sandalette mit ruhigen Farbfeldern und feiner Linienführung","Capsule Wardrobe (https://eskyna.com/glossar/capsule-wardrobe/); Garderobenlogik (https://eskyna.com/glossar/garderobenlogik/); Outfit-Formel (https://eskyna.com/glossar/outfit-formel/); Key-Piece (https://eskyna.com/glossar/key-piece/); Fehlkauf (https://eskyna.com/glossar/fehlkauf/)","https://eskyna.com/glossar/capsule-wardrobe/; https://eskyna.com/glossar/fehlkauf/; https://eskyna.com/glossar/garderobenlogik/; https://eskyna.com/glossar/kategorie/garderobe-alltag/; https://eskyna.com/glossar/key-piece/; https://eskyna.com/glossar/outfit-formel/; https://eskyna.com/stilgarderobe/","content/de/glossar/sandalette.md"
"sanduhr-silhouette","Sanduhr-Silhouette","sanduhr-silhouette","https://eskyna.com/glossar/sanduhr-silhouette/","published","Schnitt, Proportion & Passform","","sanduhr-silhouette; hourglass silhouette; sichtbare taille","Natalia Kleemann","2026-07-09","https://eskyna.com/images/glossar/sanduhr-silhouette.png","Glossar-Illustration zu Sanduhr-Silhouette","Silhouette (https://eskyna.com/glossar/silhouette/); Taillierung (https://eskyna.com/glossar/taillierung/); Balance (https://eskyna.com/glossar/balance/); X-Linie (https://eskyna.com/glossar/x-linie/); Körperform (https://eskyna.com/glossar/koerperform/)","https://eskyna.com/glossar/balance/; https://eskyna.com/glossar/kategorie/schnitt-proportion-passform/; https://eskyna.com/glossar/koerperform/; https://eskyna.com/glossar/silhouette/; https://eskyna.com/glossar/taillierung/; https://eskyna.com/glossar/x-linie/; https://eskyna.com/stilfrage/","content/de/glossar/sanduhr-silhouette.md"
"sarong","Sarong","sarong","https://eskyna.com/glossar/sarong/","published","Garderobe & Alltag","","sarong; was ist sarong; sarong","Natalia Kleemann","2026-07-18","https://eskyna.com/images/glossar/sarong.png","Glossar-Illustration zu Sarong","","","content/de/glossar/sarong.md"
"satchel-bag","Satchel Bag","satchel-bag","https://eskyna.com/glossar/satchel-bag/","published","Materialien & Details","","satchel bag; messenger satchel; strukturierte umhaengetasche","Natalia Kleemann","2026-07-09","https://eskyna.com/images/glossar/satchel-bag.png","Glossar-Illustration zu Satchel Bag","Crossbody Bag (https://eskyna.com/glossar/crossbody-bag/); Preppy (https://eskyna.com/glossar/preppy/); Poetcore (https://eskyna.com/glossar/poetcore/); Business Casual (https://eskyna.com/glossar/business-casual/); Shopper (https://eskyna.com/glossar/shopper/)","https://eskyna.com/glossar/business-casual/; https://eskyna.com/glossar/crossbody-bag/; https://eskyna.com/glossar/kategorie/materialien-details/; https://eskyna.com/glossar/poetcore/; https://eskyna.com/glossar/preppy/; https://eskyna.com/glossar/shopper/; https://eskyna.com/stilfrage/","content/de/glossar/satchel-bag.md"
"satin","Satin","satin","https://eskyna.com/glossar/satin/","published","Materialien & Details","","satin; was bedeutet satin; satin stilberatung","Natalia Kleemann","2026-07-09","https://eskyna.com/images/glossar/satin.png","Editoriale Glossar-Grafik zu Satin mit ruhigen Farbfeldern und feiner Linienführung","Materialfall (https://eskyna.com/glossar/materialfall/); Struktur (https://eskyna.com/glossar/struktur/); Glanzgrad (https://eskyna.com/glossar/glanzgrad/); Accessoire (https://eskyna.com/glossar/accessoire/)","https://eskyna.com/glossar/accessoire/; https://eskyna.com/glossar/glanzgrad/; https://eskyna.com/glossar/kategorie/materialien-details/; https://eskyna.com/glossar/materialfall/; https://eskyna.com/glossar/struktur/; https://eskyna.com/stilfrage/","content/de/glossar/satin.md"
"satinrock","Satinrock","satinrock","https://eskyna.com/glossar/satinrock/","published","Kleider & Röcke","","satinrock; was ist ein satinrock; satinrock kombinieren","Natalia Kleemann","2026-07-09","https://eskyna.com/images/glossar/satinrock.png","Editoriale ESKYNA Grafik zum Glossarbegriff Satinrock mit ruhigen Formen und feinen Farbfeldern","Glanzgrad (https://eskyna.com/glossar/glanzgrad/); Materialfall (https://eskyna.com/glossar/materialfall/); Seide (https://eskyna.com/glossar/seide/); Midirock (https://eskyna.com/glossar/midirock/)","https://eskyna.com/glossar/kategorie/kleider-roecke/; https://eskyna.com/stilfrage/","content/de/glossar/satinrock.md"
"saettigung","Sättigung","saettigung","https://eskyna.com/glossar/saettigung/","published","Farbberatung & Farbe","","sättigung farbe; gedämpfte farben; kräftige farben; farbberatung","Natalia Kleemann","2026-07-09","https://eskyna.com/images/glossar/saettigung.png","Editoriale Grafik zum Glossarbegriff Sättigung mit ruhigen Farbfeldern und klarer Linienführung","Kontrast (https://eskyna.com/glossar/kontrast/); Farbtemperatur (https://eskyna.com/glossar/farbtemperatur/); Helligkeit (https://eskyna.com/glossar/helligkeit/); Pink (https://eskyna.com/glossar/pink/); Rosa (https://eskyna.com/glossar/rosa/)","https://eskyna.com/glossar/kategorie/farbberatung-farbe/; https://eskyna.com/stilgefuehl/","content/de/glossar/saettigung.md"
"saum","Saum","saum","https://eskyna.com/glossar/saum/","published","Materialien & Details","","saum; was bedeutet saum; saum stilberatung","Natalia Kleemann","2026-07-09","https://eskyna.com/images/glossar/saum.png","Editoriale Glossar-Grafik zu Saum mit ruhigen Farbfeldern und feiner Linienführung","Materialfall (https://eskyna.com/glossar/materialfall/); Struktur (https://eskyna.com/glossar/struktur/); Glanzgrad (https://eskyna.com/glossar/glanzgrad/); Accessoire (https://eskyna.com/glossar/accessoire/)","https://eskyna.com/glossar/accessoire/; https://eskyna.com/glossar/glanzgrad/; https://eskyna.com/glossar/kategorie/materialien-details/; https://eskyna.com/glossar/materialfall/; https://eskyna.com/glossar/struktur/; https://eskyna.com/stilfrage/","content/de/glossar/saum.md"
"saumlange","Saumlänge","saumlange","https://eskyna.com/glossar/saumlange/","published","Schnitt, Proportion & Passform","","saumlänge; was ist saumlänge; richtige hosenlänge; richtige rocklänge","Natalia Kleemann","2026-07-09","https://eskyna.com/images/glossar/saumlange.png","Editoriale Grafik mit Rock und Hose, markierten Saumlinien und feinen Proportionslinien","Rocklänge (https://eskyna.com/glossar/rocklange/); Proportion (https://eskyna.com/glossar/proportion/); Passform (https://eskyna.com/glossar/passform/); Silhouette (https://eskyna.com/glossar/silhouette/); Layering (https://eskyna.com/glossar/layering/)","https://eskyna.com/glossar/kategorie/schnitt-proportion-passform/; https://eskyna.com/stilfrage/","content/de/glossar/saumlange.md"
"saumverarbeitung","Saumverarbeitung","saumverarbeitung","https://eskyna.com/glossar/saumverarbeitung/","published","Materialien & Details","","saumverarbeitung; was bedeutet saumverarbeitung; saumverarbeitung stilberatung","Natalia Kleemann","2026-07-09","https://eskyna.com/images/glossar/saumverarbeitung.png","Editoriale Glossar-Grafik zu Saumverarbeitung mit ruhigen Farbfeldern und feiner Linienführung","Materialfall (https://eskyna.com/glossar/materialfall/); Struktur (https://eskyna.com/glossar/struktur/); Glanzgrad (https://eskyna.com/glossar/glanzgrad/); Accessoire (https://eskyna.com/glossar/accessoire/); Qualität (https://eskyna.com/glossar/qualitaet/)","https://eskyna.com/glossar/accessoire/; https://eskyna.com/glossar/glanzgrad/; https://eskyna.com/glossar/kategorie/materialien-details/; https://eskyna.com/glossar/materialfall/; https://eskyna.com/glossar/qualitaet/; https://eskyna.com/glossar/struktur/; https://eskyna.com/stilfrage/","content/de/glossar/saumverarbeitung.md"
"scandinavian-style","Scandinavian Style","scandinavian-style","https://eskyna.com/glossar/scandinavian-style/","published","Stil & Wirkung","","scandinavian style; was bedeutet scandinavian style; scandinavian style stilberatung","Natalia Kleemann","2026-07-09","https://eskyna.com/images/glossar/scandinavian-style.png","Editoriale Glossar-Grafik zu Scandinavian Style mit ruhigen Farbfeldern und feiner Linienführung","Signature Look (https://eskyna.com/glossar/signature-look/); Wirkung (https://eskyna.com/glossar/wirkung/); Personal Style (https://eskyna.com/glossar/personal-style/); Garderobenlogik (https://eskyna.com/glossar/garderobenlogik/)","https://eskyna.com/glossar/garderobenlogik/; https://eskyna.com/glossar/kategorie/stil-wirkung/; https://eskyna.com/glossar/personal-style/; https://eskyna.com/glossar/signature-look/; https://eskyna.com/glossar/wirkung/; https://eskyna.com/praesenz/","content/de/glossar/scandinavian-style.md"
"scarf-styling-tuch-styling","Scarf Styling","scarf-styling-tuch-styling","https://eskyna.com/glossar/scarf-styling-tuch-styling/","published","Accessoires","","scarf styling bedeutung; tuch als gürtel; tuch styling tipps","Natalia Kleemann","2026-07-17","https://eskyna.com/images/glossar/scarf-styling-tuch-styling.png","Glossar-Illustration zu Scarf Styling","Halstuch (https://eskyna.com/glossar/halstuch/); Seidentuch (https://eskyna.com/glossar/seidentuch/); Bandana (https://eskyna.com/glossar/tie-accessories/); Capsule Wardrobe (https://eskyna.com/glossar/capsule-wardrobe/); Accessoire (https://eskyna.com/glossar/accessoire/)","https://eskyna.com/glossar/accessoire/; https://eskyna.com/glossar/capsule-wardrobe/; https://eskyna.com/glossar/halstuch/; https://eskyna.com/glossar/seidentuch/; https://eskyna.com/glossar/stoffhose/; https://eskyna.com/glossar/tie-accessories/","content/de/glossar/scarf-styling-tuch-styling.md"
"schal","Schal","schal","https://eskyna.com/glossar/schal/","published","Materialien & Details","","schal; was ist ein schal; schal kombinieren","Natalia Kleemann","2026-07-09","https://eskyna.com/images/glossar/schal.png","Editoriale Grafik zu Schal mit abstrahierten Formen, ruhigen Farbfeldern und hochwertiger Anmutung","Accessoire (https://eskyna.com/glossar/accessoire/); Seidentuch (https://eskyna.com/glossar/seidentuch/); Halstuch (https://eskyna.com/glossar/halstuch/); Farbtyp (https://eskyna.com/glossar/farbtyp/); Materialfall (https://eskyna.com/glossar/materialfall/)","https://eskyna.com/glossar/kategorie/materialien-details/; https://eskyna.com/stilfrage/","content/de/glossar/schal.md"
"schalkragen","Schalkragen","schalkragen","https://eskyna.com/glossar/schalkragen/","published","Materialien & Details","","schalkragen; was bedeutet schalkragen; schalkragen stilberatung","Natalia Kleemann","2026-07-09","https://eskyna.com/images/glossar/schalkragen.png","Editoriale Glossar-Grafik zu Schalkragen mit ruhigen Farbfeldern und feiner Linienführung","Materialfall (https://eskyna.com/glossar/materialfall/); Struktur (https://eskyna.com/glossar/struktur/); Glanzgrad (https://eskyna.com/glossar/glanzgrad/); Accessoire (https://eskyna.com/glossar/accessoire/)","https://eskyna.com/glossar/accessoire/; https://eskyna.com/glossar/glanzgrad/; https://eskyna.com/glossar/kategorie/materialien-details/; https://eskyna.com/glossar/materialfall/; https://eskyna.com/glossar/struktur/; https://eskyna.com/stilfrage/","content/de/glossar/schalkragen.md"
"schlitz","Schlitz","schlitz","https://eskyna.com/glossar/schlitz/","published","Schnitt, Proportion & Passform","","schlitz; was bedeutet schlitz; schlitz stilberatung","Natalia Kleemann","2026-07-09","https://eskyna.com/images/glossar/schlitz.png","Editoriale Glossar-Grafik zu Schlitz mit ruhigen Farbfeldern und feiner Linienführung","Passform (https://eskyna.com/glossar/passform/); Silhouette (https://eskyna.com/glossar/silhouette/); Proportion (https://eskyna.com/glossar/proportion/); Saumlänge (https://eskyna.com/glossar/saumlange/); Taillierung (https://eskyna.com/glossar/taillierung/)","https://eskyna.com/glossar/kategorie/schnitt-proportion-passform/; https://eskyna.com/glossar/passform/; https://eskyna.com/glossar/proportion/; https://eskyna.com/glossar/saumlange/; https://eskyna.com/glossar/silhouette/; https://eskyna.com/glossar/taillierung/; https://eskyna.com/stilfrage/","content/de/glossar/schlitz.md"
"schlubby-shirt","Schlubby Shirt","schlubby-shirt","https://eskyna.com/glossar/schlubby-shirt/","published","Garderobe & Alltag","","schlubby shirt; was ist ein schlubby shirt; schlubby shirt styling","Natalia Kleemann","2026-07-12","https://eskyna.com/images/glossar/schlubby-shirt.png","Glossar-Illustration zu Schlubby Shirt","Oversized (https://eskyna.com/glossar/oversized/); T-Shirt (https://eskyna.com/glossar/t-shirt/); Layering (https://eskyna.com/glossar/layering/); Satinrock (https://eskyna.com/glossar/satinrock/); Jeans (https://eskyna.com/glossar/jeans/)","https://eskyna.com/glossar/jeans/; https://eskyna.com/glossar/kurzjacke/; https://eskyna.com/glossar/layering/; https://eskyna.com/glossar/oversized/; https://eskyna.com/glossar/satinrock/; https://eskyna.com/glossar/t-shirt/","content/de/glossar/schlubby-shirt.md"
"schluppenbluse","Schluppenbluse","schluppenbluse","https://eskyna.com/glossar/schluppenbluse/","published","Garderobe & Alltag","","schluppenbluse; was ist schluppenbluse; schluppenbluse","Natalia Kleemann","2026-07-18","https://eskyna.com/images/glossar/schluppenbluse.png","Glossar-Illustration zu Schluppenbluse","","","content/de/glossar/schluppenbluse.md"
"schnitt","Schnitt","schnitt","https://eskyna.com/glossar/schnitt/","published","Schnitt, Proportion & Passform","","schnitt; was bedeutet schnitt; schnitt stilberatung","Natalia Kleemann","2026-07-09","https://eskyna.com/images/glossar/schnitt.png","Editoriale Glossar-Grafik zu Schnitt mit ruhigen Farbfeldern und feiner Linienführung","Passform (https://eskyna.com/glossar/passform/); Silhouette (https://eskyna.com/glossar/silhouette/); Proportion (https://eskyna.com/glossar/proportion/); Saumlänge (https://eskyna.com/glossar/saumlange/); Taillierung (https://eskyna.com/glossar/taillierung/)","https://eskyna.com/angebote/; https://eskyna.com/glossar/passform/; https://eskyna.com/glossar/proportion/; https://eskyna.com/glossar/saumlange/; https://eskyna.com/glossar/silhouette/; https://eskyna.com/glossar/taillierung/; https://eskyna.com/stilgefuehl/","content/de/glossar/schnitt.md"
"schnittprofil","Schnittprofil","schnittprofil","https://eskyna.com/glossar/schnittprofil/","published","Stil & Wirkung","","schnittprofil; was bedeutet schnittprofil; schnittprofil stilberatung","Natalia Kleemann","2026-07-09","https://eskyna.com/images/glossar/schnittprofil.png","Editoriale Glossar-Grafik zu Schnittprofil mit ruhigen Farbfeldern und feiner Linienführung","Signature Look (https://eskyna.com/glossar/signature-look/); Wirkung (https://eskyna.com/glossar/wirkung/); Stilberatung (https://eskyna.com/glossar/stilberatung/); Personal Style (https://eskyna.com/glossar/personal-style/); Garderobenlogik (https://eskyna.com/glossar/garderobenlogik/)","https://eskyna.com/glossar/garderobenlogik/; https://eskyna.com/glossar/kategorie/stil-wirkung/; https://eskyna.com/glossar/personal-style/; https://eskyna.com/glossar/signature-look/; https://eskyna.com/glossar/stilberatung/; https://eskyna.com/glossar/wirkung/; https://eskyna.com/praesenz/; https://eskyna.com/stilgefuehl/","content/de/glossar/schnittprofil.md"
"schokoladenbraun","Schokoladenbraun","schokoladenbraun","https://eskyna.com/glossar/schokoladenbraun/","published","Farb-Lexikon","","schokoladenbraun bedeutung; dunkelbraun kombinieren; braun statt schwarz","Natalia Kleemann","2026-07-18","https://eskyna.com/images/glossar/schokoladenbraun.png","Glossar-Illustration zu Schokoladenbraun","Braun (https://eskyna.com/glossar/braun/); Schwarz (https://eskyna.com/glossar/schwarz/); Ecru (https://eskyna.com/glossar/ecru/); Mauve (https://eskyna.com/glossar/mauve/)","https://eskyna.com/glossar/blazer/; https://eskyna.com/glossar/ecru/; https://eskyna.com/glossar/hellblau/; https://eskyna.com/glossar/mantel/","content/de/glossar/schokoladenbraun.md"
"schraegen-schnitt-bias-cut","Schrägschnitt/Bias Cut","schraegen-schnitt-bias-cut","https://eskyna.com/glossar/schraegen-schnitt-bias-cut/","published","Schnitt, Proportion & Passform","","schraegen schnitt bias cut; was ist schrägschnitt/bias cut; schrägschnitt/bias cut","Natalia Kleemann","2026-07-18","https://eskyna.com/images/glossar/schraegen-schnitt-bias-cut.png","Glossar-Illustration zu Schrägschnitt/Bias Cut","","","content/de/glossar/schraegen-schnitt-bias-cut.md"
"schuh-saum-beziehung","Schuh-Saum-Beziehung","schuh-saum-beziehung","https://eskyna.com/glossar/schuh-saum-beziehung/","published","Schnitt, Proportion & Passform","","schuh-saum-beziehung; hose schuh länge; beinlinie schuh saum","Natalia Kleemann","2026-07-09","https://eskyna.com/images/glossar/schuh-saum-beziehung.png","Glossar-Illustration zu Schuh-Saum-Beziehung","Saumlänge (https://eskyna.com/glossar/saumlange/); Beinlänge (https://eskyna.com/glossar/beinlaenge/); Schuhspitze (https://eskyna.com/glossar/schuhspitze/); Wide Leg (https://eskyna.com/glossar/wide-leg/); Kitten Heel (https://eskyna.com/glossar/kitten-heel/)","https://eskyna.com/glossar/beinlaenge/; https://eskyna.com/glossar/kategorie/schnitt-proportion-passform/; https://eskyna.com/glossar/kitten-heel/; https://eskyna.com/glossar/saumlange/; https://eskyna.com/glossar/schuhspitze/; https://eskyna.com/glossar/wide-leg/; https://eskyna.com/stilfrage/","content/de/glossar/schuh-saum-beziehung.md"
"schuhspitze","Schuhspitze","schuhspitze","https://eskyna.com/glossar/schuhspitze/","published","Garderobe & Alltag","","schuhspitze; was bedeutet schuhspitze; schuhspitze stilberatung","Natalia Kleemann","2026-07-09","https://eskyna.com/images/glossar/schuhspitze.png","Editoriale Glossar-Grafik zu Schuhspitze mit ruhigen Farbfeldern und feiner Linienführung","Capsule Wardrobe (https://eskyna.com/glossar/capsule-wardrobe/); Garderobenlogik (https://eskyna.com/glossar/garderobenlogik/); Outfit-Formel (https://eskyna.com/glossar/outfit-formel/); Key-Piece (https://eskyna.com/glossar/key-piece/); Fehlkauf (https://eskyna.com/glossar/fehlkauf/)","https://eskyna.com/glossar/capsule-wardrobe/; https://eskyna.com/glossar/fehlkauf/; https://eskyna.com/glossar/garderobenlogik/; https://eskyna.com/glossar/kategorie/garderobe-alltag/; https://eskyna.com/glossar/key-piece/; https://eskyna.com/glossar/outfit-formel/; https://eskyna.com/stilgarderobe/","content/de/glossar/schuhspitze.md"
"schuhweite","Schuhweite","schuhweite","https://eskyna.com/glossar/schuhweite/","published","Schuhe","","schuhweite; was ist schuhweite; schuhweite","Natalia Kleemann","2026-07-18","https://eskyna.com/images/glossar/schuhweite.png","Glossar-Illustration zu Schuhweite","","","content/de/glossar/schuhweite.md"
"schulter-hueft-balance","Schulter-Hüft-Balance","schulter-hueft-balance","https://eskyna.com/glossar/schulter-hueft-balance/","published","Schnitt, Proportion & Passform","","schulter-hüft-balance; oberkörper unterkörper balance; proportion outfit","Natalia Kleemann","2026-07-09","https://eskyna.com/images/glossar/schulter-hueft-balance.png","Glossar-Illustration zu Schulter-Hüft-Balance","Balance (https://eskyna.com/glossar/balance/); Silhouette (https://eskyna.com/glossar/silhouette/); Schulterlinie (https://eskyna.com/glossar/schulterlinie/); Volumenverteilung (https://eskyna.com/glossar/volumenverteilung/); Proportion (https://eskyna.com/glossar/proportion/)","https://eskyna.com/glossar/balance/; https://eskyna.com/glossar/kategorie/schnitt-proportion-passform/; https://eskyna.com/glossar/proportion/; https://eskyna.com/glossar/schulterlinie/; https://eskyna.com/glossar/silhouette/; https://eskyna.com/glossar/volumenverteilung/; https://eskyna.com/stilfrage/","content/de/glossar/schulter-hueft-balance.md"
"schulterlinie","Schulterlinie","schulterlinie","https://eskyna.com/glossar/schulterlinie/","published","Schnitt, Proportion & Passform","","schulterlinie; was bedeutet schulterlinie; schulterlinie stilberatung","Natalia Kleemann","2026-07-09","https://eskyna.com/images/glossar/schulterlinie.png","Editoriale Glossar-Grafik zu Schulterlinie mit ruhigen Farbfeldern und feiner Linienführung","Passform (https://eskyna.com/glossar/passform/); Silhouette (https://eskyna.com/glossar/silhouette/); Proportion (https://eskyna.com/glossar/proportion/); Saumlänge (https://eskyna.com/glossar/saumlange/); Taillierung (https://eskyna.com/glossar/taillierung/)","https://eskyna.com/glossar/kategorie/schnitt-proportion-passform/; https://eskyna.com/glossar/passform/; https://eskyna.com/glossar/proportion/; https://eskyna.com/glossar/saumlange/; https://eskyna.com/glossar/silhouette/; https://eskyna.com/glossar/taillierung/; https://eskyna.com/stilfrage/","content/de/glossar/schulterlinie.md"
"schulterpolster","Schulterpolster","schulterpolster","https://eskyna.com/glossar/schulterpolster/","published","Materialien & Details","","schulterpolster; was bedeutet schulterpolster; schulterpolster stilberatung","Natalia Kleemann","2026-07-09","https://eskyna.com/images/glossar/schulterpolster.png","Editoriale Glossar-Grafik zu Schulterpolster mit ruhigen Farbfeldern und feiner Linienführung","Materialfall (https://eskyna.com/glossar/materialfall/); Struktur (https://eskyna.com/glossar/struktur/); Glanzgrad (https://eskyna.com/glossar/glanzgrad/); Accessoire (https://eskyna.com/glossar/accessoire/); Qualität (https://eskyna.com/glossar/qualitaet/)","https://eskyna.com/glossar/accessoire/; https://eskyna.com/glossar/glanzgrad/; https://eskyna.com/glossar/kategorie/materialien-details/; https://eskyna.com/glossar/materialfall/; https://eskyna.com/glossar/qualitaet/; https://eskyna.com/glossar/struktur/; https://eskyna.com/stilfrage/","content/de/glossar/schulterpolster.md"
"schwarz","Schwarz","schwarz","https://eskyna.com/glossar/schwarz/","published","Farb-Lexikon","","schwarz kleidung; schwarz kombinieren; farbberatung; stilberatung","Natalia Kleemann","2026-07-09","https://eskyna.com/images/glossar/schwarz.png","Editoriale Grafik mit schwarzen Stoffflächen, Kontrastlinien und warmen Akzenten","Weiß (https://eskyna.com/glossar/weiss/); Navy (https://eskyna.com/glossar/navy/); Kontrast (https://eskyna.com/glossar/kontrast/); Unterton (https://eskyna.com/glossar/unterton/); Farbtyp (https://eskyna.com/glossar/farbtyp/); Grau (https://eskyna.com/glossar/grau/); Neutrale Farben (https://eskyna.com/glossar/neutrale-farben/)","","content/de/glossar/schwarz.md"
"secondhand","Secondhand","secondhand","https://eskyna.com/glossar/secondhand/","published","Garderobe & Alltag","","secondhand; was bedeutet secondhand; secondhand stilberatung","Natalia Kleemann","2026-07-09","https://eskyna.com/images/glossar/secondhand.png","Editoriale Glossar-Grafik zu Secondhand mit ruhigen Farbfeldern und feiner Linienführung","Capsule Wardrobe (https://eskyna.com/glossar/capsule-wardrobe/); Garderobenlogik (https://eskyna.com/glossar/garderobenlogik/); Outfit-Formel (https://eskyna.com/glossar/outfit-formel/); Key-Piece (https://eskyna.com/glossar/key-piece/); Fehlkauf (https://eskyna.com/glossar/fehlkauf/)","https://eskyna.com/glossar/capsule-wardrobe/; https://eskyna.com/glossar/fehlkauf/; https://eskyna.com/glossar/garderobenlogik/; https://eskyna.com/glossar/kategorie/garderobe-alltag/; https://eskyna.com/glossar/key-piece/; https://eskyna.com/glossar/outfit-formel/; https://eskyna.com/stilgarderobe/","content/de/glossar/secondhand.md"
"seersucker","Seersucker","seersucker","https://eskyna.com/glossar/seersucker/","published","Materialien & Details","","seersucker; was ist seersucker; seersucker","Natalia Kleemann","2026-07-18","https://eskyna.com/images/glossar/seersucker.png","Glossar-Illustration zu Seersucker","","","content/de/glossar/seersucker.md"
"seide","Seide","seide","https://eskyna.com/glossar/seide/","published","Materialien & Details","","seide; was ist seide; seide kleidung; seidenbluse","Natalia Kleemann","2026-07-09","https://eskyna.com/images/glossar/seide.png","Editoriale Grafik mit schimmernder Seidenbahn, feiner Lichtkante und ruhigen Farbfeldern","Glanzgrad (https://eskyna.com/glossar/glanzgrad/); Materialfall (https://eskyna.com/glossar/materialfall/); Viskose (https://eskyna.com/glossar/viskose/); Struktur (https://eskyna.com/glossar/struktur/); Rosa (https://eskyna.com/glossar/rosa/); Camisole (https://eskyna.com/glossar/camisole/); Slip Dress (https://eskyna.com/glossar/slip-dress/)","https://eskyna.com/glossar/kategorie/materialien-details/; https://eskyna.com/stilfrage/","content/de/glossar/seide.md"
"seidentuch","Seidentuch","seidentuch","https://eskyna.com/glossar/seidentuch/","published","Materialien & Details","","seidentuch; was ist ein seidentuch; seidentuch binden","Natalia Kleemann","2026-07-09","https://eskyna.com/images/glossar/seidentuch.png","Editoriale Grafik zu Seidentuch mit abstrahierten Formen, ruhigen Farbfeldern und hochwertiger Anmutung","Schal (https://eskyna.com/glossar/schal/); Halstuch (https://eskyna.com/glossar/halstuch/); Seide (https://eskyna.com/glossar/seide/); Glanzgrad (https://eskyna.com/glossar/glanzgrad/); Farbpalette (https://eskyna.com/glossar/farbpalette/)","https://eskyna.com/glossar/kategorie/materialien-details/; https://eskyna.com/stilfrage/","content/de/glossar/seidentuch.md"
"semi-formal","Semi Formal","semi-formal","https://eskyna.com/glossar/semi-formal/","published","Garderobe & Alltag","","semi formal; semi formal dresscode; gehobene kleidung","Natalia Kleemann","2026-07-09","https://eskyna.com/images/glossar/semi-formal.png","Glossar-Illustration zu Semi Formal","Dresscode (https://eskyna.com/glossar/dresscode/); Cocktail (https://eskyna.com/glossar/cocktail/); Black Tie (https://eskyna.com/glossar/black-tie/); Festliche Kleidung (https://eskyna.com/glossar/festliche-kleidung/); Cocktail Attire (https://eskyna.com/glossar/cocktail-attire/)","https://eskyna.com/glossar/black-tie/; https://eskyna.com/glossar/cocktail-attire/; https://eskyna.com/glossar/cocktail/; https://eskyna.com/glossar/dresscode/; https://eskyna.com/glossar/festliche-kleidung/; https://eskyna.com/glossar/kategorie/garderobe-alltag/; https://eskyna.com/stilgarderobe/","content/de/glossar/semi-formal.md"
"senfgelb","Senfgelb","senfgelb","https://eskyna.com/glossar/senfgelb/","published","Farb-Lexikon","","senfgelb kleidung; senfgelb kombinieren; senfgelbe hose; farbberatung","Natalia Kleemann","2026-07-09","https://eskyna.com/images/glossar/senfgelb.png","Editoriale Grafik zu Senfgelb mit Farbfeldern, Materialflächen und ruhigen Kombinationsakzenten","Gelb (https://eskyna.com/glossar/gelb/); Camel (https://eskyna.com/glossar/camel/); Braun (https://eskyna.com/glossar/braun/); Oliv (https://eskyna.com/glossar/oliv/); Terracotta (https://eskyna.com/glossar/terracotta/)","https://eskyna.com/glossar/kategorie/farb-lexikon/; https://eskyna.com/glossar/unterton/; https://eskyna.com/stilgefuehl/","content/de/glossar/senfgelb.md"
"shacket","Shacket","shacket","https://eskyna.com/glossar/shacket/","published","Garderobe & Alltag","","shacket; was bedeutet shacket; shacket stilberatung","Natalia Kleemann","2026-07-09","https://eskyna.com/images/glossar/shacket.png","Editoriale Glossar-Grafik zu Shacket mit ruhigen Farbfeldern und feiner Linienführung","Capsule Wardrobe (https://eskyna.com/glossar/capsule-wardrobe/); Garderobenlogik (https://eskyna.com/glossar/garderobenlogik/); Outfit-Formel (https://eskyna.com/glossar/outfit-formel/); Key-Piece (https://eskyna.com/glossar/key-piece/); Fehlkauf (https://eskyna.com/glossar/fehlkauf/)","https://eskyna.com/glossar/capsule-wardrobe/; https://eskyna.com/glossar/fehlkauf/; https://eskyna.com/glossar/garderobenlogik/; https://eskyna.com/glossar/kategorie/garderobe-alltag/; https://eskyna.com/glossar/key-piece/; https://eskyna.com/glossar/outfit-formel/; https://eskyna.com/stilgarderobe/","content/de/glossar/shacket.md"
"shift-dress","Shift Dress","shift-dress","https://eskyna.com/glossar/shift-dress/","published","Garderobe & Alltag","","shift dress; was bedeutet shift dress; shift dress stilberatung","Natalia Kleemann","2026-07-09","https://eskyna.com/images/glossar/shift-dress.png","Editoriale Glossar-Grafik zu Shift Dress mit ruhigen Farbfeldern und feiner Linienführung","Capsule Wardrobe (https://eskyna.com/glossar/capsule-wardrobe/); Garderobenlogik (https://eskyna.com/glossar/garderobenlogik/); Outfit-Formel (https://eskyna.com/glossar/outfit-formel/); Key-Piece (https://eskyna.com/glossar/key-piece/); Fehlkauf (https://eskyna.com/glossar/fehlkauf/)","https://eskyna.com/glossar/capsule-wardrobe/; https://eskyna.com/glossar/fehlkauf/; https://eskyna.com/glossar/garderobenlogik/; https://eskyna.com/glossar/kategorie/garderobe-alltag/; https://eskyna.com/glossar/key-piece/; https://eskyna.com/glossar/outfit-formel/; https://eskyna.com/stilgarderobe/","content/de/glossar/shift-dress.md"
"shopper","Shopper","shopper","https://eskyna.com/glossar/shopper/","published","Materialien & Details","","shopper; was ist ein shopper; shopper tasche","Natalia Kleemann","2026-07-09","https://eskyna.com/images/glossar/shopper.png","Editoriale Grafik zu Shopper mit abstrahierten Formen, ruhigen Farbfeldern und hochwertiger Anmutung","Tote Bag (https://eskyna.com/glossar/tote-bag/); Accessoire (https://eskyna.com/glossar/accessoire/); Crossbody Bag (https://eskyna.com/glossar/crossbody-bag/); Garderobenlogik (https://eskyna.com/glossar/garderobenlogik/); Anlassgarderobe (https://eskyna.com/glossar/anlassgarderobe/)","https://eskyna.com/glossar/kategorie/materialien-details/; https://eskyna.com/stilfrage/","content/de/glossar/shopper.md"
"shorts","Shorts","shorts","https://eskyna.com/glossar/shorts/","published","Garderobe & Alltag","","shorts; was sind shorts; shorts kombinieren","Natalia Kleemann","2026-07-09","https://eskyna.com/images/glossar/shorts.png","Editoriale Grafik zu Shorts mit ruhigen Formen, Stofflinien und ESKYNA Farbwelt","Bermuda (https://eskyna.com/glossar/bermuda/); Leinen (https://eskyna.com/glossar/leinen/); Baumwolle (https://eskyna.com/glossar/baumwolle/); Saumlänge (https://eskyna.com/glossar/saumlange/); Sandale (https://eskyna.com/glossar/sandale/)","https://eskyna.com/glossar/kategorie/garderobe-alltag/; https://eskyna.com/stilgarderobe/","content/de/glossar/shorts.md"
"sichtbarkeitslook","Sichtbarkeitslook","sichtbarkeitslook","https://eskyna.com/glossar/sichtbarkeitslook/","published","Garderobe & Alltag","","sichtbarkeitslook; outfit sichtbarkeit; social media outfit business","Natalia Kleemann","2026-07-09","https://eskyna.com/images/glossar/sichtbarkeitslook.png","Glossar-Illustration zu Sichtbarkeitslook","Personal Branding (https://eskyna.com/glossar/personal-branding/); Kamera-Look (https://eskyna.com/glossar/kamera-look/); Bühnenoutfit (https://eskyna.com/glossar/buehnenoutfit/); LinkedIn-Outfit (https://eskyna.com/glossar/linkedin-outfit/); Brand Wardrobe (https://eskyna.com/glossar/brand-wardrobe/)","https://eskyna.com/glossar/brand-wardrobe/; https://eskyna.com/glossar/buehnenoutfit/; https://eskyna.com/glossar/kamera-look/; https://eskyna.com/glossar/kategorie/garderobe-alltag/; https://eskyna.com/glossar/linkedin-outfit/; https://eskyna.com/glossar/personal-branding/; https://eskyna.com/stilgarderobe/","content/de/glossar/sichtbarkeitslook.md"
"signale","Signale","signale","https://eskyna.com/glossar/signale/","published","Stil & Wirkung","","signale; was bedeutet signale; signale stilberatung","Natalia Kleemann","2026-07-09","https://eskyna.com/images/glossar/signale.png","Editoriale Glossar-Grafik zu Signale mit ruhigen Farbfeldern und feiner Linienführung","Signature Look (https://eskyna.com/glossar/signature-look/); Wirkung (https://eskyna.com/glossar/wirkung/); Stilberatung (https://eskyna.com/glossar/stilberatung/); Personal Style (https://eskyna.com/glossar/personal-style/); Garderobenlogik (https://eskyna.com/glossar/garderobenlogik/)","https://eskyna.com/glossar/garderobenlogik/; https://eskyna.com/glossar/kategorie/stil-wirkung/; https://eskyna.com/glossar/personal-style/; https://eskyna.com/glossar/signature-look/; https://eskyna.com/glossar/stilberatung/; https://eskyna.com/glossar/wirkung/; https://eskyna.com/praesenz/","content/de/glossar/signale.md"
"signature-look","Signature Look","signature-look","https://eskyna.com/glossar/signature-look/","published","Stil & Wirkung","","signature look; personal style; stilcode; stilberatung","Natalia Kleemann","2026-07-09","https://eskyna.com/images/glossar/signature-look.png","Editoriale Grafik mit wiederkehrenden Stil-Elementen als Symbol für einen Signature Look","Stilbruch (https://eskyna.com/glossar/stilbruch/); Quiet Luxury (https://eskyna.com/glossar/quiet-luxury/); Key-Piece (https://eskyna.com/glossar/key-piece/); Statement-Piece (https://eskyna.com/glossar/statement-piece/); Garderobenlogik (https://eskyna.com/glossar/garderobenlogik/)","https://eskyna.com/angebote/; https://eskyna.com/glossar/garderobenlogik/; https://eskyna.com/glossar/key-piece/; https://eskyna.com/glossar/quiet-luxury/; https://eskyna.com/glossar/statement-piece/; https://eskyna.com/glossar/stilbruch/","content/de/glossar/signature-look.md"
"signature-farbe","Signature-Farbe","signature-farbe","https://eskyna.com/glossar/signature-farbe/","published","Farbberatung & Farbe","","signature-farbe; signaturfarbe; wiedererkennbare farbe","Natalia Kleemann","2026-07-09","https://eskyna.com/images/glossar/signature-farbe.png","Glossar-Illustration zu Signature-Farbe","Signature Look (https://eskyna.com/glossar/signature-look/); Akzentfarbe (https://eskyna.com/glossar/akzentfarbe/); Farbtyp (https://eskyna.com/glossar/farbtyp/); Personal Branding (https://eskyna.com/glossar/personal-branding/); Farbharmonie (https://eskyna.com/glossar/farbharmonie/)","https://eskyna.com/glossar/akzentfarbe/; https://eskyna.com/glossar/farbharmonie/; https://eskyna.com/glossar/farbtyp/; https://eskyna.com/glossar/kategorie/farbberatung-farbe/; https://eskyna.com/glossar/personal-branding/; https://eskyna.com/glossar/signature-look/; https://eskyna.com/stilgefuehl/","content/de/glossar/signature-farbe.md"
"silber","Silber","silber","https://eskyna.com/glossar/silber/","published","Farb-Lexikon","","silber kleidung; silber kombinieren; silberschmuck farbberatung; metallic","Natalia Kleemann","2026-07-09","https://eskyna.com/images/glossar/silber.png","Editoriale Grafik zu Silber mit Farbfeldern, Materialflächen und ruhigen Kombinationsakzenten","Feinschmuck (https://eskyna.com/glossar/feinschmuck/); Creolen (https://eskyna.com/glossar/creolen/); Metallic (https://eskyna.com/glossar/metallic/); Gold (https://eskyna.com/glossar/gold/); Grau (https://eskyna.com/glossar/grau/); Weiß (https://eskyna.com/glossar/weiss/); Glanzgrad (https://eskyna.com/glossar/glanzgrad/)","https://eskyna.com/glossar/kategorie/farb-lexikon/; https://eskyna.com/stilgefuehl/","content/de/glossar/silber.md"
"silhouette","Silhouette","silhouette","https://eskyna.com/glossar/silhouette/","published","Schnitt, Proportion & Passform","","silhouette mode; schnittform; proportionen; stilberatung","Natalia Kleemann","2026-07-09","https://eskyna.com/images/glossar/silhouette.png","Grafik mit mehreren Outfit-Silhouetten in klaren Linien","Proportion (https://eskyna.com/glossar/proportion/); Passform (https://eskyna.com/glossar/passform/); A-Linie (https://eskyna.com/glossar/a-linie/); Oversized (https://eskyna.com/glossar/oversized/); Layering (https://eskyna.com/glossar/layering/)","https://eskyna.com/glossar/kategorie/schnitt-proportion-passform/; https://eskyna.com/stilfrage/","content/de/glossar/silhouette.md"
"simultankontrast","Simultankontrast","simultankontrast","https://eskyna.com/glossar/simultankontrast/","published","Farbberatung & Farbe","","simultankontrast; was ist simultankontrast; simultankontrast","Natalia Kleemann","2026-07-18","https://eskyna.com/images/glossar/simultankontrast.png","Glossar-Illustration zu Simultankontrast","","","content/de/glossar/simultankontrast.md"
"skort","Skort","skort","https://eskyna.com/glossar/skort/","published","Garderobe & Alltag","","skort; was ist skort; skort","Natalia Kleemann","2026-07-18","https://eskyna.com/images/glossar/skort.png","Glossar-Illustration zu Skort","","","content/de/glossar/skort.md"
"slim-fit","Slim Fit","slim-fit","https://eskyna.com/glossar/slim-fit/","published","Schnitt, Proportion & Passform","","slim fit; was bedeutet slim fit; slim fit hose; schmale passform","Natalia Kleemann","2026-07-09","https://eskyna.com/images/glossar/slim-fit.png","Editoriale Grafik mit schmal geschnittener Hose, Passformlinien und ruhiger Komposition","Passform (https://eskyna.com/glossar/passform/); Proportion (https://eskyna.com/glossar/proportion/); Straight Leg (https://eskyna.com/glossar/straight-leg/); Jeans (https://eskyna.com/glossar/jeans/); Chinos (https://eskyna.com/glossar/chinos/)","https://eskyna.com/glossar/kategorie/schnitt-proportion-passform/; https://eskyna.com/stilfrage/","content/de/glossar/slim-fit.md"
"slingback","Slingback","slingback","https://eskyna.com/glossar/slingback/","published","Garderobe & Alltag","","slingback; was ist ein slingback; slingbacks kombinieren","Natalia Kleemann","2026-07-09","https://eskyna.com/images/glossar/slingback.png","Editoriale Grafik mit stilisiertem Slingback, offenem Fersenriemen und kleinem Absatz","Pumps (https://eskyna.com/glossar/pumps/); Ballerina (https://eskyna.com/glossar/ballerina/); Business Casual (https://eskyna.com/glossar/business-casual/); Kleid (https://eskyna.com/glossar/wickelkleid/); Accessoire (https://eskyna.com/glossar/accessoire/)","https://eskyna.com/glossar/kategorie/garderobe-alltag/; https://eskyna.com/stilgarderobe/","content/de/glossar/slingback.md"
"slip-dress","Slip Dress","slip-dress","https://eskyna.com/glossar/slip-dress/","published","Garderobe & Alltag","","slip dress; was ist ein slip dress; slip dress kombinieren","Natalia Kleemann","2026-07-09","https://eskyna.com/images/glossar/slip-dress.png","Editoriale Grafik mit stilisiertem Slip Dress, feinen Trägern und fließendem Glanz","Seide (https://eskyna.com/glossar/seide/); Viskose (https://eskyna.com/glossar/viskose/); Glanzgrad (https://eskyna.com/glossar/glanzgrad/); Camisole (https://eskyna.com/glossar/camisole/); Layering (https://eskyna.com/glossar/layering/)","https://eskyna.com/glossar/kategorie/garderobe-alltag/; https://eskyna.com/stilgarderobe/","content/de/glossar/slip-dress.md"
"slow-fashion","Slow Fashion","slow-fashion","https://eskyna.com/glossar/slow-fashion/","published","Garderobe & Alltag","","slow fashion; bewusster modekonsum; langlebige garderobe","Natalia Kleemann","2026-07-09","https://eskyna.com/images/glossar/slow-fashion.png","Glossar-Illustration zu Slow Fashion","Circular Fashion (https://eskyna.com/glossar/circular-fashion/); Langlebigkeit (https://eskyna.com/glossar/langlebigkeit/); Qualität (https://eskyna.com/glossar/qualitaet/); Kaufkriterien (https://eskyna.com/glossar/kaufkriterien/); Preis-pro-Tragen-Strategie (https://eskyna.com/glossar/preis-pro-tragen-strategie/)","https://eskyna.com/glossar/circular-fashion/; https://eskyna.com/glossar/kategorie/garderobe-alltag/; https://eskyna.com/glossar/kaufkriterien/; https://eskyna.com/glossar/langlebigkeit/; https://eskyna.com/glossar/preis-pro-tragen-strategie/; https://eskyna.com/glossar/qualitaet/; https://eskyna.com/stilgarderobe/","content/de/glossar/slow-fashion.md"
"smaragdgruen","Smaragdgrün","smaragdgruen","https://eskyna.com/glossar/smaragdgruen/","published","Farb-Lexikon","","smaragdgrün bedeutung; smaragdgrün kombinieren; juwelentöne styling","Natalia Kleemann","2026-07-18","https://eskyna.com/images/glossar/smaragdgruen.png","Glossar-Illustration zu Smaragdgrün","Tannengrün (https://eskyna.com/glossar/tannengruen/); Petrol (https://eskyna.com/glossar/petrol/); Navy (https://eskyna.com/glossar/navy/); Gold (https://eskyna.com/glossar/gold/)","https://eskyna.com/glossar/creme/; https://eskyna.com/glossar/navy/; https://eskyna.com/glossar/samt/","content/de/glossar/smaragdgruen.md"
"smart-casual","Smart Casual","smart-casual","https://eskyna.com/glossar/smart-casual/","published","Garderobe & Alltag","","smart casual; was bedeutet smart casual; smart casual outfit; smart casual damen","Natalia Kleemann","2026-07-09","https://eskyna.com/images/glossar/smart-casual.png","Editoriale Grafik mit Blazer, Loafer und ruhiger Kombination aus gepflegten und lässigen Formen","Business Casual (https://eskyna.com/glossar/business-casual/); Dresscode (https://eskyna.com/glossar/dresscode/); Blazer (https://eskyna.com/glossar/blazer/); Chinos (https://eskyna.com/glossar/chinos/); Loafer (https://eskyna.com/glossar/loafer/); Ballerina (https://eskyna.com/glossar/ballerina/)","https://eskyna.com/glossar/kategorie/garderobe-alltag/; https://eskyna.com/stilgarderobe/","content/de/glossar/smart-casual.md"
"smart-elegant","Smart Elegant","smart-elegant","https://eskyna.com/glossar/smart-elegant/","published","Garderobe & Alltag","","smart elegant; smart elegant outfit; gepflegt elegant","Natalia Kleemann","2026-07-09","https://eskyna.com/images/glossar/smart-elegant.png","Glossar-Illustration zu Smart Elegant","Smart Casual (https://eskyna.com/glossar/smart-casual/); Dressy Casual (https://eskyna.com/glossar/dressy-casual/); Festliche Kleidung (https://eskyna.com/glossar/festliche-kleidung/); Business Casual (https://eskyna.com/glossar/business-casual/); Dresscode (https://eskyna.com/glossar/dresscode/)","https://eskyna.com/glossar/business-casual/; https://eskyna.com/glossar/dresscode/; https://eskyna.com/glossar/dressy-casual/; https://eskyna.com/glossar/festliche-kleidung/; https://eskyna.com/glossar/kategorie/garderobe-alltag/; https://eskyna.com/glossar/smart-casual/; https://eskyna.com/stilgarderobe/","content/de/glossar/smart-elegant.md"
"smocking","Smocking","smocking","https://eskyna.com/glossar/smocking/","published","Schnitt, Proportion & Passform","","smocking; was ist smocking; smocking","Natalia Kleemann","2026-07-18","https://eskyna.com/images/glossar/smocking.png","Glossar-Illustration zu Smocking","","","content/de/glossar/smocking.md"
"smoking","Smoking","smoking","https://eskyna.com/glossar/smoking/","published","Garderobe & Alltag","","smoking; was ist smoking; smoking","Natalia Kleemann","2026-07-18","https://eskyna.com/images/glossar/smoking.png","Glossar-Illustration zu Smoking","","","content/de/glossar/smoking.md"
"sneaker","Sneaker","sneaker","https://eskyna.com/glossar/sneaker/","published","Garderobe & Alltag","","sneaker; was sind sneaker; sneaker kombinieren; klare sneaker","Natalia Kleemann","2026-07-09","https://eskyna.com/images/glossar/sneaker.png","Editoriale Grafik mit stilisiertem Sneaker, klarer Sohle und neutralen Farbfeldern","Loafer (https://eskyna.com/glossar/loafer/); Smart Casual (https://eskyna.com/glossar/smart-casual/); Jeans (https://eskyna.com/glossar/jeans/); Chinos (https://eskyna.com/glossar/chinos/); Business Casual (https://eskyna.com/glossar/business-casual/)","https://eskyna.com/glossar/kategorie/garderobe-alltag/; https://eskyna.com/stilgarderobe/","content/de/glossar/sneaker.md"
"sneakerina","Sneakerina","sneakerina","https://eskyna.com/glossar/sneakerina/","published","Schuhe","","sneakerina; sneaker ballerina; hybrid schuh","Natalia Kleemann","2026-07-09","https://eskyna.com/images/glossar/sneakerina.png","Glossar-Illustration zu Sneakerina","Ballerina (https://eskyna.com/glossar/ballerina/); Sneaker (https://eskyna.com/glossar/sneaker/); Balletcore (https://eskyna.com/glossar/balletcore/); Kitten Heel (https://eskyna.com/glossar/kitten-heel/); Mary Jane (https://eskyna.com/glossar/mary-jane/)","https://eskyna.com/glossar/ballerina/; https://eskyna.com/glossar/balletcore/; https://eskyna.com/glossar/kategorie/schuhe/; https://eskyna.com/glossar/kitten-heel/; https://eskyna.com/glossar/mary-jane/; https://eskyna.com/glossar/sneaker/; https://eskyna.com/stilfrage/","content/de/glossar/sneakerina.md"
"sommertyp","Sommertyp","sommertyp","https://eskyna.com/glossar/sommertyp/","published","Farbberatung & Farbe","","sommertyp; light summer; soft summer; cool summer; sommer farbtyp","Natalia Kleemann","2026-07-09","https://eskyna.com/images/glossar/sommertyp.png","Glossar-Illustration zu Sommertyp","Farbtyp (https://eskyna.com/glossar/farbtyp/); Unterton (https://eskyna.com/glossar/unterton/); Gedämpfte Farben (https://eskyna.com/glossar/gedaempfte-farben/); Farbtemperatur (https://eskyna.com/glossar/farbtemperatur/); Farbpass (https://eskyna.com/glossar/farbpass/)","https://eskyna.com/glossar/farbpass/; https://eskyna.com/glossar/farbtemperatur/; https://eskyna.com/glossar/farbtyp/; https://eskyna.com/glossar/gedaempfte-farben/; https://eskyna.com/glossar/kategorie/farbberatung-farbe/; https://eskyna.com/glossar/unterton/; https://eskyna.com/stilgefuehl/","content/de/glossar/sommertyp.md"
"sonnenbrille","Sonnenbrille","sonnenbrille","https://eskyna.com/glossar/sonnenbrille/","published","Materialien & Details","","sonnenbrille styling; sonnenbrille gesichtsform; sonnenbrille kombinieren","Natalia Kleemann","2026-07-09","https://eskyna.com/images/glossar/sonnenbrille.png","Editoriale Grafik zu Sonnenbrille mit abstrahierten Formen, ruhigen Farbfeldern und hochwertiger Anmutung","Brille (https://eskyna.com/glossar/brille/); Accessoire (https://eskyna.com/glossar/accessoire/); Gesichtsrahmung (https://eskyna.com/glossar/gesichtsrahmung/); Statement-Piece (https://eskyna.com/glossar/statement-piece/); Quiet Luxury (https://eskyna.com/glossar/quiet-luxury/)","https://eskyna.com/glossar/kategorie/materialien-details/; https://eskyna.com/stilfrage/","content/de/glossar/sonnenbrille.md"
"speaker-outfit","Speaker-Outfit","speaker-outfit","https://eskyna.com/glossar/speaker-outfit/","published","Garderobe & Alltag","","speaker-outfit; redner outfit; bühnenlook business","Natalia Kleemann","2026-07-09","https://eskyna.com/images/glossar/speaker-outfit.png","Glossar-Illustration zu Speaker-Outfit","Bühnenoutfit (https://eskyna.com/glossar/buehnenoutfit/); Präsenz (https://eskyna.com/glossar/praesenz/); Personal Branding (https://eskyna.com/glossar/personal-branding/); Executive Presence (https://eskyna.com/glossar/executive-presence/); Stilbotschaft (https://eskyna.com/glossar/stilbotschaft/)","https://eskyna.com/glossar/buehnenoutfit/; https://eskyna.com/glossar/executive-presence/; https://eskyna.com/glossar/kategorie/garderobe-alltag/; https://eskyna.com/glossar/personal-branding/; https://eskyna.com/glossar/praesenz/; https://eskyna.com/glossar/stilbotschaft/; https://eskyna.com/praesenz/; https://eskyna.com/stilgarderobe/","content/de/glossar/speaker-outfit.md"
"spitze","Spitze","spitze","https://eskyna.com/glossar/spitze/","published","Materialien & Details","","spitze; was bedeutet spitze; spitze stilberatung","Natalia Kleemann","2026-07-09","https://eskyna.com/images/glossar/spitze.png","Editoriale Glossar-Grafik zu Spitze mit ruhigen Farbfeldern und feiner Linienführung","Materialfall (https://eskyna.com/glossar/materialfall/); Struktur (https://eskyna.com/glossar/struktur/); Glanzgrad (https://eskyna.com/glossar/glanzgrad/); Accessoire (https://eskyna.com/glossar/accessoire/)","https://eskyna.com/glossar/accessoire/; https://eskyna.com/glossar/glanzgrad/; https://eskyna.com/glossar/kategorie/materialien-details/; https://eskyna.com/glossar/materialfall/; https://eskyna.com/glossar/struktur/; https://eskyna.com/stilfrage/","content/de/glossar/spitze.md"
"spontankauf","Spontankauf","spontankauf","https://eskyna.com/glossar/spontankauf/","published","Garderobe & Alltag","","spontankauf; was bedeutet spontankauf; spontankauf stilberatung","Natalia Kleemann","2026-07-09","https://eskyna.com/images/glossar/spontankauf.png","Editoriale Glossar-Grafik zu Spontankauf mit ruhigen Farbfeldern und feiner Linienführung","Capsule Wardrobe (https://eskyna.com/glossar/capsule-wardrobe/); Garderobenlogik (https://eskyna.com/glossar/garderobenlogik/); Outfit-Formel (https://eskyna.com/glossar/outfit-formel/); Key-Piece (https://eskyna.com/glossar/key-piece/); Fehlkauf (https://eskyna.com/glossar/fehlkauf/)","https://eskyna.com/glossar/capsule-wardrobe/; https://eskyna.com/glossar/fehlkauf/; https://eskyna.com/glossar/garderobenlogik/; https://eskyna.com/glossar/kategorie/garderobe-alltag/; https://eskyna.com/glossar/key-piece/; https://eskyna.com/glossar/outfit-formel/; https://eskyna.com/stilgarderobe/","content/de/glossar/spontankauf.md"
"sportlich","Sportlich","sportlich","https://eskyna.com/glossar/sportlich/","published","Stil & Wirkung","","sportlich; was bedeutet sportlich; sportlich stilberatung","Natalia Kleemann","2026-07-09","https://eskyna.com/images/glossar/sportlich.png","Editoriale Glossar-Grafik zu Sportlich mit ruhigen Farbfeldern und feiner Linienführung","Signature Look (https://eskyna.com/glossar/signature-look/); Wirkung (https://eskyna.com/glossar/wirkung/); Personal Style (https://eskyna.com/glossar/personal-style/); Garderobenlogik (https://eskyna.com/glossar/garderobenlogik/)","https://eskyna.com/glossar/garderobenlogik/; https://eskyna.com/glossar/kategorie/stil-wirkung/; https://eskyna.com/glossar/personal-style/; https://eskyna.com/glossar/signature-look/; https://eskyna.com/glossar/wirkung/; https://eskyna.com/praesenz/","content/de/glossar/sportlich.md"
"standesamt-look","Standesamt-Look","standesamt-look","https://eskyna.com/glossar/standesamt-look/","published","Garderobe & Alltag","","standesamt-look; was bedeutet standesamt-look; standesamt-look stilberatung","Natalia Kleemann","2026-07-09","https://eskyna.com/images/glossar/standesamt-look.png","Editoriale Glossar-Grafik zu Standesamt-Look mit ruhigen Farbfeldern und feiner Linienführung","Capsule Wardrobe (https://eskyna.com/glossar/capsule-wardrobe/); Garderobenlogik (https://eskyna.com/glossar/garderobenlogik/); Outfit-Formel (https://eskyna.com/glossar/outfit-formel/); Key-Piece (https://eskyna.com/glossar/key-piece/); Fehlkauf (https://eskyna.com/glossar/fehlkauf/)","https://eskyna.com/glossar/capsule-wardrobe/; https://eskyna.com/glossar/fehlkauf/; https://eskyna.com/glossar/garderobenlogik/; https://eskyna.com/glossar/kategorie/garderobe-alltag/; https://eskyna.com/glossar/key-piece/; https://eskyna.com/glossar/outfit-formel/; https://eskyna.com/stilgarderobe/","content/de/glossar/standesamt-look.md"
"statement-piece","Statement-Piece","statement-piece","https://eskyna.com/glossar/statement-piece/","published","Stil & Wirkung","","statement-piece; statement teil; stilbruch; outfit akzent","Natalia Kleemann","2026-07-09","https://eskyna.com/images/glossar/statement-piece.png","Editoriale Grafik mit ruhigen neutralen Flächen und einem klaren Akzent als Symbol für ein Statement-Piece","Statement-Schmuck (https://eskyna.com/glossar/statement-schmuck/); Basic (https://eskyna.com/glossar/basic/); Key-Piece (https://eskyna.com/glossar/key-piece/); Glanzgrad (https://eskyna.com/glossar/glanzgrad/); Outfit-Formel (https://eskyna.com/glossar/outfit-formel/); Signature Look (https://eskyna.com/glossar/signature-look/)","https://eskyna.com/glossar/kategorie/stil-wirkung/; https://eskyna.com/praesenz/","content/de/glossar/statement-piece.md"
"statement-schmuck","Statement-Schmuck","statement-schmuck","https://eskyna.com/glossar/statement-schmuck/","published","Materialien & Details","","statement schmuck; was ist statement-schmuck; auffälliger schmuck","Natalia Kleemann","2026-07-09","https://eskyna.com/images/glossar/statement-schmuck.png","Editoriale Grafik zu Statement-Schmuck mit abstrahierten Formen, ruhigen Farbfeldern und hochwertiger Anmutung","Statement-Piece (https://eskyna.com/glossar/statement-piece/); Accessoire (https://eskyna.com/glossar/accessoire/); Feinschmuck (https://eskyna.com/glossar/feinschmuck/); Akzentfarbe (https://eskyna.com/glossar/akzentfarbe/); Kontrast (https://eskyna.com/glossar/kontrast/)","https://eskyna.com/glossar/kategorie/materialien-details/; https://eskyna.com/stilfrage/","content/de/glossar/statement-schmuck.md"
"stehkragen","Stehkragen","stehkragen","https://eskyna.com/glossar/stehkragen/","published","Materialien & Details","","stehkragen; was bedeutet stehkragen; stehkragen stilberatung","Natalia Kleemann","2026-07-09","https://eskyna.com/images/glossar/stehkragen.png","Editoriale Glossar-Grafik zu Stehkragen mit ruhigen Farbfeldern und feiner Linienführung","Materialfall (https://eskyna.com/glossar/materialfall/); Struktur (https://eskyna.com/glossar/struktur/); Glanzgrad (https://eskyna.com/glossar/glanzgrad/); Accessoire (https://eskyna.com/glossar/accessoire/)","https://eskyna.com/glossar/accessoire/; https://eskyna.com/glossar/glanzgrad/; https://eskyna.com/glossar/kategorie/materialien-details/; https://eskyna.com/glossar/materialfall/; https://eskyna.com/glossar/struktur/; https://eskyna.com/stilfrage/","content/de/glossar/stehkragen.md"
"steppjacke","Steppjacke","steppjacke","https://eskyna.com/glossar/steppjacke/","published","Garderobe & Alltag","","steppjacke; was bedeutet steppjacke; steppjacke stilberatung","Natalia Kleemann","2026-07-09","https://eskyna.com/images/glossar/steppjacke.png","Editoriale Glossar-Grafik zu Steppjacke mit ruhigen Farbfeldern und feiner Linienführung","Capsule Wardrobe (https://eskyna.com/glossar/capsule-wardrobe/); Garderobenlogik (https://eskyna.com/glossar/garderobenlogik/); Outfit-Formel (https://eskyna.com/glossar/outfit-formel/); Key-Piece (https://eskyna.com/glossar/key-piece/); Fehlkauf (https://eskyna.com/glossar/fehlkauf/)","https://eskyna.com/glossar/capsule-wardrobe/; https://eskyna.com/glossar/fehlkauf/; https://eskyna.com/glossar/garderobenlogik/; https://eskyna.com/glossar/kategorie/garderobe-alltag/; https://eskyna.com/glossar/key-piece/; https://eskyna.com/glossar/outfit-formel/; https://eskyna.com/stilgarderobe/","content/de/glossar/steppjacke.md"
"stiefelette","Stiefelette","stiefelette","https://eskyna.com/glossar/stiefelette/","published","Garderobe & Alltag","","stiefelette; was ist eine stiefelette; stiefeletten kombinieren","Natalia Kleemann","2026-07-09","https://eskyna.com/images/glossar/stiefelette.png","Editoriale Grafik zu Stiefelette mit ruhigen Formen, Stofflinien und ESKYNA Farbwelt","Chelsea Boots (https://eskyna.com/glossar/chelsea-boots/); Saumlänge (https://eskyna.com/glossar/saumlange/); Rocklänge (https://eskyna.com/glossar/rocklange/); Materialfall (https://eskyna.com/glossar/materialfall/); Kleid (https://eskyna.com/glossar/kleid/)","https://eskyna.com/glossar/kategorie/garderobe-alltag/; https://eskyna.com/stilgarderobe/","content/de/glossar/stiefelette.md"
"stil","Stil","stil","https://eskyna.com/glossar/stil/","published","Stil & Wirkung","","stil; was bedeutet stil; stil stilberatung","Natalia Kleemann","2026-07-09","https://eskyna.com/images/glossar/stil.png","Editoriale Glossar-Grafik zu Stil mit ruhigen Farbfeldern und feiner Linienführung","Signature Look (https://eskyna.com/glossar/signature-look/); Garderobenlogik (https://eskyna.com/glossar/garderobenlogik/); Passform (https://eskyna.com/glossar/passform/); Silhouette (https://eskyna.com/glossar/silhouette/); Outfit-Formel (https://eskyna.com/glossar/outfit-formel/)","https://eskyna.com/glossar/garderobenlogik/; https://eskyna.com/glossar/kategorie/stil-wirkung/; https://eskyna.com/glossar/outfit-formel/; https://eskyna.com/glossar/passform/; https://eskyna.com/glossar/signature-look/; https://eskyna.com/glossar/silhouette/; https://eskyna.com/praesenz/","content/de/glossar/stil.md"
"stil-klarheit","Stil-Klarheit","stil-klarheit","https://eskyna.com/glossar/stil-klarheit/","published","Stil & Wirkung","","stil-klarheit; was bedeutet stil-klarheit; stil-klarheit stilberatung","Natalia Kleemann","2026-07-09","https://eskyna.com/images/glossar/stil-klarheit.png","Editoriale Glossar-Grafik zu Stil-Klarheit mit ruhigen Farbfeldern und feiner Linienführung","Signature Look (https://eskyna.com/glossar/signature-look/); Wirkung (https://eskyna.com/glossar/wirkung/); Stilberatung (https://eskyna.com/glossar/stilberatung/); Personal Style (https://eskyna.com/glossar/personal-style/); Garderobenlogik (https://eskyna.com/glossar/garderobenlogik/)","https://eskyna.com/angebote/; https://eskyna.com/glossar/garderobenlogik/; https://eskyna.com/glossar/personal-style/; https://eskyna.com/glossar/signature-look/; https://eskyna.com/glossar/stilberatung/; https://eskyna.com/glossar/wirkung/","content/de/glossar/stil-klarheit.md"
"stilanalyse","Stilanalyse","stilanalyse","https://eskyna.com/glossar/stilanalyse/","published","Stil & Wirkung","","stilanalyse; style analyse; style analyse bedeutung; style analyse stilberatung","Natalia Kleemann","2026-07-09","https://eskyna.com/images/glossar/stilanalyse.png","Glossar-Illustration zu Stilanalyse","Stil (https://eskyna.com/glossar/stil/); Signature Look (https://eskyna.com/glossar/signature-look/); Wirkung (https://eskyna.com/glossar/wirkung/); Outfit-Analyse (https://eskyna.com/glossar/outfit-analyse/); Typberatung (https://eskyna.com/glossar/typberatung/)","https://eskyna.com/angebote/; https://eskyna.com/glossar/outfit-analyse/; https://eskyna.com/glossar/signature-look/; https://eskyna.com/glossar/stil/; https://eskyna.com/glossar/typberatung/; https://eskyna.com/glossar/wirkung/","content/de/glossar/stilanalyse.md"
"stilberatung","Stilberatung","stilberatung","https://eskyna.com/glossar/stilberatung/","published","Stil & Wirkung","","stilberatung; was bedeutet stilberatung; stilberatung stilberatung","Natalia Kleemann","2026-07-09","https://eskyna.com/images/glossar/stilberatung.png","Editoriale Glossar-Grafik zu Stilberatung mit ruhigen Farbfeldern und feiner Linienführung","Signature Look (https://eskyna.com/glossar/signature-look/); Wirkung (https://eskyna.com/glossar/wirkung/); Personal Style (https://eskyna.com/glossar/personal-style/); Garderobenlogik (https://eskyna.com/glossar/garderobenlogik/)","https://eskyna.com/angebote/; https://eskyna.com/glossar/garderobenlogik/; https://eskyna.com/glossar/personal-style/; https://eskyna.com/glossar/signature-look/; https://eskyna.com/glossar/wirkung/","content/de/glossar/stilberatung.md"
"stilbotschaft","Stilbotschaft","stilbotschaft","https://eskyna.com/glossar/stilbotschaft/","published","Stil & Wirkung","","stilbotschaft; outfit botschaft; wirkung kleidung","Natalia Kleemann","2026-07-09","https://eskyna.com/images/glossar/stilbotschaft.png","Glossar-Illustration zu Stilbotschaft","Wirkung (https://eskyna.com/glossar/wirkung/); Signale (https://eskyna.com/glossar/signale/); Image (https://eskyna.com/glossar/image/); Signature Look (https://eskyna.com/glossar/signature-look/); Personal Branding (https://eskyna.com/glossar/personal-branding/)","https://eskyna.com/glossar/image/; https://eskyna.com/glossar/kategorie/stil-wirkung/; https://eskyna.com/glossar/personal-branding/; https://eskyna.com/glossar/signale/; https://eskyna.com/glossar/signature-look/; https://eskyna.com/glossar/wirkung/; https://eskyna.com/praesenz/","content/de/glossar/stilbotschaft.md"
"stilbruch","Stilbruch","stilbruch","https://eskyna.com/glossar/stilbruch/","published","Stil & Wirkung","","stilbruch; stilbruch mode; outfit kombinieren; stilberatung","Natalia Kleemann","2026-07-09","https://eskyna.com/images/glossar/stilbruch.png","Editoriale Grafik mit kontrastierenden Formen als Symbol für einen bewussten Stilbruch","Quiet Luxury (https://eskyna.com/glossar/quiet-luxury/); Signature Look (https://eskyna.com/glossar/signature-look/); Statement-Piece (https://eskyna.com/glossar/statement-piece/); Outfit-Formel (https://eskyna.com/glossar/outfit-formel/); Kontrast (https://eskyna.com/glossar/kontrast/)","https://eskyna.com/glossar/kategorie/stil-wirkung/; https://eskyna.com/praesenz/","content/de/glossar/stilbruch.md"
"stilentscheidung","Stilentscheidung","stilentscheidung","https://eskyna.com/glossar/stilentscheidung/","published","Stil & Wirkung","","stilentscheidung; was bedeutet stilentscheidung; stilentscheidung stilberatung","Natalia Kleemann","2026-07-09","https://eskyna.com/images/glossar/stilentscheidung.png","Editoriale Glossar-Grafik zu Stilentscheidung mit ruhigen Farbfeldern und feiner Linienführung","Signature Look (https://eskyna.com/glossar/signature-look/); Wirkung (https://eskyna.com/glossar/wirkung/); Stilberatung (https://eskyna.com/glossar/stilberatung/); Personal Style (https://eskyna.com/glossar/personal-style/); Garderobenlogik (https://eskyna.com/glossar/garderobenlogik/)","https://eskyna.com/glossar/garderobenlogik/; https://eskyna.com/glossar/kategorie/stil-wirkung/; https://eskyna.com/glossar/personal-style/; https://eskyna.com/glossar/signature-look/; https://eskyna.com/glossar/stilberatung/; https://eskyna.com/glossar/wirkung/; https://eskyna.com/praesenz/","content/de/glossar/stilentscheidung.md"
"stilentwicklung","Stilentwicklung","stilentwicklung","https://eskyna.com/glossar/stilentwicklung/","published","Stil & Wirkung","","stilentwicklung; was bedeutet stilentwicklung; stilentwicklung stilberatung","Natalia Kleemann","2026-07-09","https://eskyna.com/images/glossar/stilentwicklung.png","Editoriale Glossar-Grafik zu Stilentwicklung mit ruhigen Farbfeldern und feiner Linienführung","Signature Look (https://eskyna.com/glossar/signature-look/); Wirkung (https://eskyna.com/glossar/wirkung/); Stilberatung (https://eskyna.com/glossar/stilberatung/); Personal Style (https://eskyna.com/glossar/personal-style/); Garderobenlogik (https://eskyna.com/glossar/garderobenlogik/)","https://eskyna.com/glossar/garderobenlogik/; https://eskyna.com/glossar/kategorie/stil-wirkung/; https://eskyna.com/glossar/personal-style/; https://eskyna.com/glossar/signature-look/; https://eskyna.com/glossar/stilberatung/; https://eskyna.com/glossar/wirkung/; https://eskyna.com/praesenz/","content/de/glossar/stilentwicklung.md"
"stiletto","Stiletto","stiletto","https://eskyna.com/glossar/stiletto/","published","Garderobe & Alltag","","stiletto; was bedeutet stiletto; stiletto stilberatung","Natalia Kleemann","2026-07-09","https://eskyna.com/images/glossar/stiletto.png","Editoriale Glossar-Grafik zu Stiletto mit ruhigen Farbfeldern und feiner Linienführung","Capsule Wardrobe (https://eskyna.com/glossar/capsule-wardrobe/); Garderobenlogik (https://eskyna.com/glossar/garderobenlogik/); Outfit-Formel (https://eskyna.com/glossar/outfit-formel/); Key-Piece (https://eskyna.com/glossar/key-piece/); Fehlkauf (https://eskyna.com/glossar/fehlkauf/)","https://eskyna.com/glossar/capsule-wardrobe/; https://eskyna.com/glossar/fehlkauf/; https://eskyna.com/glossar/garderobenlogik/; https://eskyna.com/glossar/kategorie/garderobe-alltag/; https://eskyna.com/glossar/key-piece/; https://eskyna.com/glossar/outfit-formel/; https://eskyna.com/stilgarderobe/","content/de/glossar/stiletto.md"
"stilgefuehl","Stilgefühl","stilgefuehl","https://eskyna.com/glossar/stilgefuehl/","published","Stil & Wirkung","","stilgefühl; was bedeutet stilgefühl; stilgefühl stilberatung","Natalia Kleemann","2026-07-09","https://eskyna.com/images/glossar/stilgefuehl.png","Editoriale Glossar-Grafik zu Stilgefühl mit ruhigen Farbfeldern und feiner Linienführung","Signature Look (https://eskyna.com/glossar/signature-look/); Wirkung (https://eskyna.com/glossar/wirkung/); Stilberatung (https://eskyna.com/glossar/stilberatung/); Personal Style (https://eskyna.com/glossar/personal-style/); Garderobenlogik (https://eskyna.com/glossar/garderobenlogik/)","https://eskyna.com/glossar/garderobenlogik/; https://eskyna.com/glossar/kategorie/stil-wirkung/; https://eskyna.com/glossar/personal-style/; https://eskyna.com/glossar/signature-look/; https://eskyna.com/glossar/stilberatung/; https://eskyna.com/glossar/wirkung/; https://eskyna.com/praesenz/","content/de/glossar/stilgefuehl.md"
"stilidentitaet","Stilidentität","stilidentitaet","https://eskyna.com/glossar/stilidentitaet/","published","Stil & Wirkung","","stilidentität; was bedeutet stilidentität; stilidentität stilberatung","Natalia Kleemann","2026-07-09","https://eskyna.com/images/glossar/stilidentitaet.png","Editoriale Glossar-Grafik zu Stilidentität mit ruhigen Farbfeldern und feiner Linienführung","Signature Look (https://eskyna.com/glossar/signature-look/); Wirkung (https://eskyna.com/glossar/wirkung/); Stilberatung (https://eskyna.com/glossar/stilberatung/); Personal Style (https://eskyna.com/glossar/personal-style/); Garderobenlogik (https://eskyna.com/glossar/garderobenlogik/)","https://eskyna.com/glossar/garderobenlogik/; https://eskyna.com/glossar/kategorie/stil-wirkung/; https://eskyna.com/glossar/personal-style/; https://eskyna.com/glossar/signature-look/; https://eskyna.com/glossar/stilberatung/; https://eskyna.com/glossar/wirkung/; https://eskyna.com/praesenz/","content/de/glossar/stilidentitaet.md"
"stilkompass","Stilkompass","stilkompass","https://eskyna.com/glossar/stilkompass/","published","Stil & Wirkung","","stilkompass; was bedeutet stilkompass; stilkompass stilberatung","Natalia Kleemann","2026-07-09","https://eskyna.com/images/glossar/stilkompass.png","Editoriale Glossar-Grafik zu Stilkompass mit ruhigen Farbfeldern und feiner Linienführung","Signature Look (https://eskyna.com/glossar/signature-look/); Wirkung (https://eskyna.com/glossar/wirkung/); Stilberatung (https://eskyna.com/glossar/stilberatung/); Personal Style (https://eskyna.com/glossar/personal-style/); Garderobenlogik (https://eskyna.com/glossar/garderobenlogik/)","https://eskyna.com/glossar/garderobenlogik/; https://eskyna.com/glossar/kategorie/stil-wirkung/; https://eskyna.com/glossar/personal-style/; https://eskyna.com/glossar/signature-look/; https://eskyna.com/glossar/stilberatung/; https://eskyna.com/glossar/wirkung/; https://eskyna.com/praesenz/","content/de/glossar/stilkompass.md"
"stilprofil","Stilprofil","stilprofil","https://eskyna.com/glossar/stilprofil/","published","Stil & Wirkung","","stilprofil; was bedeutet stilprofil; stilprofil stilberatung","Natalia Kleemann","2026-07-09","https://eskyna.com/images/glossar/stilprofil.png","Editoriale Glossar-Grafik zu Stilprofil mit ruhigen Farbfeldern und feiner Linienführung","Signature Look (https://eskyna.com/glossar/signature-look/); Wirkung (https://eskyna.com/glossar/wirkung/); Stilberatung (https://eskyna.com/glossar/stilberatung/); Personal Style (https://eskyna.com/glossar/personal-style/); Garderobenlogik (https://eskyna.com/glossar/garderobenlogik/)","https://eskyna.com/glossar/garderobenlogik/; https://eskyna.com/glossar/kategorie/stil-wirkung/; https://eskyna.com/glossar/personal-style/; https://eskyna.com/glossar/signature-look/; https://eskyna.com/glossar/stilberatung/; https://eskyna.com/glossar/wirkung/; https://eskyna.com/praesenz/","content/de/glossar/stilprofil.md"
"stilroutine","Stilroutine","stilroutine","https://eskyna.com/glossar/stilroutine/","published","Garderobe & Alltag","","stilroutine; was bedeutet stilroutine; stilroutine stilberatung","Natalia Kleemann","2026-07-09","https://eskyna.com/images/glossar/stilroutine.png","Editoriale Glossar-Grafik zu Stilroutine mit ruhigen Farbfeldern und feiner Linienführung","Capsule Wardrobe (https://eskyna.com/glossar/capsule-wardrobe/); Garderobenlogik (https://eskyna.com/glossar/garderobenlogik/); Outfit-Formel (https://eskyna.com/glossar/outfit-formel/); Key-Piece (https://eskyna.com/glossar/key-piece/); Fehlkauf (https://eskyna.com/glossar/fehlkauf/)","https://eskyna.com/glossar/capsule-wardrobe/; https://eskyna.com/glossar/fehlkauf/; https://eskyna.com/glossar/garderobenlogik/; https://eskyna.com/glossar/kategorie/garderobe-alltag/; https://eskyna.com/glossar/key-piece/; https://eskyna.com/glossar/outfit-formel/; https://eskyna.com/stilgarderobe/","content/de/glossar/stilroutine.md"
"stilsicherheit","Stilsicherheit","stilsicherheit","https://eskyna.com/glossar/stilsicherheit/","published","Stil & Wirkung","","stilsicherheit; was bedeutet stilsicherheit; stilsicherheit stilberatung","Natalia Kleemann","2026-07-09","https://eskyna.com/images/glossar/stilsicherheit.png","Glossar-Illustration zu Stilsicherheit","Stil (https://eskyna.com/glossar/stil/); Signature Look (https://eskyna.com/glossar/signature-look/); Kombinierbarkeit (https://eskyna.com/glossar/kombinierbarkeit/); Wirkung (https://eskyna.com/glossar/wirkung/); Stilgefühl (https://eskyna.com/glossar/stilgefuehl/)","https://eskyna.com/glossar/kategorie/stil-wirkung/; https://eskyna.com/glossar/kombinierbarkeit/; https://eskyna.com/glossar/signature-look/; https://eskyna.com/glossar/stil/; https://eskyna.com/glossar/stilgefuehl/; https://eskyna.com/glossar/wirkung/; https://eskyna.com/praesenz/","content/de/glossar/stilsicherheit.md"
"stiltyp","Stiltyp","stiltyp","https://eskyna.com/glossar/stiltyp/","published","Stil & Wirkung","","stiltyp; was bedeutet stiltyp; stiltyp stilberatung","Natalia Kleemann","2026-07-09","https://eskyna.com/images/glossar/stiltyp.png","Editoriale Glossar-Grafik zu Stiltyp mit ruhigen Farbfeldern und feiner Linienführung","Signature Look (https://eskyna.com/glossar/signature-look/); Personal Style (https://eskyna.com/glossar/personal-style/); Garderobenlogik (https://eskyna.com/glossar/garderobenlogik/)","https://eskyna.com/glossar/garderobenlogik/; https://eskyna.com/glossar/kategorie/stil-wirkung/; https://eskyna.com/glossar/personal-style/; https://eskyna.com/glossar/signature-look/; https://eskyna.com/praesenz/","content/de/glossar/stiltyp.md"
"stoffgewicht","Stoffgewicht","stoffgewicht","https://eskyna.com/glossar/stoffgewicht/","published","Materialien & Details","","stoffgewicht; was bedeutet stoffgewicht; stoffgewicht stilberatung","Natalia Kleemann","2026-07-09","https://eskyna.com/images/glossar/stoffgewicht.png","Editoriale Glossar-Grafik zu Stoffgewicht mit ruhigen Farbfeldern und feiner Linienführung","Materialfall (https://eskyna.com/glossar/materialfall/); Struktur (https://eskyna.com/glossar/struktur/); Glanzgrad (https://eskyna.com/glossar/glanzgrad/); Accessoire (https://eskyna.com/glossar/accessoire/); Qualität (https://eskyna.com/glossar/qualitaet/)","https://eskyna.com/glossar/accessoire/; https://eskyna.com/glossar/glanzgrad/; https://eskyna.com/glossar/kategorie/materialien-details/; https://eskyna.com/glossar/materialfall/; https://eskyna.com/glossar/qualitaet/; https://eskyna.com/glossar/struktur/; https://eskyna.com/stilfrage/","content/de/glossar/stoffgewicht.md"
"stoffhose","Stoffhose","stoffhose","https://eskyna.com/glossar/stoffhose/","published","Garderobe & Alltag","","stoffhose; was ist eine stoffhose; stoffhose kombinieren","Natalia Kleemann","2026-07-09","https://eskyna.com/images/glossar/stoffhose.png","Editoriale Grafik zu Stoffhose mit ruhigen Formen, Stofflinien und ESKYNA Farbwelt","Chinos (https://eskyna.com/glossar/chinos/); Anzughose (https://eskyna.com/glossar/anzughose/); Bundfaltenhose (https://eskyna.com/glossar/bundfaltenhose/); Materialfall (https://eskyna.com/glossar/materialfall/); Passform (https://eskyna.com/glossar/passform/)","https://eskyna.com/glossar/kategorie/garderobe-alltag/; https://eskyna.com/stilgarderobe/","content/de/glossar/stoffhose.md"
"straight-leg","Straight Leg","straight-leg","https://eskyna.com/glossar/straight-leg/","published","Schnitt, Proportion & Passform","","straight leg; was bedeutet straight leg; straight leg jeans; gerade hose","Natalia Kleemann","2026-07-09","https://eskyna.com/images/glossar/straight-leg.png","Editoriale Grafik mit gerade fallender Hose und klaren vertikalen Linien","Jeans (https://eskyna.com/glossar/jeans/); Denim (https://eskyna.com/glossar/denim/); Passform (https://eskyna.com/glossar/passform/); Slim Fit (https://eskyna.com/glossar/slim-fit/); Wide Leg (https://eskyna.com/glossar/wide-leg/)","https://eskyna.com/glossar/kategorie/schnitt-proportion-passform/; https://eskyna.com/stilfrage/","content/de/glossar/straight-leg.md"
"streifen","Streifen","streifen","https://eskyna.com/glossar/streifen/","published","Materialien & Details","","streifen; was bedeutet streifen; streifen stilberatung","Natalia Kleemann","2026-07-09","https://eskyna.com/images/glossar/streifen.png","Editoriale Glossar-Grafik zu Streifen mit ruhigen Farbfeldern und feiner Linienführung","Materialfall (https://eskyna.com/glossar/materialfall/); Struktur (https://eskyna.com/glossar/struktur/); Glanzgrad (https://eskyna.com/glossar/glanzgrad/); Accessoire (https://eskyna.com/glossar/accessoire/)","https://eskyna.com/glossar/accessoire/; https://eskyna.com/glossar/glanzgrad/; https://eskyna.com/glossar/kategorie/materialien-details/; https://eskyna.com/glossar/materialfall/; https://eskyna.com/glossar/struktur/; https://eskyna.com/stilfrage/","content/de/glossar/streifen.md"
"stretch","Stretch","stretch","https://eskyna.com/glossar/stretch/","published","Materialien & Details","","stretch; was bedeutet stretch; stretch stilberatung","Natalia Kleemann","2026-07-09","https://eskyna.com/images/glossar/stretch.png","Editoriale Glossar-Grafik zu Stretch mit ruhigen Farbfeldern und feiner Linienführung","Materialfall (https://eskyna.com/glossar/materialfall/); Struktur (https://eskyna.com/glossar/struktur/); Glanzgrad (https://eskyna.com/glossar/glanzgrad/); Accessoire (https://eskyna.com/glossar/accessoire/)","https://eskyna.com/glossar/accessoire/; https://eskyna.com/glossar/glanzgrad/; https://eskyna.com/glossar/kategorie/materialien-details/; https://eskyna.com/glossar/materialfall/; https://eskyna.com/glossar/struktur/; https://eskyna.com/stilfrage/","content/de/glossar/stretch.md"
"strick","Strick","strick","https://eskyna.com/glossar/strick/","published","Materialien & Details","","strick; was bedeutet strick; strick stilberatung","Natalia Kleemann","2026-07-09","https://eskyna.com/images/glossar/strick.png","Editoriale Glossar-Grafik zu Strick mit ruhigen Farbfeldern und feiner Linienführung","Materialfall (https://eskyna.com/glossar/materialfall/); Struktur (https://eskyna.com/glossar/struktur/); Glanzgrad (https://eskyna.com/glossar/glanzgrad/); Accessoire (https://eskyna.com/glossar/accessoire/)","https://eskyna.com/glossar/accessoire/; https://eskyna.com/glossar/glanzgrad/; https://eskyna.com/glossar/kategorie/materialien-details/; https://eskyna.com/glossar/materialfall/; https://eskyna.com/glossar/struktur/; https://eskyna.com/stilfrage/","content/de/glossar/strick.md"
"strickjacke","Strickjacke","strickjacke","https://eskyna.com/glossar/strickjacke/","published","Garderobe & Alltag","","strickjacke; was bedeutet strickjacke; strickjacke stilberatung","Natalia Kleemann","2026-07-09","https://eskyna.com/images/glossar/strickjacke.png","Editoriale Glossar-Grafik zu Strickjacke mit ruhigen Farbfeldern und feiner Linienführung","Capsule Wardrobe (https://eskyna.com/glossar/capsule-wardrobe/); Garderobenlogik (https://eskyna.com/glossar/garderobenlogik/); Outfit-Formel (https://eskyna.com/glossar/outfit-formel/); Key-Piece (https://eskyna.com/glossar/key-piece/); Fehlkauf (https://eskyna.com/glossar/fehlkauf/)","https://eskyna.com/glossar/capsule-wardrobe/; https://eskyna.com/glossar/fehlkauf/; https://eskyna.com/glossar/garderobenlogik/; https://eskyna.com/glossar/kategorie/garderobe-alltag/; https://eskyna.com/glossar/key-piece/; https://eskyna.com/glossar/outfit-formel/; https://eskyna.com/stilgarderobe/","content/de/glossar/strickjacke.md"
"strickkleid","Strickkleid","strickkleid","https://eskyna.com/glossar/strickkleid/","published","Kleider & Röcke","","strickkleid; was ist ein strickkleid; strickkleid kombinieren","Natalia Kleemann","2026-07-09","https://eskyna.com/images/glossar/strickkleid.png","Editoriale ESKYNA Grafik zum Glossarbegriff Strickkleid mit ruhigen Formen und feinen Farbfeldern","Pullover (https://eskyna.com/glossar/pullover/); Cardigan (https://eskyna.com/glossar/cardigan/); Materialfall (https://eskyna.com/glossar/materialfall/); Passform (https://eskyna.com/glossar/passform/)","https://eskyna.com/glossar/kategorie/kleider-roecke/; https://eskyna.com/stilfrage/","content/de/glossar/strickkleid.md"
"struktur","Struktur","struktur","https://eskyna.com/glossar/struktur/","published","Materialien & Details","","struktur kleidung; stoffstruktur; strukturierte stoffe; materialwirkung","Natalia Kleemann","2026-07-09","https://eskyna.com/images/glossar/struktur.png","Editoriale Grafik mit Stoffraster, gewebter Struktur und feinen haptischen Linien","Materialfall (https://eskyna.com/glossar/materialfall/); Leinen (https://eskyna.com/glossar/leinen/); Denim (https://eskyna.com/glossar/denim/); Baumwolle (https://eskyna.com/glossar/baumwolle/); Glanzgrad (https://eskyna.com/glossar/glanzgrad/)","https://eskyna.com/glossar/kategorie/materialien-details/; https://eskyna.com/stilfrage/","content/de/glossar/struktur.md"
"styling","Styling","styling","https://eskyna.com/glossar/styling/","published","Stil & Wirkung","","styling; was bedeutet styling; styling stilberatung","Natalia Kleemann","2026-07-09","https://eskyna.com/images/glossar/styling.png","Editoriale Glossar-Grafik zu Styling mit ruhigen Farbfeldern und feiner Linienführung","Signature Look (https://eskyna.com/glossar/signature-look/); Garderobenlogik (https://eskyna.com/glossar/garderobenlogik/); Passform (https://eskyna.com/glossar/passform/); Silhouette (https://eskyna.com/glossar/silhouette/); Outfit-Formel (https://eskyna.com/glossar/outfit-formel/)","https://eskyna.com/glossar/garderobenlogik/; https://eskyna.com/glossar/kategorie/stil-wirkung/; https://eskyna.com/glossar/outfit-formel/; https://eskyna.com/glossar/passform/; https://eskyna.com/glossar/signature-look/; https://eskyna.com/glossar/silhouette/; https://eskyna.com/praesenz/","content/de/glossar/styling.md"
"summer-clutch","Summer Clutch","summer-clutch","https://eskyna.com/glossar/summer-clutch/","published","Materialien & Details","","summer clutch; sommertasche clutch; leichte clutch","Natalia Kleemann","2026-07-09","https://eskyna.com/images/glossar/summer-clutch.png","Glossar-Illustration zu Summer Clutch","Clutch (https://eskyna.com/glossar/clutch/); Raffia Bag (https://eskyna.com/glossar/raffia-bag/); Beaded Bag (https://eskyna.com/glossar/beaded-bag/); Festliche Kleidung (https://eskyna.com/glossar/festliche-kleidung/); Garden Party Attire (https://eskyna.com/glossar/garden-party-attire/)","https://eskyna.com/glossar/beaded-bag/; https://eskyna.com/glossar/clutch/; https://eskyna.com/glossar/festliche-kleidung/; https://eskyna.com/glossar/garden-party-attire/; https://eskyna.com/glossar/kategorie/materialien-details/; https://eskyna.com/glossar/raffia-bag/; https://eskyna.com/stilfrage/","content/de/glossar/summer-clutch.md"
"sweatshirt","Sweatshirt","sweatshirt","https://eskyna.com/glossar/sweatshirt/","published","Garderobe & Alltag","","sweatshirt; was ist ein sweatshirt; sweatshirt kombinieren","Natalia Kleemann","2026-07-09","https://eskyna.com/images/glossar/sweatshirt.png","Editoriale Grafik mit stilisiertem Sweatshirt, Rundhals und weicher Stofffläche","Hoodie (https://eskyna.com/glossar/hoodie/); Baumwolle (https://eskyna.com/glossar/baumwolle/); Sneaker (https://eskyna.com/glossar/sneaker/); Casual (https://eskyna.com/glossar/smart-casual/); Layering (https://eskyna.com/glossar/layering/)","https://eskyna.com/glossar/kategorie/garderobe-alltag/; https://eskyna.com/stilgarderobe/","content/de/glossar/sweatshirt.md"
"sweatstoff","Sweatstoff","sweatstoff","https://eskyna.com/glossar/sweatstoff/","published","Materialien & Details","","sweatstoff; was bedeutet sweatstoff; sweatstoff stilberatung","Natalia Kleemann","2026-07-09","https://eskyna.com/images/glossar/sweatstoff.png","Editoriale Glossar-Grafik zu Sweatstoff mit ruhigen Farbfeldern und feiner Linienführung","Materialfall (https://eskyna.com/glossar/materialfall/); Struktur (https://eskyna.com/glossar/struktur/); Glanzgrad (https://eskyna.com/glossar/glanzgrad/); Accessoire (https://eskyna.com/glossar/accessoire/)","https://eskyna.com/glossar/accessoire/; https://eskyna.com/glossar/glanzgrad/; https://eskyna.com/glossar/kategorie/materialien-details/; https://eskyna.com/glossar/materialfall/; https://eskyna.com/glossar/struktur/; https://eskyna.com/stilfrage/","content/de/glossar/sweatstoff.md"
"t-shirt","T-Shirt","t-shirt","https://eskyna.com/glossar/t-shirt/","published","Garderobe & Alltag","","t-shirt; was ist ein t-shirt; t-shirt kombinieren; basic t-shirt","Natalia Kleemann","2026-07-09","https://eskyna.com/images/glossar/t-shirt.png","Editoriale Grafik mit stilisiertem T-Shirt, Jersey-Struktur und neutralen Farbfeldern","Basic (https://eskyna.com/glossar/basic/); Baumwolle (https://eskyna.com/glossar/baumwolle/); Jeans (https://eskyna.com/glossar/jeans/); Blazer (https://eskyna.com/glossar/blazer/); Passform (https://eskyna.com/glossar/passform/); Longsleeve (https://eskyna.com/glossar/longsleeve/); Tanktop (https://eskyna.com/glossar/tanktop/)","https://eskyna.com/glossar/kategorie/garderobe-alltag/; https://eskyna.com/stilgarderobe/","content/de/glossar/t-shirt.md"
"t-strap-sandale","T-Strap Sandale","t-strap-sandale","https://eskyna.com/glossar/t-strap-sandale/","published","Schuhe","","t-strap sandale; t steg sandale; retro sandale","Natalia Kleemann","2026-07-09","https://eskyna.com/images/glossar/t-strap-sandale.png","Glossar-Illustration zu T-Strap Sandale","Sandale (https://eskyna.com/glossar/sandale/); Sandalette (https://eskyna.com/glossar/sandalette/); Mary Jane (https://eskyna.com/glossar/mary-jane/); Blockabsatz (https://eskyna.com/glossar/blockabsatz/); Saumlänge (https://eskyna.com/glossar/saumlange/)","https://eskyna.com/glossar/blockabsatz/; https://eskyna.com/glossar/kategorie/schuhe/; https://eskyna.com/glossar/mary-jane/; https://eskyna.com/glossar/sandale/; https://eskyna.com/glossar/sandalette/; https://eskyna.com/glossar/saumlange/; https://eskyna.com/stilfrage/","content/de/glossar/t-strap-sandale.md"
"taft","Taft","taft","https://eskyna.com/glossar/taft/","published","Materialien & Details","","taft; was ist taft; taft","Natalia Kleemann","2026-07-18","https://eskyna.com/images/glossar/taft.png","Glossar-Illustration zu Taft","","","content/de/glossar/taft.md"
"taillen-seidentuch","Taillen-Seidentuch","taillen-seidentuch","https://eskyna.com/glossar/taillen-seidentuch/","published","Garderobe & Alltag","","taillen-seidentuch; seidentuch an taille; taillen-seidentuch styling","Natalia Kleemann","2026-07-12","https://eskyna.com/images/glossar/taillen-seidentuch.png","Glossar-Illustration zu Taillen-Seidentuch","Seidentuch (https://eskyna.com/glossar/seidentuch/); Gürtel (https://eskyna.com/glossar/guertel/); Taillengürtel (https://eskyna.com/glossar/taillenguertel/); Kleid (https://eskyna.com/glossar/kleid/); Jeans (https://eskyna.com/glossar/jeans/)","https://eskyna.com/glossar/guertel/; https://eskyna.com/glossar/jeans/; https://eskyna.com/glossar/kleid/; https://eskyna.com/glossar/seidentuch/; https://eskyna.com/glossar/taillenguertel/","content/de/glossar/taillen-seidentuch.md"
"taillenbetonung","Taillenbetonung","taillenbetonung","https://eskyna.com/glossar/taillenbetonung/","published","Stil & Wirkung","","taillenbetonung; was bedeutet taillenbetonung; taillenbetonung stilberatung","Natalia Kleemann","2026-07-09","https://eskyna.com/images/glossar/taillenbetonung.png","Editoriale Glossar-Grafik zu Taillenbetonung mit ruhigen Farbfeldern und feiner Linienführung","Signature Look (https://eskyna.com/glossar/signature-look/); Wirkung (https://eskyna.com/glossar/wirkung/); Stilberatung (https://eskyna.com/glossar/stilberatung/); Personal Style (https://eskyna.com/glossar/personal-style/); Garderobenlogik (https://eskyna.com/glossar/garderobenlogik/)","https://eskyna.com/glossar/garderobenlogik/; https://eskyna.com/glossar/kategorie/stil-wirkung/; https://eskyna.com/glossar/personal-style/; https://eskyna.com/glossar/signature-look/; https://eskyna.com/glossar/stilberatung/; https://eskyna.com/glossar/wirkung/; https://eskyna.com/praesenz/","content/de/glossar/taillenbetonung.md"
"taillenguertel","Taillengürtel","taillenguertel","https://eskyna.com/glossar/taillenguertel/","published","Materialien & Details","","taillengürtel; was ist ein taillengürtel; taillengürtel kombinieren","Natalia Kleemann","2026-07-09","https://eskyna.com/images/glossar/taillenguertel.png","Editoriale Grafik zu Taillengürtel mit abstrahierten Formen, ruhigen Farbfeldern und hochwertiger Anmutung","Gürtel (https://eskyna.com/glossar/guertel/); Taillierung (https://eskyna.com/glossar/taillierung/); Silhouette (https://eskyna.com/glossar/silhouette/); Proportion (https://eskyna.com/glossar/proportion/); Kleid (https://eskyna.com/glossar/kleid/)","https://eskyna.com/glossar/kategorie/materialien-details/; https://eskyna.com/stilfrage/","content/de/glossar/taillenguertel.md"
"taillenposition","Taillenposition","taillenposition","https://eskyna.com/glossar/taillenposition/","published","Schnitt, Proportion & Passform","","taillenposition; körpermitte optisch; drop waist; high waist","Natalia Kleemann","2026-07-09","https://eskyna.com/images/glossar/taillenposition.png","Glossar-Illustration zu Taillenposition","High Waist (https://eskyna.com/glossar/high-waist/); Mid Waist (https://eskyna.com/glossar/mid-waist/); Low Waist (https://eskyna.com/glossar/low-waist/); Drop Waist (https://eskyna.com/glossar/drop-waist/); Beinlänge (https://eskyna.com/glossar/beinlaenge/)","https://eskyna.com/glossar/beinlaenge/; https://eskyna.com/glossar/drop-waist/; https://eskyna.com/glossar/high-waist/; https://eskyna.com/glossar/kategorie/schnitt-proportion-passform/; https://eskyna.com/glossar/low-waist/; https://eskyna.com/glossar/mid-waist/; https://eskyna.com/stilfrage/","content/de/glossar/taillenposition.md"
"taillierung","Taillierung","taillierung","https://eskyna.com/glossar/taillierung/","published","Schnitt, Proportion & Passform","","taillierung; was bedeutet taillierung; taillierter schnitt; taille betonen","Natalia Kleemann","2026-07-09","https://eskyna.com/images/glossar/taillierung.png","Editoriale Grafik mit taillierter Silhouette, Gürtel und feinen Linien zur Körpermitte","Passform (https://eskyna.com/glossar/passform/); Silhouette (https://eskyna.com/glossar/silhouette/); Proportion (https://eskyna.com/glossar/proportion/); A-Linie (https://eskyna.com/glossar/a-linie/); Blazer (https://eskyna.com/glossar/blazer/)","https://eskyna.com/glossar/kategorie/schnitt-proportion-passform/; https://eskyna.com/stilfrage/","content/de/glossar/taillierung.md"
"tall-styling","Tall Styling","tall-styling","https://eskyna.com/glossar/tall-styling/","published","Schnitt, Proportion & Passform","","tall styling; grosse körpergröße styling; proportion gross","Natalia Kleemann","2026-07-09","https://eskyna.com/images/glossar/tall-styling.png","Glossar-Illustration zu Tall Styling","Vertikale Linie (https://eskyna.com/glossar/vertikale-linie/); Horizontale Linie (https://eskyna.com/glossar/horizontale-linie/); Layering-Länge (https://eskyna.com/glossar/layering-laenge/); Saumlänge (https://eskyna.com/glossar/saumlange/); Volumen (https://eskyna.com/glossar/volumen/)","https://eskyna.com/glossar/horizontale-linie/; https://eskyna.com/glossar/kategorie/schnitt-proportion-passform/; https://eskyna.com/glossar/layering-laenge/; https://eskyna.com/glossar/saumlange/; https://eskyna.com/glossar/vertikale-linie/; https://eskyna.com/glossar/volumen/; https://eskyna.com/stilfrage/","content/de/glossar/tall-styling.md"
"tanktop","Tanktop","tanktop","https://eskyna.com/glossar/tanktop/","published","Garderobe & Alltag","","tanktop; was ist ein tanktop; tanktop kombinieren","Natalia Kleemann","2026-07-09","https://eskyna.com/images/glossar/tanktop.png","Editoriale Grafik mit stilisiertem Tanktop, breiten Trägern und klarer Form","T-Shirt (https://eskyna.com/glossar/t-shirt/); Baumwolle (https://eskyna.com/glossar/baumwolle/); Layering (https://eskyna.com/glossar/layering/); Accessoire (https://eskyna.com/glossar/accessoire/); Passform (https://eskyna.com/glossar/passform/)","https://eskyna.com/glossar/kategorie/garderobe-alltag/; https://eskyna.com/stilgarderobe/","content/de/glossar/tanktop.md"
"tannengruen","Tannengrün","tannengruen","https://eskyna.com/glossar/tannengruen/","published","Farb-Lexikon","","tannengrün bedeutung; dunkelgrün kombinieren; tannengrün statt navy","Natalia Kleemann","2026-07-18","https://eskyna.com/images/glossar/tannengruen.png","Glossar-Illustration zu Tannengrün","Smaragdgrün (https://eskyna.com/glossar/smaragdgruen/); Oliv (https://eskyna.com/glossar/oliv/); Navy (https://eskyna.com/glossar/navy/); Ecru (https://eskyna.com/glossar/ecru/)","https://eskyna.com/glossar/cognac/; https://eskyna.com/glossar/ecru/; https://eskyna.com/glossar/oliv/","content/de/glossar/tannengruen.md"
"tapered-fit","Tapered Fit","tapered-fit","https://eskyna.com/glossar/tapered-fit/","published","Garderobe & Alltag","","tapered fit; was bedeutet tapered fit; tapered hose","Natalia Kleemann","2026-07-09","https://eskyna.com/images/glossar/tapered-fit.png","Editoriale Grafik zu Tapered Fit mit ruhigen Formen, Stofflinien und ESKYNA Farbwelt","Slim Fit (https://eskyna.com/glossar/slim-fit/); Chinos (https://eskyna.com/glossar/chinos/); Mom Jeans (https://eskyna.com/glossar/mom-jeans/); Passform (https://eskyna.com/glossar/passform/); Proportion (https://eskyna.com/glossar/proportion/)","https://eskyna.com/glossar/kategorie/garderobe-alltag/; https://eskyna.com/stilgarderobe/","content/de/glossar/tapered-fit.md"
"tartan","Tartan","tartan","https://eskyna.com/glossar/tartan/","published","Materialien & Details","","tartan; was bedeutet tartan; tartan stilberatung","Natalia Kleemann","2026-07-09","https://eskyna.com/images/glossar/tartan.png","Editoriale Glossar-Grafik zu Tartan mit ruhigen Farbfeldern und feiner Linienführung","Materialfall (https://eskyna.com/glossar/materialfall/); Struktur (https://eskyna.com/glossar/struktur/); Glanzgrad (https://eskyna.com/glossar/glanzgrad/); Accessoire (https://eskyna.com/glossar/accessoire/)","https://eskyna.com/glossar/accessoire/; https://eskyna.com/glossar/glanzgrad/; https://eskyna.com/glossar/kategorie/materialien-details/; https://eskyna.com/glossar/materialfall/; https://eskyna.com/glossar/struktur/; https://eskyna.com/stilfrage/","content/de/glossar/tartan.md"
"taubenblau","Taubenblau","taubenblau","https://eskyna.com/glossar/taubenblau/","published","Farb-Lexikon","","taubenblau bedeutung; taubenblau kombinieren; gedämpftes blau","Natalia Kleemann","2026-07-18","https://eskyna.com/images/glossar/taubenblau.png","Glossar-Illustration zu Taubenblau","Hellblau (https://eskyna.com/glossar/hellblau/); Blau (https://eskyna.com/glossar/blau/); Greige (https://eskyna.com/glossar/greige/); Cognac (https://eskyna.com/glossar/cognac/)","https://eskyna.com/glossar/ecru/; https://eskyna.com/glossar/greige/","content/de/glossar/taubenblau.md"
"taupe","Taupe","taupe","https://eskyna.com/glossar/taupe/","published","Farb-Lexikon","","taupe bedeutung; taupe kombinieren; taupe unterton","Natalia Kleemann","2026-07-18","https://eskyna.com/images/glossar/taupe.png","Glossar-Illustration zu Taupe","Beige (https://eskyna.com/glossar/beige/); Greige (https://eskyna.com/glossar/greige/); Grau (https://eskyna.com/glossar/grau/); Braun (https://eskyna.com/glossar/braun/)","https://eskyna.com/glossar/creme/; https://eskyna.com/glossar/mantel/; https://eskyna.com/glossar/navy/; https://eskyna.com/glossar/stoffhose/; https://eskyna.com/glossar/strick/","content/de/glossar/taupe.md"
"tellerrock","Tellerrock","tellerrock","https://eskyna.com/glossar/tellerrock/","published","Garderobe & Alltag","","tellerrock; was bedeutet tellerrock; tellerrock stilberatung","Natalia Kleemann","2026-07-09","https://eskyna.com/images/glossar/tellerrock.png","Editoriale Glossar-Grafik zu Tellerrock mit ruhigen Farbfeldern und feiner Linienführung","Capsule Wardrobe (https://eskyna.com/glossar/capsule-wardrobe/); Garderobenlogik (https://eskyna.com/glossar/garderobenlogik/); Outfit-Formel (https://eskyna.com/glossar/outfit-formel/); Key-Piece (https://eskyna.com/glossar/key-piece/); Fehlkauf (https://eskyna.com/glossar/fehlkauf/)","https://eskyna.com/glossar/capsule-wardrobe/; https://eskyna.com/glossar/fehlkauf/; https://eskyna.com/glossar/garderobenlogik/; https://eskyna.com/glossar/kategorie/garderobe-alltag/; https://eskyna.com/glossar/key-piece/; https://eskyna.com/glossar/outfit-formel/; https://eskyna.com/stilgarderobe/","content/de/glossar/tellerrock.md"
"tenue-de-ville","Tenue de Ville","tenue-de-ville","https://eskyna.com/glossar/tenue-de-ville/","published","Garderobe & Alltag","","tenue de ville; tenue de ville dresscode; tagesdresscode","Natalia Kleemann","2026-07-09","https://eskyna.com/images/glossar/tenue-de-ville.png","Glossar-Illustration zu Tenue de Ville","Dresscode (https://eskyna.com/glossar/dresscode/); Business Formal (https://eskyna.com/glossar/business-formal/); Semi Formal (https://eskyna.com/glossar/semi-formal/); Festliche Kleidung (https://eskyna.com/glossar/festliche-kleidung/); Hochzeit als Gast (https://eskyna.com/glossar/hochzeit-als-gast/)","https://eskyna.com/glossar/business-formal/; https://eskyna.com/glossar/dresscode/; https://eskyna.com/glossar/festliche-kleidung/; https://eskyna.com/glossar/hochzeit-als-gast/; https://eskyna.com/glossar/kategorie/garderobe-alltag/; https://eskyna.com/glossar/semi-formal/; https://eskyna.com/stilgarderobe/","content/de/glossar/tenue-de-ville.md"
"terracotta","Terracotta","terracotta","https://eskyna.com/glossar/terracotta/","published","Farb-Lexikon","","terracotta kleidung; terracotta kombinieren; erdige farben; farbberatung terracotta","Natalia Kleemann","2026-07-09","https://eskyna.com/images/glossar/terracotta.png","Editoriale Grafik mit Terracotta-Nuancen, ruhigen Farbfeldern und feiner Stoffstruktur","Orange (https://eskyna.com/glossar/orange/); Braun (https://eskyna.com/glossar/braun/); Camel (https://eskyna.com/glossar/camel/); Beige (https://eskyna.com/glossar/beige/); Unterton (https://eskyna.com/glossar/unterton/); Senfgelb (https://eskyna.com/glossar/senfgelb/); Oliv (https://eskyna.com/glossar/oliv/)","https://eskyna.com/glossar/kategorie/farb-lexikon/; https://eskyna.com/stilgefuehl/","content/de/glossar/terracotta.md"
"tie-accessories","Tie Accessories","tie-accessories","https://eskyna.com/glossar/tie-accessories/","published","Materialien & Details","","tie accessories; gebundene accessoires; schleife krawatte styling","Natalia Kleemann","2026-07-09","https://eskyna.com/images/glossar/tie-accessories.png","Glossar-Illustration zu Tie Accessories","Poetcore (https://eskyna.com/glossar/poetcore/); Preppy (https://eskyna.com/glossar/preppy/); Dark Academia (https://eskyna.com/glossar/dark-academia/); Lapel Pin (https://eskyna.com/glossar/lapel-pin/); Accessoire (https://eskyna.com/glossar/accessoire/)","https://eskyna.com/glossar/accessoire/; https://eskyna.com/glossar/dark-academia/; https://eskyna.com/glossar/kategorie/materialien-details/; https://eskyna.com/glossar/lapel-pin/; https://eskyna.com/glossar/poetcore/; https://eskyna.com/glossar/preppy/; https://eskyna.com/stilfrage/","content/de/glossar/tie-accessories.md"
"tie-dye","Tie-Dye","tie-dye","https://eskyna.com/glossar/tie-dye/","published","Materialien & Details","","tie-dye; was bedeutet tie-dye; tie-dye stilberatung","Natalia Kleemann","2026-07-09","https://eskyna.com/images/glossar/tie-dye.png","Editoriale Glossar-Grafik zu Tie-Dye mit ruhigen Farbfeldern und feiner Linienführung","Materialfall (https://eskyna.com/glossar/materialfall/); Struktur (https://eskyna.com/glossar/struktur/); Glanzgrad (https://eskyna.com/glossar/glanzgrad/); Accessoire (https://eskyna.com/glossar/accessoire/)","https://eskyna.com/glossar/accessoire/; https://eskyna.com/glossar/glanzgrad/; https://eskyna.com/glossar/kategorie/materialien-details/; https://eskyna.com/glossar/materialfall/; https://eskyna.com/glossar/struktur/; https://eskyna.com/stilfrage/","content/de/glossar/tie-dye.md"
"toile-de-jouy","Toile de Jouy","toile-de-jouy","https://eskyna.com/glossar/toile-de-jouy/","published","Farbberatung & Farbe","","toile de jouy; was ist toile de jouy; toile de jouy","Natalia Kleemann","2026-07-18","https://eskyna.com/images/glossar/toile-de-jouy.png","Glossar-Illustration zu Toile de Jouy","","","content/de/glossar/toile-de-jouy.md"
"ton-in-ton","Ton-in-Ton","ton-in-ton","https://eskyna.com/glossar/ton-in-ton/","published","Farbberatung & Farbe","","ton in ton outfit; ton in ton kombinieren; farbberatung; monochrom","Natalia Kleemann","2026-07-09","https://eskyna.com/images/glossar/ton-in-ton.png","Editoriale Grafik zum Glossarbegriff Ton-in-Ton mit ruhigen Farbfeldern und klarer Linienführung","Monochrom (https://eskyna.com/glossar/monochrom/); Farbpalette (https://eskyna.com/glossar/farbpalette/); Helligkeit (https://eskyna.com/glossar/helligkeit/); Creme (https://eskyna.com/glossar/creme/); Beige (https://eskyna.com/glossar/beige/)","https://eskyna.com/glossar/kategorie/farbberatung-farbe/; https://eskyna.com/stilgefuehl/","content/de/glossar/ton-in-ton.md"
"ton-in-ton-muster","Ton-in-Ton-Muster","ton-in-ton-muster","https://eskyna.com/glossar/ton-in-ton-muster/","published","Materialien & Details","","ton-in-ton-muster; was bedeutet ton-in-ton-muster; ton-in-ton-muster stilberatung","Natalia Kleemann","2026-07-09","https://eskyna.com/images/glossar/ton-in-ton-muster.png","Editoriale Glossar-Grafik zu Ton-in-Ton-Muster mit ruhigen Farbfeldern und feiner Linienführung","Materialfall (https://eskyna.com/glossar/materialfall/); Struktur (https://eskyna.com/glossar/struktur/); Glanzgrad (https://eskyna.com/glossar/glanzgrad/); Accessoire (https://eskyna.com/glossar/accessoire/)","https://eskyna.com/glossar/accessoire/; https://eskyna.com/glossar/glanzgrad/; https://eskyna.com/glossar/kategorie/materialien-details/; https://eskyna.com/glossar/materialfall/; https://eskyna.com/glossar/struktur/; https://eskyna.com/stilfrage/","content/de/glossar/ton-in-ton-muster.md"
"top","Top","top","https://eskyna.com/glossar/top/","published","Materialien & Details","","top; was bedeutet top; top stilberatung","Natalia Kleemann","2026-07-09","https://eskyna.com/images/glossar/top.png","Editoriale Glossar-Grafik zu Top mit ruhigen Farbfeldern und feiner Linienführung","Materialfall (https://eskyna.com/glossar/materialfall/); Struktur (https://eskyna.com/glossar/struktur/); Glanzgrad (https://eskyna.com/glossar/glanzgrad/); Accessoire (https://eskyna.com/glossar/accessoire/)","https://eskyna.com/glossar/accessoire/; https://eskyna.com/glossar/glanzgrad/; https://eskyna.com/glossar/kategorie/materialien-details/; https://eskyna.com/glossar/materialfall/; https://eskyna.com/glossar/struktur/; https://eskyna.com/stilfrage/","content/de/glossar/top.md"
"tote-bag","Tote Bag","tote-bag","https://eskyna.com/glossar/tote-bag/","published","Materialien & Details","","tote bag; was ist eine tote bag; tote bag kombinieren","Natalia Kleemann","2026-07-09","https://eskyna.com/images/glossar/tote-bag.png","Editoriale Grafik zu Tote Bag mit abstrahierten Formen, ruhigen Farbfeldern und hochwertiger Anmutung","Accessoire (https://eskyna.com/glossar/accessoire/); Shopper (https://eskyna.com/glossar/shopper/); Business Casual (https://eskyna.com/glossar/business-casual/); Smart Casual (https://eskyna.com/glossar/smart-casual/); Garderobenlogik (https://eskyna.com/glossar/garderobenlogik/)","https://eskyna.com/glossar/kategorie/materialien-details/; https://eskyna.com/stilfrage/","content/de/glossar/tote-bag.md"
"track-pants","Track Pants","track-pants","https://eskyna.com/glossar/track-pants/","published","Garderobe & Alltag","","track pants; was sind track pants; track pants kombinieren","Natalia Kleemann","2026-07-09","https://eskyna.com/images/glossar/track-pants.png","Editoriale Grafik zu Track Pants mit ruhigen Formen, Stofflinien und ESKYNA Farbwelt","Stilbruch (https://eskyna.com/glossar/stilbruch/); Sneaker (https://eskyna.com/glossar/sneaker/); Blazer (https://eskyna.com/glossar/blazer/); Smart Casual (https://eskyna.com/glossar/smart-casual/); Oversized (https://eskyna.com/glossar/oversized/)","https://eskyna.com/glossar/kategorie/garderobe-alltag/; https://eskyna.com/stilgarderobe/","content/de/glossar/track-pants.md"
"transparenz","Transparenz","transparenz","https://eskyna.com/glossar/transparenz/","published","Materialien & Details","","transparenz; was bedeutet transparenz; transparenz stilberatung","Natalia Kleemann","2026-07-09","https://eskyna.com/images/glossar/transparenz.png","Editoriale Glossar-Grafik zu Transparenz mit ruhigen Farbfeldern und feiner Linienführung","Materialfall (https://eskyna.com/glossar/materialfall/); Struktur (https://eskyna.com/glossar/struktur/); Glanzgrad (https://eskyna.com/glossar/glanzgrad/); Accessoire (https://eskyna.com/glossar/accessoire/)","https://eskyna.com/glossar/accessoire/; https://eskyna.com/glossar/glanzgrad/; https://eskyna.com/glossar/kategorie/materialien-details/; https://eskyna.com/glossar/materialfall/; https://eskyna.com/glossar/struktur/; https://eskyna.com/stilfrage/","content/de/glossar/transparenz.md"
"trauerbekleidung","Trauerkleidung","trauerbekleidung","https://eskyna.com/glossar/trauerbekleidung/","published","Dresscodes & Anlässe","","trauerbekleidung; was ist trauerkleidung; trauerkleidung","Natalia Kleemann","2026-07-18","https://eskyna.com/images/glossar/trauerbekleidung.png","Glossar-Illustration zu Trauerkleidung","","","content/de/glossar/trauerbekleidung.md"
"trenchcoat","Trenchcoat","trenchcoat","https://eskyna.com/glossar/trenchcoat/","published","Garderobe & Alltag","","trenchcoat; was ist ein trenchcoat; trenchcoat kombinieren; mantel klassiker","Natalia Kleemann","2026-07-09","https://eskyna.com/images/glossar/trenchcoat.png","Editoriale Grafik mit stilisiertem Trenchcoat, Gürtel und beigen Farbfeldern","Key-Piece (https://eskyna.com/glossar/key-piece/); Business Casual (https://eskyna.com/glossar/business-casual/); Beige (https://eskyna.com/glossar/beige/); Baumwolle (https://eskyna.com/glossar/baumwolle/); Silhouette (https://eskyna.com/glossar/silhouette/)","https://eskyna.com/glossar/kategorie/garderobe-alltag/; https://eskyna.com/stilgarderobe/","content/de/glossar/trenchcoat.md"
"trendteil","Trendteil","trendteil","https://eskyna.com/glossar/trendteil/","published","Stil & Wirkung","","trendteil; was bedeutet trendteil; trendteil stilberatung","Natalia Kleemann","2026-07-09","https://eskyna.com/images/glossar/trendteil.png","Editoriale Glossar-Grafik zu Trendteil mit ruhigen Farbfeldern und feiner Linienführung","Signature Look (https://eskyna.com/glossar/signature-look/); Wirkung (https://eskyna.com/glossar/wirkung/); Personal Style (https://eskyna.com/glossar/personal-style/); Garderobenlogik (https://eskyna.com/glossar/garderobenlogik/)","https://eskyna.com/glossar/garderobenlogik/; https://eskyna.com/glossar/kategorie/stil-wirkung/; https://eskyna.com/glossar/personal-style/; https://eskyna.com/glossar/signature-look/; https://eskyna.com/glossar/wirkung/; https://eskyna.com/praesenz/","content/de/glossar/trendteil.md"
"trendzyklus","Trendzyklus","trendzyklus","https://eskyna.com/glossar/trendzyklus/","published","Garderobe & Alltag","","trendzyklus; was ist trendzyklus; trendzyklus","Natalia Kleemann","2026-07-18","https://eskyna.com/images/glossar/trendzyklus.png","Glossar-Illustration zu Trendzyklus","","","content/de/glossar/trendzyklus.md"
"tuell","Tüll","tuell","https://eskyna.com/glossar/tuell/","published","Materialien & Details","","tüll; was bedeutet tüll; tüll stilberatung","Natalia Kleemann","2026-07-09","https://eskyna.com/images/glossar/tuell.png","Editoriale Glossar-Grafik zu Tüll mit ruhigen Farbfeldern und feiner Linienführung","Materialfall (https://eskyna.com/glossar/materialfall/); Struktur (https://eskyna.com/glossar/struktur/); Glanzgrad (https://eskyna.com/glossar/glanzgrad/); Accessoire (https://eskyna.com/glossar/accessoire/)","https://eskyna.com/glossar/accessoire/; https://eskyna.com/glossar/glanzgrad/; https://eskyna.com/glossar/kategorie/materialien-details/; https://eskyna.com/glossar/materialfall/; https://eskyna.com/glossar/struktur/; https://eskyna.com/stilfrage/","content/de/glossar/tuell.md"
"tunika","Tunika","tunika","https://eskyna.com/glossar/tunika/","published","Materialien & Details","","tunika; was bedeutet tunika; tunika stilberatung","Natalia Kleemann","2026-07-09","https://eskyna.com/images/glossar/tunika.png","Editoriale Glossar-Grafik zu Tunika mit ruhigen Farbfeldern und feiner Linienführung","Materialfall (https://eskyna.com/glossar/materialfall/); Struktur (https://eskyna.com/glossar/struktur/); Glanzgrad (https://eskyna.com/glossar/glanzgrad/); Accessoire (https://eskyna.com/glossar/accessoire/)","https://eskyna.com/glossar/accessoire/; https://eskyna.com/glossar/glanzgrad/; https://eskyna.com/glossar/kategorie/materialien-details/; https://eskyna.com/glossar/materialfall/; https://eskyna.com/glossar/struktur/; https://eskyna.com/stilfrage/","content/de/glossar/tunika.md"
"tuerkis","Türkis","tuerkis","https://eskyna.com/glossar/tuerkis/","published","Farb-Lexikon","","türkis kleidung; türkis kombinieren; blaugrün; farbberatung","Natalia Kleemann","2026-07-09","https://eskyna.com/images/glossar/tuerkis.png","Editoriale Grafik zu Türkis mit Farbfeldern, Materialflächen und ruhigen Kombinationsakzenten","Blau (https://eskyna.com/glossar/blau/); Grün (https://eskyna.com/glossar/gruen/); Petrol (https://eskyna.com/glossar/petrol/); Akzentfarbe (https://eskyna.com/glossar/akzentfarbe/); Unterton (https://eskyna.com/glossar/unterton/)","https://eskyna.com/glossar/farbtemperatur/; https://eskyna.com/glossar/kategorie/farb-lexikon/; https://eskyna.com/stilgefuehl/","content/de/glossar/tuerkis.md"
"tweed","Tweed","tweed","https://eskyna.com/glossar/tweed/","published","Materialien & Details","","tweed; was bedeutet tweed; tweed stilberatung","Natalia Kleemann","2026-07-09","https://eskyna.com/images/glossar/tweed.png","Editoriale Glossar-Grafik zu Tweed mit ruhigen Farbfeldern und feiner Linienführung","Materialfall (https://eskyna.com/glossar/materialfall/); Struktur (https://eskyna.com/glossar/struktur/); Glanzgrad (https://eskyna.com/glossar/glanzgrad/); Accessoire (https://eskyna.com/glossar/accessoire/)","https://eskyna.com/glossar/accessoire/; https://eskyna.com/glossar/glanzgrad/; https://eskyna.com/glossar/kategorie/materialien-details/; https://eskyna.com/glossar/materialfall/; https://eskyna.com/glossar/struktur/; https://eskyna.com/stilfrage/","content/de/glossar/tweed.md"
"twill","Twill","twill","https://eskyna.com/glossar/twill/","published","Materialien & Details","","twill; was bedeutet twill; twill stilberatung","Natalia Kleemann","2026-07-09","https://eskyna.com/images/glossar/twill.png","Editoriale Glossar-Grafik zu Twill mit ruhigen Farbfeldern und feiner Linienführung","Materialfall (https://eskyna.com/glossar/materialfall/); Struktur (https://eskyna.com/glossar/struktur/); Glanzgrad (https://eskyna.com/glossar/glanzgrad/); Accessoire (https://eskyna.com/glossar/accessoire/)","https://eskyna.com/glossar/accessoire/; https://eskyna.com/glossar/glanzgrad/; https://eskyna.com/glossar/kategorie/materialien-details/; https://eskyna.com/glossar/materialfall/; https://eskyna.com/glossar/struktur/; https://eskyna.com/stilfrage/","content/de/glossar/twill.md"
"twinset","Twinset","twinset","https://eskyna.com/glossar/twinset/","published","Materialien & Details","","twinset; was bedeutet twinset; twinset stilberatung","Natalia Kleemann","2026-07-09","https://eskyna.com/images/glossar/twinset.png","Editoriale Glossar-Grafik zu Twinset mit ruhigen Farbfeldern und feiner Linienführung","Materialfall (https://eskyna.com/glossar/materialfall/); Struktur (https://eskyna.com/glossar/struktur/); Glanzgrad (https://eskyna.com/glossar/glanzgrad/); Accessoire (https://eskyna.com/glossar/accessoire/)","https://eskyna.com/glossar/accessoire/; https://eskyna.com/glossar/glanzgrad/; https://eskyna.com/glossar/kategorie/materialien-details/; https://eskyna.com/glossar/materialfall/; https://eskyna.com/glossar/struktur/; https://eskyna.com/stilfrage/","content/de/glossar/twinset.md"
"typberatung","Typberatung","typberatung","https://eskyna.com/glossar/typberatung/","published","Stil & Wirkung","","typberatung; was bedeutet typberatung; typberatung stilberatung","Natalia Kleemann","2026-07-09","https://eskyna.com/images/glossar/typberatung.png","Editoriale Glossar-Grafik zu Typberatung mit ruhigen Farbfeldern und feiner Linienführung","Signature Look (https://eskyna.com/glossar/signature-look/); Wirkung (https://eskyna.com/glossar/wirkung/); Stilberatung (https://eskyna.com/glossar/stilberatung/); Personal Style (https://eskyna.com/glossar/personal-style/); Garderobenlogik (https://eskyna.com/glossar/garderobenlogik/)","https://eskyna.com/angebote/; https://eskyna.com/glossar/garderobenlogik/; https://eskyna.com/glossar/personal-style/; https://eskyna.com/glossar/signature-look/; https://eskyna.com/glossar/stilberatung/; https://eskyna.com/glossar/wirkung/","content/de/glossar/typberatung.md"
"u-boot-ausschnitt","U-Boot-Ausschnitt","u-boot-ausschnitt","https://eskyna.com/glossar/u-boot-ausschnitt/","published","Materialien & Details","","u-boot-ausschnitt; was bedeutet u-boot-ausschnitt; u-boot-ausschnitt stilberatung","Natalia Kleemann","2026-07-09","https://eskyna.com/images/glossar/u-boot-ausschnitt.png","Editoriale Glossar-Grafik zu U-Boot-Ausschnitt mit ruhigen Farbfeldern und feiner Linienführung","Materialfall (https://eskyna.com/glossar/materialfall/); Struktur (https://eskyna.com/glossar/struktur/); Glanzgrad (https://eskyna.com/glossar/glanzgrad/); Accessoire (https://eskyna.com/glossar/accessoire/)","https://eskyna.com/glossar/accessoire/; https://eskyna.com/glossar/glanzgrad/; https://eskyna.com/glossar/kategorie/materialien-details/; https://eskyna.com/glossar/materialfall/; https://eskyna.com/glossar/struktur/; https://eskyna.com/stilfrage/","content/de/glossar/u-boot-ausschnitt.md"
"uebergangsgarderobe","Übergangsgarderobe","uebergangsgarderobe","https://eskyna.com/glossar/uebergangsgarderobe/","published","Garderobe & Alltag","","übergangsgarderobe; was bedeutet übergangsgarderobe; übergangsgarderobe stilberatung","Natalia Kleemann","2026-07-09","https://eskyna.com/images/glossar/uebergangsgarderobe.png","Editoriale Glossar-Grafik zu Übergangsgarderobe mit ruhigen Farbfeldern und feiner Linienführung","Capsule Wardrobe (https://eskyna.com/glossar/capsule-wardrobe/); Garderobenlogik (https://eskyna.com/glossar/garderobenlogik/); Outfit-Formel (https://eskyna.com/glossar/outfit-formel/); Key-Piece (https://eskyna.com/glossar/key-piece/); Fehlkauf (https://eskyna.com/glossar/fehlkauf/)","https://eskyna.com/glossar/capsule-wardrobe/; https://eskyna.com/glossar/fehlkauf/; https://eskyna.com/glossar/garderobenlogik/; https://eskyna.com/glossar/kategorie/garderobe-alltag/; https://eskyna.com/glossar/key-piece/; https://eskyna.com/glossar/outfit-formel/; https://eskyna.com/stilgarderobe/","content/de/glossar/uebergangsgarderobe.md"
"uhr","Uhr","uhr","https://eskyna.com/glossar/uhr/","published","Materialien & Details","","uhr styling; uhr als accessoire; uhr kombinieren","Natalia Kleemann","2026-07-09","https://eskyna.com/images/glossar/uhr.png","Editoriale Grafik zu Uhr mit abstrahierten Formen, ruhigen Farbfeldern und hochwertiger Anmutung","Accessoire (https://eskyna.com/glossar/accessoire/); Feinschmuck (https://eskyna.com/glossar/feinschmuck/); Gold (https://eskyna.com/glossar/gold/); Silber (https://eskyna.com/glossar/silber/); Quiet Luxury (https://eskyna.com/glossar/quiet-luxury/)","https://eskyna.com/glossar/kategorie/materialien-details/; https://eskyna.com/stilfrage/","content/de/glossar/uhr.md"
"umgekehrtes-dreieck","Umgekehrtes Dreieck","umgekehrtes-dreieck","https://eskyna.com/glossar/umgekehrtes-dreieck/","published","Schnitt, Proportion & Passform","","umgekehrtes dreieck; inverted triangle silhouette; schultern breiter als hüfte","Natalia Kleemann","2026-07-09","https://eskyna.com/images/glossar/umgekehrtes-dreieck.png","Glossar-Illustration zu Umgekehrtes Dreieck","Silhouette (https://eskyna.com/glossar/silhouette/); Schulter-Hüft-Balance (https://eskyna.com/glossar/schulter-hueft-balance/); Balance (https://eskyna.com/glossar/balance/); Schulterlinie (https://eskyna.com/glossar/schulterlinie/); Körperform (https://eskyna.com/glossar/koerperform/)","https://eskyna.com/glossar/balance/; https://eskyna.com/glossar/kategorie/schnitt-proportion-passform/; https://eskyna.com/glossar/koerperform/; https://eskyna.com/glossar/schulter-hueft-balance/; https://eskyna.com/glossar/schulterlinie/; https://eskyna.com/glossar/silhouette/; https://eskyna.com/stilfrage/","content/de/glossar/umgekehrtes-dreieck.md"
"unterton","Unterton","unterton","https://eskyna.com/glossar/unterton/","published","Farbberatung & Farbe","","unterton; warme farben; kühle farben; farbberatung","Natalia Kleemann","2026-07-09","https://eskyna.com/images/glossar/unterton.png","Grafik mit warmen, neutralen und kühlen Farbtönen zur Erklärung des Untertons","Farbtyp (https://eskyna.com/glossar/farbtyp/); Kontrast (https://eskyna.com/glossar/kontrast/); Rosa (https://eskyna.com/glossar/rosa/); Farbtemperatur (https://eskyna.com/glossar/farbtemperatur/); Sättigung (https://eskyna.com/glossar/saettigung/)","https://eskyna.com/angebote/; https://eskyna.com/glossar/farbtemperatur/; https://eskyna.com/glossar/farbtyp/; https://eskyna.com/glossar/kontrast/; https://eskyna.com/glossar/rosa/; https://eskyna.com/glossar/saettigung/; https://eskyna.com/stilgefuehl/","content/de/glossar/unterton.md"
"upcycling","Upcycling","upcycling","https://eskyna.com/glossar/upcycling/","published","Garderobe & Alltag","","upcycling; deadstock; kleidung neu verarbeiten","Natalia Kleemann","2026-07-09","https://eskyna.com/images/glossar/upcycling.png","Glossar-Illustration zu Upcycling","Circular Fashion (https://eskyna.com/glossar/circular-fashion/); Slow Fashion (https://eskyna.com/glossar/slow-fashion/); Langlebigkeit (https://eskyna.com/glossar/langlebigkeit/); Reparatur (https://eskyna.com/glossar/langlebigkeit/); Deadstock (https://eskyna.com/glossar/upcycling/)","https://eskyna.com/glossar/circular-fashion/; https://eskyna.com/glossar/kategorie/garderobe-alltag/; https://eskyna.com/glossar/langlebigkeit/; https://eskyna.com/glossar/slow-fashion/; https://eskyna.com/glossar/upcycling/; https://eskyna.com/stilgarderobe/","content/de/glossar/upcycling.md"
"updated-lady","Updated Lady","updated-lady","https://eskyna.com/glossar/updated-lady/","published","Stil & Wirkung","","updated lady bedeutung; moderner ladylike stil; soft authority stil","Natalia Kleemann","2026-07-17","https://eskyna.com/images/glossar/updated-lady.png","Glossar-Illustration zu Updated Lady","Blazer (https://eskyna.com/glossar/blazer/); Bleistiftrock (https://eskyna.com/glossar/bleistiftrock/); Slingback (https://eskyna.com/glossar/slingback/); Brosche (https://eskyna.com/glossar/brooched/); Business Casual (https://eskyna.com/glossar/business-casual/)","https://eskyna.com/glossar/blazer/; https://eskyna.com/glossar/bleistiftrock/; https://eskyna.com/glossar/brooched/; https://eskyna.com/glossar/business-casual/; https://eskyna.com/glossar/jeans/; https://eskyna.com/glossar/slingback/","content/de/glossar/updated-lady.md"
"urban","Urban","urban","https://eskyna.com/glossar/urban/","published","Stil & Wirkung","","urban; was bedeutet urban; urban stilberatung","Natalia Kleemann","2026-07-09","https://eskyna.com/images/glossar/urban.png","Editoriale Glossar-Grafik zu Urban mit ruhigen Farbfeldern und feiner Linienführung","Signature Look (https://eskyna.com/glossar/signature-look/); Wirkung (https://eskyna.com/glossar/wirkung/); Personal Style (https://eskyna.com/glossar/personal-style/); Garderobenlogik (https://eskyna.com/glossar/garderobenlogik/)","https://eskyna.com/glossar/garderobenlogik/; https://eskyna.com/glossar/kategorie/stil-wirkung/; https://eskyna.com/glossar/personal-style/; https://eskyna.com/glossar/signature-look/; https://eskyna.com/glossar/wirkung/; https://eskyna.com/praesenz/","content/de/glossar/urban.md"
"utility-jacket","Utility Jacket","utility-jacket","https://eskyna.com/glossar/utility-jacket/","published","Garderobe & Alltag","","utility jacket; was bedeutet utility jacket; utility jacket stilberatung","Natalia Kleemann","2026-07-09","https://eskyna.com/images/glossar/utility-jacket.png","Editoriale Glossar-Grafik zu Utility Jacket mit ruhigen Farbfeldern und feiner Linienführung","Capsule Wardrobe (https://eskyna.com/glossar/capsule-wardrobe/); Garderobenlogik (https://eskyna.com/glossar/garderobenlogik/); Outfit-Formel (https://eskyna.com/glossar/outfit-formel/); Key-Piece (https://eskyna.com/glossar/key-piece/); Fehlkauf (https://eskyna.com/glossar/fehlkauf/)","https://eskyna.com/glossar/capsule-wardrobe/; https://eskyna.com/glossar/fehlkauf/; https://eskyna.com/glossar/garderobenlogik/; https://eskyna.com/glossar/kategorie/garderobe-alltag/; https://eskyna.com/glossar/key-piece/; https://eskyna.com/glossar/outfit-formel/; https://eskyna.com/stilgarderobe/","content/de/glossar/utility-jacket.md"
"v-ausschnitt","V-Ausschnitt","v-ausschnitt","https://eskyna.com/glossar/v-ausschnitt/","published","Materialien & Details","","v-ausschnitt; was ist ein v-ausschnitt; v-ausschnitt styling; v-ausschnitt kombinieren","Natalia Kleemann","2026-07-09","https://eskyna.com/images/glossar/v-ausschnitt.png","Editoriale Grafik zu V-Ausschnitt mit stilisierter Ausschnittlinie, Halsrahmung und ruhigen Farbfeldern","Bluse (https://eskyna.com/glossar/bluse/); Hemd (https://eskyna.com/glossar/hemd/); Choker (https://eskyna.com/glossar/choker/); Gesichtsrahmung (https://eskyna.com/glossar/gesichtsrahmung/); Proportion (https://eskyna.com/glossar/proportion/)","https://eskyna.com/glossar/kategorie/materialien-details/; https://eskyna.com/stilfrage/","content/de/glossar/v-ausschnitt.md"
"v-linie","V-Linie","v-linie","https://eskyna.com/glossar/v-linie/","published","Schnitt, Proportion & Passform","","v-linie; was bedeutet v-linie; v-linie stilberatung","Natalia Kleemann","2026-07-09","https://eskyna.com/images/glossar/v-linie.png","Editoriale Glossar-Grafik zu V-Linie mit ruhigen Farbfeldern und feiner Linienführung","Passform (https://eskyna.com/glossar/passform/); Silhouette (https://eskyna.com/glossar/silhouette/); Proportion (https://eskyna.com/glossar/proportion/); Saumlänge (https://eskyna.com/glossar/saumlange/); Taillierung (https://eskyna.com/glossar/taillierung/)","https://eskyna.com/glossar/kategorie/schnitt-proportion-passform/; https://eskyna.com/glossar/passform/; https://eskyna.com/glossar/proportion/; https://eskyna.com/glossar/saumlange/; https://eskyna.com/glossar/silhouette/; https://eskyna.com/glossar/taillierung/; https://eskyna.com/stilfrage/","content/de/glossar/v-linie.md"
"vamp-romantic","Vamp Romantic","vamp-romantic","https://eskyna.com/glossar/vamp-romantic/","published","Stil & Wirkung","","vamp romantic; dunkle romantik modetrend; vamp romantic styling","Natalia Kleemann","2026-07-17","https://eskyna.com/images/glossar/vamp-romantic.png","Glossar-Illustration zu Vamp Romantic","Spitze (https://eskyna.com/glossar/spitze/); Samt (https://eskyna.com/glossar/samt/); Satin (https://eskyna.com/glossar/satin/); Bordeaux (https://eskyna.com/glossar/bordeaux/); Abendmode (https://eskyna.com/glossar/abendgarderobe/)","https://eskyna.com/glossar/abendgarderobe/; https://eskyna.com/glossar/bordeaux/; https://eskyna.com/glossar/jeans/; https://eskyna.com/glossar/samt/; https://eskyna.com/glossar/satin/; https://eskyna.com/glossar/satinrock/; https://eskyna.com/glossar/slingback/; https://eskyna.com/glossar/spitze/; https://eskyna.com/glossar/stoffhose/","content/de/glossar/vamp-romantic.md"
"vanity-sizing","Vanity Sizing","vanity-sizing","https://eskyna.com/glossar/vanity-sizing/","published","Schnitt, Proportion & Passform","","vanity sizing; was ist vanity sizing; vanity sizing","Natalia Kleemann","2026-07-18","https://eskyna.com/images/glossar/vanity-sizing.png","Glossar-Illustration zu Vanity Sizing","","","content/de/glossar/vanity-sizing.md"
"veloursleder","Veloursleder","veloursleder","https://eskyna.com/glossar/veloursleder/","published","Materialien & Details","","veloursleder; was bedeutet veloursleder; veloursleder stilberatung","Natalia Kleemann","2026-07-09","https://eskyna.com/images/glossar/veloursleder.png","Editoriale Glossar-Grafik zu Veloursleder mit ruhigen Farbfeldern und feiner Linienführung","Materialfall (https://eskyna.com/glossar/materialfall/); Struktur (https://eskyna.com/glossar/struktur/); Glanzgrad (https://eskyna.com/glossar/glanzgrad/); Accessoire (https://eskyna.com/glossar/accessoire/)","https://eskyna.com/glossar/accessoire/; https://eskyna.com/glossar/glanzgrad/; https://eskyna.com/glossar/kategorie/materialien-details/; https://eskyna.com/glossar/materialfall/; https://eskyna.com/glossar/struktur/; https://eskyna.com/stilfrage/","content/de/glossar/veloursleder.md"
"verarbeitung","Verarbeitung","verarbeitung","https://eskyna.com/glossar/verarbeitung/","published","Garderobe & Alltag","","verarbeitung; was bedeutet verarbeitung; verarbeitung stilberatung","Natalia Kleemann","2026-07-09","https://eskyna.com/images/glossar/verarbeitung.png","Editoriale Glossar-Grafik zu Verarbeitung mit ruhigen Farbfeldern und feiner Linienführung","Capsule Wardrobe (https://eskyna.com/glossar/capsule-wardrobe/); Garderobenlogik (https://eskyna.com/glossar/garderobenlogik/); Outfit-Formel (https://eskyna.com/glossar/outfit-formel/); Key-Piece (https://eskyna.com/glossar/key-piece/); Fehlkauf (https://eskyna.com/glossar/fehlkauf/)","https://eskyna.com/glossar/capsule-wardrobe/; https://eskyna.com/glossar/fehlkauf/; https://eskyna.com/glossar/garderobenlogik/; https://eskyna.com/glossar/kategorie/garderobe-alltag/; https://eskyna.com/glossar/key-piece/; https://eskyna.com/glossar/outfit-formel/; https://eskyna.com/stilgarderobe/","content/de/glossar/verarbeitung.md"
"vertikale-linie","Vertikale Linie","vertikale-linie","https://eskyna.com/glossar/vertikale-linie/","published","Schnitt, Proportion & Passform","","vertikale linie; optische streckung; länger wirken styling","Natalia Kleemann","2026-07-09","https://eskyna.com/images/glossar/vertikale-linie.png","Glossar-Illustration zu Vertikale Linie","Blickführung (https://eskyna.com/glossar/blickfuehrung/); Längsstreckung (https://eskyna.com/glossar/laengsstreckung/); Horizontale Linie (https://eskyna.com/glossar/horizontale-linie/); Layering-Länge (https://eskyna.com/glossar/layering-laenge/); Saumlänge (https://eskyna.com/glossar/saumlange/)","https://eskyna.com/glossar/blickfuehrung/; https://eskyna.com/glossar/horizontale-linie/; https://eskyna.com/glossar/kategorie/schnitt-proportion-passform/; https://eskyna.com/glossar/laengsstreckung/; https://eskyna.com/glossar/layering-laenge/; https://eskyna.com/glossar/saumlange/; https://eskyna.com/stilfrage/","content/de/glossar/vertikale-linie.md"
"vichy-karo","Vichy-Karo","vichy-karo","https://eskyna.com/glossar/vichy-karo/","published","Materialien & Details","","vichy-karo; was bedeutet vichy-karo; vichy-karo stilberatung","Natalia Kleemann","2026-07-09","https://eskyna.com/images/glossar/vichy-karo.png","Editoriale Glossar-Grafik zu Vichy-Karo mit ruhigen Farbfeldern und feiner Linienführung","Materialfall (https://eskyna.com/glossar/materialfall/); Struktur (https://eskyna.com/glossar/struktur/); Glanzgrad (https://eskyna.com/glossar/glanzgrad/); Accessoire (https://eskyna.com/glossar/accessoire/)","https://eskyna.com/glossar/accessoire/; https://eskyna.com/glossar/glanzgrad/; https://eskyna.com/glossar/kategorie/materialien-details/; https://eskyna.com/glossar/materialfall/; https://eskyna.com/glossar/struktur/; https://eskyna.com/stilfrage/","content/de/glossar/vichy-karo.md"
"video-call-outfit","Video-Call-Outfit","video-call-outfit","https://eskyna.com/glossar/video-call-outfit/","published","Garderobe & Alltag","","video-call-outfit; zoom outfit; digitales meeting outfit","Natalia Kleemann","2026-07-09","https://eskyna.com/images/glossar/video-call-outfit.png","Glossar-Illustration zu Video-Call-Outfit","Meeting-Look (https://eskyna.com/glossar/meeting-look/); Kamera-Look (https://eskyna.com/glossar/kamera-look/); LinkedIn-Outfit (https://eskyna.com/glossar/linkedin-outfit/); Wirkung (https://eskyna.com/glossar/wirkung/); Präsenz (https://eskyna.com/glossar/praesenz/)","https://eskyna.com/glossar/kamera-look/; https://eskyna.com/glossar/kategorie/garderobe-alltag/; https://eskyna.com/glossar/linkedin-outfit/; https://eskyna.com/glossar/meeting-look/; https://eskyna.com/glossar/praesenz/; https://eskyna.com/glossar/wirkung/; https://eskyna.com/stilgarderobe/","content/de/glossar/video-call-outfit.md"
"vintage","Vintage","vintage","https://eskyna.com/glossar/vintage/","published","Stil & Wirkung","","vintage; was bedeutet vintage; vintage stilberatung","Natalia Kleemann","2026-07-09","https://eskyna.com/images/glossar/vintage.png","Editoriale Glossar-Grafik zu Vintage mit ruhigen Farbfeldern und feiner Linienführung","Signature Look (https://eskyna.com/glossar/signature-look/); Wirkung (https://eskyna.com/glossar/wirkung/); Personal Style (https://eskyna.com/glossar/personal-style/); Garderobenlogik (https://eskyna.com/glossar/garderobenlogik/)","https://eskyna.com/glossar/garderobenlogik/; https://eskyna.com/glossar/kategorie/stil-wirkung/; https://eskyna.com/glossar/personal-style/; https://eskyna.com/glossar/signature-look/; https://eskyna.com/glossar/wirkung/; https://eskyna.com/praesenz/","content/de/glossar/vintage.md"
"vintage-kauf","Vintage-Kauf","vintage-kauf","https://eskyna.com/glossar/vintage-kauf/","published","Garderobe & Alltag","","vintage-kauf; was bedeutet vintage-kauf; vintage-kauf stilberatung","Natalia Kleemann","2026-07-09","https://eskyna.com/images/glossar/vintage-kauf.png","Editoriale Glossar-Grafik zu Vintage-Kauf mit ruhigen Farbfeldern und feiner Linienführung","Capsule Wardrobe (https://eskyna.com/glossar/capsule-wardrobe/); Garderobenlogik (https://eskyna.com/glossar/garderobenlogik/); Outfit-Formel (https://eskyna.com/glossar/outfit-formel/); Key-Piece (https://eskyna.com/glossar/key-piece/); Fehlkauf (https://eskyna.com/glossar/fehlkauf/)","https://eskyna.com/glossar/capsule-wardrobe/; https://eskyna.com/glossar/fehlkauf/; https://eskyna.com/glossar/garderobenlogik/; https://eskyna.com/glossar/kategorie/garderobe-alltag/; https://eskyna.com/glossar/key-piece/; https://eskyna.com/glossar/outfit-formel/; https://eskyna.com/stilgarderobe/","content/de/glossar/vintage-kauf.md"
"violett","Violett","violett","https://eskyna.com/glossar/violett/","published","Farb-Lexikon","","violett kleidung; violett kombinieren; lila violett; farbberatung","Natalia Kleemann","2026-07-09","https://eskyna.com/images/glossar/violett.png","Editoriale Grafik zu Violett mit Farbfeldern, Materialflächen und ruhigen Kombinationsakzenten","Lila (https://eskyna.com/glossar/lila/); Flieder (https://eskyna.com/glossar/flieder/); Fuchsia (https://eskyna.com/glossar/fuchsia/); Bordeaux (https://eskyna.com/glossar/bordeaux/); Kontrast (https://eskyna.com/glossar/kontrast/)","https://eskyna.com/glossar/kategorie/farb-lexikon/; https://eskyna.com/stilgefuehl/","content/de/glossar/violett.md"
"viskose","Viskose","viskose","https://eskyna.com/glossar/viskose/","published","Materialien & Details","","viskose; was ist viskose; viskose kleidung; viskose stoff","Natalia Kleemann","2026-07-09","https://eskyna.com/images/glossar/viskose.png","Editoriale Grafik mit fließender Stoffbahn und weichen Linien für Viskose","Materialfall (https://eskyna.com/glossar/materialfall/); Seide (https://eskyna.com/glossar/seide/); Glanzgrad (https://eskyna.com/glossar/glanzgrad/); Passform (https://eskyna.com/glossar/passform/); Silhouette (https://eskyna.com/glossar/silhouette/); Slip Dress (https://eskyna.com/glossar/slip-dress/)","https://eskyna.com/glossar/kategorie/materialien-details/; https://eskyna.com/stilfrage/","content/de/glossar/viskose.md"
"volant","Volant","volant","https://eskyna.com/glossar/volant/","published","Materialien & Details","","volant; was bedeutet volant; volant stilberatung","Natalia Kleemann","2026-07-09","https://eskyna.com/images/glossar/volant.png","Editoriale Glossar-Grafik zu Volant mit ruhigen Farbfeldern und feiner Linienführung","Materialfall (https://eskyna.com/glossar/materialfall/); Struktur (https://eskyna.com/glossar/struktur/); Glanzgrad (https://eskyna.com/glossar/glanzgrad/); Accessoire (https://eskyna.com/glossar/accessoire/)","https://eskyna.com/glossar/accessoire/; https://eskyna.com/glossar/glanzgrad/; https://eskyna.com/glossar/kategorie/materialien-details/; https://eskyna.com/glossar/materialfall/; https://eskyna.com/glossar/struktur/; https://eskyna.com/stilfrage/","content/de/glossar/volant.md"
"volumen","Volumen","volumen","https://eskyna.com/glossar/volumen/","published","Schnitt, Proportion & Passform","","volumen; was bedeutet volumen; volumen stilberatung","Natalia Kleemann","2026-07-09","https://eskyna.com/images/glossar/volumen.png","Editoriale Glossar-Grafik zu Volumen mit ruhigen Farbfeldern und feiner Linienführung","Passform (https://eskyna.com/glossar/passform/); Silhouette (https://eskyna.com/glossar/silhouette/); Proportion (https://eskyna.com/glossar/proportion/); Saumlänge (https://eskyna.com/glossar/saumlange/); Taillierung (https://eskyna.com/glossar/taillierung/)","https://eskyna.com/glossar/kategorie/schnitt-proportion-passform/; https://eskyna.com/glossar/passform/; https://eskyna.com/glossar/proportion/; https://eskyna.com/glossar/saumlange/; https://eskyna.com/glossar/silhouette/; https://eskyna.com/glossar/taillierung/; https://eskyna.com/stilfrage/","content/de/glossar/volumen.md"
"volumenverteilung","Volumenverteilung","volumenverteilung","https://eskyna.com/glossar/volumenverteilung/","published","Stil & Wirkung","","volumenverteilung; was bedeutet volumenverteilung; volumenverteilung stilberatung","Natalia Kleemann","2026-07-09","https://eskyna.com/images/glossar/volumenverteilung.png","Editoriale Glossar-Grafik zu Volumenverteilung mit ruhigen Farbfeldern und feiner Linienführung","Signature Look (https://eskyna.com/glossar/signature-look/); Wirkung (https://eskyna.com/glossar/wirkung/); Stilberatung (https://eskyna.com/glossar/stilberatung/); Personal Style (https://eskyna.com/glossar/personal-style/); Garderobenlogik (https://eskyna.com/glossar/garderobenlogik/)","https://eskyna.com/glossar/garderobenlogik/; https://eskyna.com/glossar/kategorie/stil-wirkung/; https://eskyna.com/glossar/personal-style/; https://eskyna.com/glossar/signature-look/; https://eskyna.com/glossar/stilberatung/; https://eskyna.com/glossar/wirkung/; https://eskyna.com/praesenz/","content/de/glossar/volumenverteilung.md"
"waist-charms","Waist Charms","waist-charms","https://eskyna.com/glossar/waist-charms/","published","Stil & Wirkung","","waist charms; was sind waist charms; waist charms styling","Natalia Kleemann","2026-07-12","https://eskyna.com/images/glossar/waist-charms.png","Glossar-Illustration zu Waist Charms","Gürtel (https://eskyna.com/glossar/guertel/); Accessoire (https://eskyna.com/glossar/accessoire/); Jeans (https://eskyna.com/glossar/jeans/); Low Waist (https://eskyna.com/glossar/low-waist/); Taillengürtel (https://eskyna.com/glossar/taillenguertel/)","https://eskyna.com/glossar/accessoire/; https://eskyna.com/glossar/guertel/; https://eskyna.com/glossar/jeans/; https://eskyna.com/glossar/low-waist/; https://eskyna.com/glossar/taillenguertel/","content/de/glossar/waist-charms.md"
"wardrobe-audit","Wardrobe Audit","wardrobe-audit","https://eskyna.com/glossar/wardrobe-audit/","published","Garderobe & Alltag","","wardrobe audit; kleiderschrank analyse; kleiderschrank inventur","Natalia Kleemann","2026-07-09","https://eskyna.com/images/glossar/wardrobe-audit.png","Glossar-Illustration zu Wardrobe Audit","Kleiderschrank-Check (https://eskyna.com/glossar/kleiderschrank-check/); Kleiderschrank-Inventur (https://eskyna.com/glossar/kleiderschrank-inventur/); Garderobenlogik (https://eskyna.com/glossar/garderobenlogik/); Fehlkauf (https://eskyna.com/glossar/fehlkauf/); Kaufkriterien (https://eskyna.com/glossar/kaufkriterien/)","https://eskyna.com/glossar/fehlkauf/; https://eskyna.com/glossar/garderobenlogik/; https://eskyna.com/glossar/kategorie/garderobe-alltag/; https://eskyna.com/glossar/kaufkriterien/; https://eskyna.com/glossar/kleiderschrank-check/; https://eskyna.com/glossar/kleiderschrank-inventur/; https://eskyna.com/stilgarderobe/","content/de/glossar/wardrobe-audit.md"
"wardrobe-dressing","Wardrobe Dressing","wardrobe-dressing","https://eskyna.com/glossar/wardrobe-dressing/","published","Garderobenstrategie","","wardrobe dressing bedeutung; tragbare garderobe; besser kombinieren statt mehr kaufen","Natalia Kleemann","2026-07-17","https://eskyna.com/images/glossar/wardrobe-dressing.png","Glossar-Illustration zu Wardrobe Dressing","Capsule Wardrobe (https://eskyna.com/glossar/capsule-wardrobe/); Wardrobe Audit (https://eskyna.com/glossar/wardrobe-audit/); Cost per Wear (https://eskyna.com/glossar/cost-per-wear/); Basics (https://eskyna.com/glossar/basic/); Garderobenplanung (https://eskyna.com/glossar/garderobenplanung/)","https://eskyna.com/glossar/basic/; https://eskyna.com/glossar/capsule-wardrobe/; https://eskyna.com/glossar/cost-per-wear/; https://eskyna.com/glossar/garderobenplanung/; https://eskyna.com/glossar/wardrobe-audit/","content/de/glossar/wardrobe-dressing.md"
"waschsymbole","Waschsymbole","waschsymbole","https://eskyna.com/glossar/waschsymbole/","published","Materialien & Details","","waschsymbole; waschzeichen kleidung; pflegezeichen","Natalia Kleemann","2026-07-09","https://eskyna.com/images/glossar/waschsymbole.png","Glossar-Illustration zu Waschsymbole","Pflegeetikett (https://eskyna.com/glossar/pflegeetikett/); Handwäsche (https://eskyna.com/glossar/handwaesche/); Chemische Reinigung (https://eskyna.com/glossar/chemische-reinigung/); Bügeln (https://eskyna.com/glossar/buegeln/); Langlebigkeit (https://eskyna.com/glossar/langlebigkeit/)","https://eskyna.com/glossar/buegeln/; https://eskyna.com/glossar/chemische-reinigung/; https://eskyna.com/glossar/handwaesche/; https://eskyna.com/glossar/kategorie/materialien-details/; https://eskyna.com/glossar/langlebigkeit/; https://eskyna.com/glossar/pflegeetikett/; https://eskyna.com/stilfrage/","content/de/glossar/waschsymbole.md"
"wasserfallausschnitt","Wasserfallausschnitt","wasserfallausschnitt","https://eskyna.com/glossar/wasserfallausschnitt/","published","Materialien & Details","","wasserfallausschnitt; was bedeutet wasserfallausschnitt; wasserfallausschnitt stilberatung","Natalia Kleemann","2026-07-09","https://eskyna.com/images/glossar/wasserfallausschnitt.png","Editoriale Glossar-Grafik zu Wasserfallausschnitt mit ruhigen Farbfeldern und feiner Linienführung","Materialfall (https://eskyna.com/glossar/materialfall/); Struktur (https://eskyna.com/glossar/struktur/); Glanzgrad (https://eskyna.com/glossar/glanzgrad/); Accessoire (https://eskyna.com/glossar/accessoire/)","https://eskyna.com/glossar/accessoire/; https://eskyna.com/glossar/glanzgrad/; https://eskyna.com/glossar/kategorie/materialien-details/; https://eskyna.com/glossar/materialfall/; https://eskyna.com/glossar/struktur/; https://eskyna.com/stilfrage/","content/de/glossar/wasserfallausschnitt.md"
"webkante","Webkante","webkante","https://eskyna.com/glossar/webkante/","published","Schnitt, Proportion & Passform","","webkante; was ist webkante; webkante","Natalia Kleemann","2026-07-18","https://eskyna.com/images/glossar/webkante.png","Glossar-Illustration zu Webkante","","","content/de/glossar/webkante.md"
"webstoff","Webstoff","webstoff","https://eskyna.com/glossar/webstoff/","published","Materialien & Details","","webstoff; was bedeutet webstoff; webstoff stilberatung","Natalia Kleemann","2026-07-09","https://eskyna.com/images/glossar/webstoff.png","Editoriale Glossar-Grafik zu Webstoff mit ruhigen Farbfeldern und feiner Linienführung","Materialfall (https://eskyna.com/glossar/materialfall/); Struktur (https://eskyna.com/glossar/struktur/); Glanzgrad (https://eskyna.com/glossar/glanzgrad/); Accessoire (https://eskyna.com/glossar/accessoire/)","https://eskyna.com/glossar/accessoire/; https://eskyna.com/glossar/glanzgrad/; https://eskyna.com/glossar/kategorie/materialien-details/; https://eskyna.com/glossar/materialfall/; https://eskyna.com/glossar/struktur/; https://eskyna.com/stilfrage/","content/de/glossar/webstoff.md"
"weiss","Weiß","weiss","https://eskyna.com/glossar/weiss/","published","Farb-Lexikon","","weiß kleidung; weiß kombinieren; off white; farbberatung","Natalia Kleemann","2026-07-09","https://eskyna.com/images/glossar/weiss.png","Editoriale Grafik mit hellen Weißnuancen, Stofflagen und feinen Schatten","Schwarz (https://eskyna.com/glossar/schwarz/); Beige (https://eskyna.com/glossar/beige/); Unterton (https://eskyna.com/glossar/unterton/); Kontrast (https://eskyna.com/glossar/kontrast/); Farbtyp (https://eskyna.com/glossar/farbtyp/); Creme (https://eskyna.com/glossar/creme/); Grau (https://eskyna.com/glossar/grau/); Neutrale Farben (https://eskyna.com/glossar/neutrale-farben/); Off-White (https://eskyna.com/glossar/off-white/); Silber (https://eskyna.com/glossar/silber/)","","content/de/glossar/weiss.md"
"weste","Weste","weste","https://eskyna.com/glossar/weste/","published","Garderobe & Alltag","","weste; was ist eine weste; weste kombinieren","Natalia Kleemann","2026-07-09","https://eskyna.com/images/glossar/weste.png","Editoriale Grafik mit stilisierter Weste, Knopfleiste und klarer vertikaler Linie","Layering (https://eskyna.com/glossar/layering/); Blazer (https://eskyna.com/glossar/blazer/); Business Casual (https://eskyna.com/glossar/business-casual/); Silhouette (https://eskyna.com/glossar/silhouette/); Taillierung (https://eskyna.com/glossar/taillierung/)","https://eskyna.com/glossar/kategorie/garderobe-alltag/; https://eskyna.com/stilgarderobe/","content/de/glossar/weste.md"
"western-boots","Western Boots","western-boots","https://eskyna.com/glossar/western-boots/","published","Schuhe","","western boots; cowboy boots; western stiefel","Natalia Kleemann","2026-07-09","https://eskyna.com/images/glossar/western-boots.png","Editoriale ESKYNA Grafik zum Glossarbegriff Western Boots mit ruhigen Formen und feinen Farbfeldern","Statement-Piece (https://eskyna.com/glossar/statement-piece/); Stilbruch (https://eskyna.com/glossar/stilbruch/); Jeans (https://eskyna.com/glossar/jeans/); Kleid (https://eskyna.com/glossar/kleid/)","https://eskyna.com/glossar/kategorie/schuhe/; https://eskyna.com/stilfrage/","content/de/glossar/western-boots.md"
"white-canvas-sneaker","White Canvas Sneaker","white-canvas-sneaker","https://eskyna.com/glossar/white-canvas-sneaker/","published","Schuhe","","white canvas sneaker; weisser canvas sneaker; stoff sneaker weiss","Natalia Kleemann","2026-07-09","https://eskyna.com/images/glossar/white-canvas-sneaker.png","Glossar-Illustration zu White Canvas Sneaker","Sneaker (https://eskyna.com/glossar/sneaker/); Weiss (https://eskyna.com/glossar/weiss/); Baumwolle (https://eskyna.com/glossar/baumwolle/); Casual (https://eskyna.com/glossar/casual/); Wochenendlook (https://eskyna.com/glossar/wochenendlook/)","https://eskyna.com/glossar/baumwolle/; https://eskyna.com/glossar/casual/; https://eskyna.com/glossar/kategorie/schuhe/; https://eskyna.com/glossar/sneaker/; https://eskyna.com/glossar/weiss/; https://eskyna.com/glossar/wochenendlook/; https://eskyna.com/stilfrage/","content/de/glossar/white-canvas-sneaker.md"
"white-tie","White Tie","white-tie","https://eskyna.com/glossar/white-tie/","published","Garderobe & Alltag","","white tie; was bedeutet white tie; white tie stilberatung","Natalia Kleemann","2026-07-09","https://eskyna.com/images/glossar/white-tie.png","Editoriale Glossar-Grafik zu White Tie mit ruhigen Farbfeldern und feiner Linienführung","Capsule Wardrobe (https://eskyna.com/glossar/capsule-wardrobe/); Garderobenlogik (https://eskyna.com/glossar/garderobenlogik/); Outfit-Formel (https://eskyna.com/glossar/outfit-formel/); Key-Piece (https://eskyna.com/glossar/key-piece/); Fehlkauf (https://eskyna.com/glossar/fehlkauf/)","https://eskyna.com/glossar/capsule-wardrobe/; https://eskyna.com/glossar/fehlkauf/; https://eskyna.com/glossar/garderobenlogik/; https://eskyna.com/glossar/kategorie/garderobe-alltag/; https://eskyna.com/glossar/key-piece/; https://eskyna.com/glossar/outfit-formel/; https://eskyna.com/stilgarderobe/","content/de/glossar/white-tie.md"
"wickelkleid","Wickelkleid","wickelkleid","https://eskyna.com/glossar/wickelkleid/","published","Garderobe & Alltag","","wickelkleid; was ist ein wickelkleid; wickelkleid kombinieren","Natalia Kleemann","2026-07-09","https://eskyna.com/images/glossar/wickelkleid.png","Editoriale Grafik mit stilisiertem Wickelkleid, überkreuzter Linie und gebundener Taille","Taillierung (https://eskyna.com/glossar/taillierung/); V-Linie (https://eskyna.com/glossar/silhouette/); Silhouette (https://eskyna.com/glossar/silhouette/); Saumlänge (https://eskyna.com/glossar/saumlange/); Camisole (https://eskyna.com/glossar/camisole/)","https://eskyna.com/glossar/kategorie/garderobe-alltag/; https://eskyna.com/stilgarderobe/","content/de/glossar/wickelkleid.md"
"wickeloberteil","Wickeloberteil","wickeloberteil","https://eskyna.com/glossar/wickeloberteil/","published","Materialien & Details","","wickeloberteil; was bedeutet wickeloberteil; wickeloberteil stilberatung","Natalia Kleemann","2026-07-09","https://eskyna.com/images/glossar/wickeloberteil.png","Editoriale Glossar-Grafik zu Wickeloberteil mit ruhigen Farbfeldern und feiner Linienführung","Materialfall (https://eskyna.com/glossar/materialfall/); Struktur (https://eskyna.com/glossar/struktur/); Glanzgrad (https://eskyna.com/glossar/glanzgrad/); Accessoire (https://eskyna.com/glossar/accessoire/)","https://eskyna.com/glossar/accessoire/; https://eskyna.com/glossar/glanzgrad/; https://eskyna.com/glossar/kategorie/materialien-details/; https://eskyna.com/glossar/materialfall/; https://eskyna.com/glossar/struktur/; https://eskyna.com/stilfrage/","content/de/glossar/wickeloberteil.md"
"wickelrock","Wickelrock","wickelrock","https://eskyna.com/glossar/wickelrock/","published","Garderobe & Alltag","","wickelrock; was bedeutet wickelrock; wickelrock stilberatung","Natalia Kleemann","2026-07-09","https://eskyna.com/images/glossar/wickelrock.png","Editoriale Glossar-Grafik zu Wickelrock mit ruhigen Farbfeldern und feiner Linienführung","Capsule Wardrobe (https://eskyna.com/glossar/capsule-wardrobe/); Garderobenlogik (https://eskyna.com/glossar/garderobenlogik/); Outfit-Formel (https://eskyna.com/glossar/outfit-formel/); Key-Piece (https://eskyna.com/glossar/key-piece/); Fehlkauf (https://eskyna.com/glossar/fehlkauf/)","https://eskyna.com/glossar/capsule-wardrobe/; https://eskyna.com/glossar/fehlkauf/; https://eskyna.com/glossar/garderobenlogik/; https://eskyna.com/glossar/kategorie/garderobe-alltag/; https://eskyna.com/glossar/key-piece/; https://eskyna.com/glossar/outfit-formel/; https://eskyna.com/stilgarderobe/","content/de/glossar/wickelrock.md"
"wide-leg","Wide Leg","wide-leg","https://eskyna.com/glossar/wide-leg/","published","Schnitt, Proportion & Passform","","wide leg; was bedeutet wide leg; wide leg hose; weite hose","Natalia Kleemann","2026-07-09","https://eskyna.com/images/glossar/wide-leg.png","Editoriale Grafik mit weit fallender Hose, fließenden Linien und ruhigen Farbfeldern","Marlenehose (https://eskyna.com/glossar/marlenehose/); Culotte (https://eskyna.com/glossar/culotte/); Proportion (https://eskyna.com/glossar/proportion/); Silhouette (https://eskyna.com/glossar/silhouette/); Straight Leg (https://eskyna.com/glossar/straight-leg/)","https://eskyna.com/glossar/kategorie/schnitt-proportion-passform/; https://eskyna.com/stilfrage/","content/de/glossar/wide-leg.md"
"wintertyp","Wintertyp","wintertyp","https://eskyna.com/glossar/wintertyp/","published","Farbberatung & Farbe","","wintertyp; cool winter; clear winter; deep winter; winter farbtyp","Natalia Kleemann","2026-07-09","https://eskyna.com/images/glossar/wintertyp.png","Glossar-Illustration zu Wintertyp","Farbtyp (https://eskyna.com/glossar/farbtyp/); Kontrast (https://eskyna.com/glossar/kontrast/); Klare Farben (https://eskyna.com/glossar/klare-farben/); Farbtemperatur (https://eskyna.com/glossar/farbtemperatur/); Farbpass (https://eskyna.com/glossar/farbpass/)","https://eskyna.com/glossar/farbpass/; https://eskyna.com/glossar/farbtemperatur/; https://eskyna.com/glossar/farbtyp/; https://eskyna.com/glossar/kategorie/farbberatung-farbe/; https://eskyna.com/glossar/klare-farben/; https://eskyna.com/glossar/kontrast/; https://eskyna.com/stilgefuehl/","content/de/glossar/wintertyp.md"
"wirkung","Wirkung","wirkung","https://eskyna.com/glossar/wirkung/","published","Stil & Wirkung","","wirkung; was bedeutet wirkung; wirkung stilberatung","Natalia Kleemann","2026-07-09","https://eskyna.com/images/glossar/wirkung.png","Editoriale Glossar-Grafik zu Wirkung mit ruhigen Farbfeldern und feiner Linienführung","Signature Look (https://eskyna.com/glossar/signature-look/); Personal Style (https://eskyna.com/glossar/personal-style/); Garderobenlogik (https://eskyna.com/glossar/garderobenlogik/)","https://eskyna.com/glossar/garderobenlogik/; https://eskyna.com/glossar/kategorie/stil-wirkung/; https://eskyna.com/glossar/personal-style/; https://eskyna.com/glossar/signature-look/; https://eskyna.com/praesenz/","content/de/glossar/wirkung.md"
"wirkungskompetenz","Wirkungskompetenz","wirkungskompetenz","https://eskyna.com/glossar/wirkungskompetenz/","published","Stil & Wirkung","","wirkungskompetenz; aussere wirkung; wirkung bewusst steuern","Natalia Kleemann","2026-07-09","https://eskyna.com/images/glossar/wirkungskompetenz.png","Glossar-Illustration zu Wirkungskompetenz","Wirkung (https://eskyna.com/glossar/wirkung/); Wirkungsprofil (https://eskyna.com/glossar/wirkungsprofil/); Imageberatung (https://eskyna.com/glossar/imageberatung/); Stilanalyse (https://eskyna.com/glossar/stilanalyse/); Auftreten (https://eskyna.com/glossar/auftreten/)","https://eskyna.com/glossar/auftreten/; https://eskyna.com/glossar/imageberatung/; https://eskyna.com/glossar/kategorie/stil-wirkung/; https://eskyna.com/glossar/stilanalyse/; https://eskyna.com/glossar/wirkung/; https://eskyna.com/glossar/wirkungsprofil/; https://eskyna.com/praesenz/","content/de/glossar/wirkungskompetenz.md"
"wirkungsprofil","Wirkungsprofil","wirkungsprofil","https://eskyna.com/glossar/wirkungsprofil/","published","Stil & Wirkung","","wirkungsprofil; was bedeutet wirkungsprofil; wirkungsprofil stilberatung","Natalia Kleemann","2026-07-09","https://eskyna.com/images/glossar/wirkungsprofil.png","Editoriale Glossar-Grafik zu Wirkungsprofil mit ruhigen Farbfeldern und feiner Linienführung","Signature Look (https://eskyna.com/glossar/signature-look/); Wirkung (https://eskyna.com/glossar/wirkung/); Stilberatung (https://eskyna.com/glossar/stilberatung/); Personal Style (https://eskyna.com/glossar/personal-style/); Garderobenlogik (https://eskyna.com/glossar/garderobenlogik/)","https://eskyna.com/glossar/garderobenlogik/; https://eskyna.com/glossar/kategorie/stil-wirkung/; https://eskyna.com/glossar/personal-style/; https://eskyna.com/glossar/signature-look/; https://eskyna.com/glossar/stilberatung/; https://eskyna.com/glossar/wirkung/; https://eskyna.com/praesenz/","content/de/glossar/wirkungsprofil.md"
"wochenendlook","Wochenendlook","wochenendlook","https://eskyna.com/glossar/wochenendlook/","published","Garderobe & Alltag","","wochenendlook; was bedeutet wochenendlook; wochenendlook stilberatung","Natalia Kleemann","2026-07-09","https://eskyna.com/images/glossar/wochenendlook.png","Editoriale Glossar-Grafik zu Wochenendlook mit ruhigen Farbfeldern und feiner Linienführung","Capsule Wardrobe (https://eskyna.com/glossar/capsule-wardrobe/); Garderobenlogik (https://eskyna.com/glossar/garderobenlogik/); Outfit-Formel (https://eskyna.com/glossar/outfit-formel/); Key-Piece (https://eskyna.com/glossar/key-piece/); Fehlkauf (https://eskyna.com/glossar/fehlkauf/)","https://eskyna.com/glossar/capsule-wardrobe/; https://eskyna.com/glossar/fehlkauf/; https://eskyna.com/glossar/garderobenlogik/; https://eskyna.com/glossar/kategorie/garderobe-alltag/; https://eskyna.com/glossar/key-piece/; https://eskyna.com/glossar/outfit-formel/; https://eskyna.com/stilgarderobe/","content/de/glossar/wochenendlook.md"
"wolle","Wolle","wolle","https://eskyna.com/glossar/wolle/","published","Materialien & Details","","wolle; was bedeutet wolle; wolle stilberatung","Natalia Kleemann","2026-07-09","https://eskyna.com/images/glossar/wolle.png","Editoriale Glossar-Grafik zu Wolle mit ruhigen Farbfeldern und feiner Linienführung","Materialfall (https://eskyna.com/glossar/materialfall/); Struktur (https://eskyna.com/glossar/struktur/); Glanzgrad (https://eskyna.com/glossar/glanzgrad/); Accessoire (https://eskyna.com/glossar/accessoire/)","https://eskyna.com/glossar/accessoire/; https://eskyna.com/glossar/glanzgrad/; https://eskyna.com/glossar/kategorie/materialien-details/; https://eskyna.com/glossar/materialfall/; https://eskyna.com/glossar/struktur/; https://eskyna.com/stilfrage/","content/de/glossar/wolle.md"
"wollmantel","Wollmantel","wollmantel","https://eskyna.com/glossar/wollmantel/","published","Garderobe & Alltag","","wollmantel; was bedeutet wollmantel; wollmantel stilberatung","Natalia Kleemann","2026-07-09","https://eskyna.com/images/glossar/wollmantel.png","Editoriale Glossar-Grafik zu Wollmantel mit ruhigen Farbfeldern und feiner Linienführung","Capsule Wardrobe (https://eskyna.com/glossar/capsule-wardrobe/); Garderobenlogik (https://eskyna.com/glossar/garderobenlogik/); Outfit-Formel (https://eskyna.com/glossar/outfit-formel/); Key-Piece (https://eskyna.com/glossar/key-piece/); Fehlkauf (https://eskyna.com/glossar/fehlkauf/)","https://eskyna.com/glossar/capsule-wardrobe/; https://eskyna.com/glossar/fehlkauf/; https://eskyna.com/glossar/garderobenlogik/; https://eskyna.com/glossar/kategorie/garderobe-alltag/; https://eskyna.com/glossar/key-piece/; https://eskyna.com/glossar/outfit-formel/; https://eskyna.com/stilgarderobe/","content/de/glossar/wollmantel.md"
"wunschliste","Wunschliste","wunschliste","https://eskyna.com/glossar/wunschliste/","published","Garderobe & Alltag","","wunschliste; was bedeutet wunschliste; wunschliste stilberatung","Natalia Kleemann","2026-07-09","https://eskyna.com/images/glossar/wunschliste.png","Editoriale Glossar-Grafik zu Wunschliste mit ruhigen Farbfeldern und feiner Linienführung","Capsule Wardrobe (https://eskyna.com/glossar/capsule-wardrobe/); Garderobenlogik (https://eskyna.com/glossar/garderobenlogik/); Outfit-Formel (https://eskyna.com/glossar/outfit-formel/); Key-Piece (https://eskyna.com/glossar/key-piece/); Fehlkauf (https://eskyna.com/glossar/fehlkauf/)","https://eskyna.com/glossar/capsule-wardrobe/; https://eskyna.com/glossar/fehlkauf/; https://eskyna.com/glossar/garderobenlogik/; https://eskyna.com/glossar/kategorie/garderobe-alltag/; https://eskyna.com/glossar/key-piece/; https://eskyna.com/glossar/outfit-formel/; https://eskyna.com/stilgarderobe/","content/de/glossar/wunschliste.md"
"x-linie","X-Linie","x-linie","https://eskyna.com/glossar/x-linie/","published","Schnitt, Proportion & Passform","","x-linie; was bedeutet x-linie; x-linie stilberatung","Natalia Kleemann","2026-07-09","https://eskyna.com/images/glossar/x-linie.png","Editoriale Glossar-Grafik zu X-Linie mit ruhigen Farbfeldern und feiner Linienführung","Passform (https://eskyna.com/glossar/passform/); Silhouette (https://eskyna.com/glossar/silhouette/); Proportion (https://eskyna.com/glossar/proportion/); Saumlänge (https://eskyna.com/glossar/saumlange/); Taillierung (https://eskyna.com/glossar/taillierung/)","https://eskyna.com/glossar/kategorie/schnitt-proportion-passform/; https://eskyna.com/glossar/passform/; https://eskyna.com/glossar/proportion/; https://eskyna.com/glossar/saumlange/; https://eskyna.com/glossar/silhouette/; https://eskyna.com/glossar/taillierung/; https://eskyna.com/stilfrage/","content/de/glossar/x-linie.md"
"y2k-style","Y2K Style","y2k-style","https://eskyna.com/glossar/y2k-style/","published","Stil & Wirkung","","y2k style; was ist y2k style; y2k style","Natalia Kleemann","2026-07-18","https://eskyna.com/images/glossar/y2k-style.png","Glossar-Illustration zu Y2K Style","","","content/de/glossar/y2k-style.md"
"your-signature","Your Signature","your-signature","https://eskyna.com/glossar/your-signature/","published","Stil & Wirkung","","your signature; was bedeutet your signature; your signature stilberatung","Natalia Kleemann","2026-07-09","https://eskyna.com/images/glossar/your-signature.png","Editoriale Glossar-Grafik zu Your Signature mit ruhigen Farbfeldern und feiner Linienführung","Signature Look (https://eskyna.com/glossar/signature-look/); Wirkung (https://eskyna.com/glossar/wirkung/); Stilberatung (https://eskyna.com/glossar/stilberatung/); Personal Style (https://eskyna.com/glossar/personal-style/); Garderobenlogik (https://eskyna.com/glossar/garderobenlogik/)","https://eskyna.com/glossar/garderobenlogik/; https://eskyna.com/glossar/kategorie/stil-wirkung/; https://eskyna.com/glossar/personal-style/; https://eskyna.com/glossar/signature-look/; https://eskyna.com/glossar/stilberatung/; https://eskyna.com/glossar/wirkung/; https://eskyna.com/praesenz/","content/de/glossar/your-signature.md"
"zehenbox","Zehenbox","zehenbox","https://eskyna.com/glossar/zehenbox/","published","Schuhe","","zehenbox; was ist zehenbox; zehenbox","Natalia Kleemann","2026-07-18","https://eskyna.com/images/glossar/zehenbox.png","Glossar-Illustration zu Zehenbox","","","content/de/glossar/zehenbox.md"
"zehenkappe","Zehenkappe","zehenkappe","https://eskyna.com/glossar/zehenkappe/","published","Garderobe & Alltag","","zehenkappe; was bedeutet zehenkappe; zehenkappe stilberatung","Natalia Kleemann","2026-07-09","https://eskyna.com/images/glossar/zehenkappe.png","Editoriale Glossar-Grafik zu Zehenkappe mit ruhigen Farbfeldern und feiner Linienführung","Capsule Wardrobe (https://eskyna.com/glossar/capsule-wardrobe/); Garderobenlogik (https://eskyna.com/glossar/garderobenlogik/); Outfit-Formel (https://eskyna.com/glossar/outfit-formel/); Key-Piece (https://eskyna.com/glossar/key-piece/); Fehlkauf (https://eskyna.com/glossar/fehlkauf/)","https://eskyna.com/glossar/capsule-wardrobe/; https://eskyna.com/glossar/fehlkauf/; https://eskyna.com/glossar/garderobenlogik/; https://eskyna.com/glossar/kategorie/garderobe-alltag/; https://eskyna.com/glossar/key-piece/; https://eskyna.com/glossar/outfit-formel/; https://eskyna.com/stilgarderobe/","content/de/glossar/zehenkappe.md"
"zugfalten","Zugfalten","zugfalten","https://eskyna.com/glossar/zugfalten/","published","Schnitt, Proportion & Passform","","zugfalten; was sind zugfalten; zugfalten","Natalia Kleemann","2026-07-18","https://eskyna.com/images/glossar/zugfalten.png","Glossar-Illustration zu Zugfalten","","","content/de/glossar/zugfalten.md"
"zwickel","Zwickel","zwickel","https://eskyna.com/glossar/zwickel/","published","Schnitt, Proportion & Passform","","zwickel; was ist zwickel; zwickel","Natalia Kleemann","2026-07-18","https://eskyna.com/images/glossar/zwickel.png","Glossar-Illustration zu Zwickel","","","content/de/glossar/zwickel.md"
